customer_id,customer_name,email,country,signup_date,customer_segment,lifetime_value
1,Sophia Johnson,,Canada,2023-01-31,Premium,1175.48
2,Elijah Miller,,Singapore,2026-02-11,Premium,417.31
3,Leo Williams,,Australia,2021-01-18,Premium,1049.46
4,Isla Johnson,,United States,2022-03-25,Premium,3436.89
5,Maya Singh,,Australia,2025-01-13,Premium,2828.48
6,James Thomas,,Canada,2024-09-27,Premium,1633.20
7,Isabella Martin,,Ireland,2023-10-10,Premium,490.61
8,Charlotte Miller,,United Kingdom,2023-11-09,Premium,2897.88
9,Liam Rossi,,United States,2021-05-26,Premium,4670.96
10,Charlotte Garcia,,United States,2023-04-15,Premium,3981.14
11,Samuel Nguyen,,India,2022-02-26,Premium,3381.94
12,Liam Lee,,Ireland,2023-03-31,Premium,4729.06
13,Ethan Miller,,United Kingdom,2023-02-12,Premium,2176.37
14,Mateo Thomas,,United Kingdom,2023-12-26,Premium,1005.63
15,Zara Jones,,India,2021-12-01,Premium,2563.87
16,Harper Thomas,,United States,2024-04-03,Premium,1295.75
17,Arjun Lee,,Singapore,2023-08-21,Premium,4045.69
18,Emma Lee,,Australia,2023-07-16,Premium,1925.59
19,Noah Martin,,India,2023-07-12,Premium,1020.61
20,Oscar Chen,,Singapore,2025-02-22,Premium,685.78
21,Elijah Harris,,Canada,2026-04-18,Premium,2587.09
22,Hugo Kowalski,,India,2024-06-23,Premium,1737.58
23,Elijah Khan,,United States,2021-01-07,Premium,3627.75
24,Sophia Anderson,,Singapore,2021-10-17,Premium,3801.98
25,Leo Jones,,United Kingdom,2024-04-12,Premium,2860.26
26,Henry Nakamura,,New Zealand,2026-03-16,Premium,4131.74
27,James Davis,,Singapore,2026-01-08,Premium,3604.21
28,Chen Davis,,New Zealand,2024-11-15,Premium,759.16
29,James Clark,,United States,2022-01-01,Premium,2436.87
30,Oliver Walker,,Singapore,2025-09-10,Premium,2923.06
31,Isabella Nguyen,,Ireland,2021-10-23,Premium,2589.02
32,Kai Smith,,India,2023-08-20,Premium,2345.31
33,Sophia Nguyen,,Ireland,2023-06-13,Premium,1149.37
34,Harper Costa,,Australia,2020-12-16,Premium,3513.16
35,Noah Andersen,,Ireland,2021-05-30,Premium,616.28
36,Ruby Dubois,,Australia,2022-12-21,Premium,2532.83
37,Eva Kowalski,,Australia,2026-01-17,Premium,3625.27
38,Mason Walker,,United Kingdom,2024-03-09,Premium,2102.88
39,Kai Silva,,Australia,2022-10-12,Premium,1078.55
40,Chen Johnson,,India,2026-03-18,Premium,1104.55
41,Ethan Smith,,Australia,2020-08-29,Premium,1098.92
42,Liam Allen,,Australia,2025-10-06,Premium,1142.42
43,Oscar Martin,,United States,2021-06-25,Premium,3472.09
44,Nina Costa,,United States,2022-09-22,Premium,3766.17
45,Grace Moore,,Australia,2021-02-01,Premium,3163.12
46,Sofia Kowalski,,United Kingdom,2025-03-27,Premium,4146.42
47,Emma Miller,,Australia,2024-07-07,Premium,3495.43
48,Oliver Harris,,Australia,2022-02-18,Premium,2574.17
49,Elijah Kowalski,,Australia,2023-02-14,Premium,2220.61
50,Noah Silva,,Ireland,2026-03-04,Premium,469.96
51,Maya Smith,maya.smith51@shopmail.com,Australia,2022-08-26,Premium,798.29
52,Oscar Murphy,oscar.murphy52@shopmail.com,Australia,2024-06-30,Premium,4331.73
53,Lucas Kim,lucas.kim53@shopmail.com,Australia,2024-05-18,Premium,1272.97
54,Henry Young,henry.young54@shopmail.com,United Kingdom,2026-03-26,Premium,3176.98
55,Oscar Anderson,oscar.anderson55@shopmail.com,Australia,2023-04-30,Premium,1044.96
56,Emma Andersen,emma.andersen56@shopmail.com,Australia,2023-07-08,Premium,274.39
57,Hugo Murphy,hugo.murphy57@shopmail.com,United States,2025-12-15,Premium,755.68
58,Isla Garcia,isla.garcia58@shopmail.com,Australia,2020-10-07,Premium,2856.17
59,Harper Chen,harper.chen59@shopmail.com,Australia,2026-05-22,Premium,1181.83
60,Eva Williams,eva.williams60@shopmail.com,India,2020-12-01,Premium,2012.28
61,Hugo Costa,hugo.costa61@shopmail.com,United States,2023-07-19,Premium,4486.59
62,Amelia Hall,amelia.hall62@shopmail.com,Australia,2022-12-23,Premium,1899.77
63,Yuki Rossi,yuki.rossi63@shopmail.com,United Kingdom,2020-10-24,Premium,44.71
64,Samuel Costa,samuel.costa64@shopmail.com,Australia,2020-10-27,Premium,2580.65
65,Isla Clark,isla.clark65@shopmail.com,Australia,2023-11-30,Premium,4228.15
66,Harper Nguyen,harper.nguyen66@shopmail.com,New Zealand,2021-10-08,Premium,2103.29
67,Maya Walker,maya.walker67@shopmail.com,India,2025-12-06,Premium,37.55
68,Arjun Walker,arjun.walker68@shopmail.com,Singapore,2021-02-28,Premium,4506.86
69,Elijah Clark,elijah.clark69@shopmail.com,Australia,2021-03-14,Premium,3563.60
70,Isabella Lewis,isabella.lewis70@shopmail.com,New Zealand,2022-05-12,Premium,3444.54
71,Amelia Clark,amelia.clark71@shopmail.com,United States,2025-06-24,Premium,1205.38
72,Emma Garcia,emma.garcia72@shopmail.com,Singapore,2024-09-30,Premium,3980.87
73,Liam Smith,liam.smith73@shopmail.com,United Kingdom,2021-06-19,Premium,3058.14
74,Aarav Thomas,aarav.thomas74@shopmail.com,Canada,2024-12-14,Premium,2648.07
75,Leo Dubois,leo.dubois75@shopmail.com,Australia,2021-04-03,Premium,361.17
76,Isabella Andersen,isabella.andersen76@shopmail.com,Australia,2024-02-21,Premium,2796.05
77,Isabella Kowalski,isabella.kowalski77@shopmail.com,Australia,2020-06-20,Premium,1479.64
78,Liam Patel,liam.patel78@shopmail.com,Australia,2022-10-19,Premium,3201.28
79,Sofia Dubois,sofia.dubois79@shopmail.com,United Kingdom,2021-09-25,Premium,4443.67
80,Harper Thomas,harper.thomas80@shopmail.com,Ireland,2021-12-26,Premium,4230.80
81,Olivia Taylor,olivia.taylor81@shopmail.com,Canada,2023-09-22,Premium,3755.46
82,Grace Harris,grace.harris82@shopmail.com,New Zealand,2021-10-14,Premium,3779.40
83,Oliver Kim,oliver.kim83@shopmail.com,Australia,2025-04-11,Premium,1067.68
84,Henry Patel,henry.patel84@shopmail.com,New Zealand,2022-07-21,Premium,1070.03
85,Mason Chen,mason.chen85@shopmail.com,United Kingdom,2023-02-15,Premium,4148.89
86,Zara Patel,zara.patel86@shopmail.com,Singapore,2025-09-17,Premium,1918.46
87,Maya Allen,maya.allen87@shopmail.com,Australia,2021-04-17,Premium,4209.78
88,Aarav Taylor,aarav.taylor88@shopmail.com,India,2022-12-23,Premium,183.63
89,Eva Kowalski,eva.kowalski89@shopmail.com,United Kingdom,2023-07-08,Premium,2094.69
90,Isla Davis,isla.davis90@shopmail.com,United Kingdom,2026-06-19,Premium,912.38
91,Liam Kowalski,liam.kowalski91@shopmail.com,Australia,2025-10-30,Premium,4442.76
92,Maya Moore,maya.moore92@shopmail.com,United Kingdom,2024-11-01,Premium,335.87
93,Chen Hall,chen.hall93@shopmail.com,Singapore,2021-05-25,Premium,3454.82
94,Yuki Khan,yuki.khan94@shopmail.com,New Zealand,2024-07-30,Premium,1565.68
95,Wei Dubois,wei.dubois95@shopmail.com,Australia,2022-02-24,Premium,2018.14
96,Charlotte Taylor,charlotte.taylor96@shopmail.com,India,2026-05-20,Premium,1444.56
97,Arjun Smith,arjun.smith97@shopmail.com,New Zealand,2023-03-21,Premium,1008.88
98,Hugo Hall,hugo.hall98@shopmail.com,United States,2024-12-14,Premium,2122.37
99,Amelia Khan,amelia.khan99@shopmail.com,United States,2021-11-26,Premium,3162.48
100,Wei Khan,wei.khan100@shopmail.com,Singapore,2023-10-04,Premium,448.26
101,Harper Walker,harper.walker101@shopmail.com,Australia,2022-03-26,Premium,707.30
102,Liam Harris,liam.harris102@shopmail.com,United States,2020-10-25,Premium,2186.00
103,Nina Moore,nina.moore103@shopmail.com,Canada,2024-04-21,Premium,2373.01
104,Harper Anderson,harper.anderson104@shopmail.com,Singapore,2020-01-23,Premium,4284.77
105,Oliver Kowalski,oliver.kowalski105@shopmail.com,Australia,2021-12-21,Premium,3859.73
106,Kai Rossi,kai.rossi106@shopmail.com,Australia,2026-04-02,Premium,1196.15
107,Sophia Rossi,sophia.rossi107@shopmail.com,Australia,2025-03-18,Premium,3204.37
108,Arjun Hall,arjun.hall108@shopmail.com,Ireland,2024-12-17,Premium,2940.73
109,Isla Kowalski,isla.kowalski109@shopmail.com,United States,2024-12-31,Premium,4306.60
110,Ruby Silva,ruby.silva110@shopmail.com,New Zealand,2022-10-09,Premium,4031.34
111,Zara Nakamura,zara.nakamura111@shopmail.com,United States,2022-09-06,Premium,1318.07
112,Noah Young,noah.young112@shopmail.com,Australia,2023-01-17,Premium,1612.07
113,Maya Garcia,maya.garcia113@shopmail.com,Australia,2021-09-09,Premium,1110.06
114,Isabella Martin,isabella.martin114@shopmail.com,Australia,2024-08-26,Premium,1956.48
115,Maya Rossi,maya.rossi115@shopmail.com,United Kingdom,2020-09-12,Premium,992.81
116,Grace Kim,grace.kim116@shopmail.com,Ireland,2026-07-20,Premium,4541.10
117,Olivia Costa,olivia.costa117@shopmail.com,United Kingdom,2025-05-07,Premium,28.30
118,Sofia Walker,sofia.walker118@shopmail.com,Ireland,2024-05-16,Premium,4096.55
119,Grace Andersen,grace.andersen119@shopmail.com,Canada,2026-02-14,Premium,3839.37
120,Ethan Cohen,ethan.cohen120@shopmail.com,Australia,2023-01-22,Premium,2092.01
121,Olivia Kim,olivia.kim121@shopmail.com,United Kingdom,2024-07-14,Premium,3476.07
122,Henry Wilson,henry.wilson122@shopmail.com,India,2025-12-27,Premium,129.44
123,Jack Costa,jack.costa123@shopmail.com,Singapore,2020-04-21,Premium,402.95
124,Leo Wilson,leo.wilson124@shopmail.com,United States,2022-01-14,Premium,241.37
125,Charlotte Hall,charlotte.hall125@shopmail.com,Australia,2025-02-05,Premium,1568.86
126,Charlotte Lewis,charlotte.lewis126@shopmail.com,Ireland,2024-09-22,Premium,1210.90
127,Ava Murphy,ava.murphy127@shopmail.com,Australia,2026-01-18,Premium,250.01
128,Sofia Lee,sofia.lee128@shopmail.com,Singapore,2020-10-08,Premium,3749.92
129,Liam Johnson,liam.johnson129@shopmail.com,Australia,2022-03-27,Premium,4028.30
130,Samuel Anderson,samuel.anderson130@shopmail.com,Australia,2021-06-01,Premium,2273.09
131,Sophia Costa,sophia.costa131@shopmail.com,Australia,2025-03-19,Premium,3357.43
132,Mateo Thomas,mateo.thomas132@shopmail.com,India,2021-04-14,Premium,3733.40
133,Lucas Walker,lucas.walker133@shopmail.com,Australia,2026-06-28,Premium,123.26
134,Yuki Costa,yuki.costa134@shopmail.com,Singapore,2024-03-17,Premium,1903.94
135,Mason Jones,mason.jones135@shopmail.com,India,2022-09-21,Premium,489.13
136,Yuki Davis,yuki.davis136@shopmail.com,Ireland,2026-05-07,Premium,3756.65
137,Sofia Andersen,sofia.andersen137@shopmail.com,United Kingdom,2024-02-26,Premium,330.99
138,Chen Smith,chen.smith138@shopmail.com,United Kingdom,2025-06-30,Premium,506.59
139,Mateo Rossi,mateo.rossi139@shopmail.com,Canada,2021-09-18,Premium,2090.34
140,Kai Lewis,kai.lewis140@shopmail.com,India,2026-01-13,Premium,3718.28
141,Henry Kowalski,henry.kowalski141@shopmail.com,Canada,2023-01-04,Premium,1547.06
142,Harper Garcia,harper.garcia142@shopmail.com,New Zealand,2025-01-20,Premium,1170.54
143,Henry Costa,henry.costa143@shopmail.com,India,2024-04-01,Premium,1614.70
144,Oscar Hall,oscar.hall144@shopmail.com,Australia,2025-06-20,Premium,1018.18
145,Aarav Allen,aarav.allen145@shopmail.com,New Zealand,2023-02-05,Premium,2667.80
146,Kai Moore,kai.moore146@shopmail.com,Australia,2022-09-15,Premium,3456.36
147,Oscar Dubois,oscar.dubois147@shopmail.com,Ireland,2022-09-11,Premium,3314.92
148,Oscar Silva,oscar.silva148@shopmail.com,Ireland,2020-03-11,Premium,446.66
149,Ethan Chen,ethan.chen149@shopmail.com,Canada,2022-09-23,Premium,1469.79
150,Hugo Nguyen,hugo.nguyen150@shopmail.com,United States,2026-03-17,Premium,2548.43
151,Leo Dubois,leo.dubois151@shopmail.com,United Kingdom,2023-12-12,Premium,3373.70
152,Zara Walker,zara.walker152@shopmail.com,New Zealand,2022-08-02,Premium,579.15
153,Mason Hall,mason.hall153@shopmail.com,Australia,2026-01-03,Premium,4564.21
154,Mia Moore,mia.moore154@shopmail.com,Australia,2025-06-06,Premium,1327.20
155,Hugo Nakamura,hugo.nakamura155@shopmail.com,India,2023-03-05,Premium,4706.45
156,Mason Young,mason.young156@shopmail.com,Australia,2024-01-18,Premium,861.32
157,James Andersen,james.andersen157@shopmail.com,Australia,2023-01-28,Premium,218.48
158,Emma Dubois,emma.dubois158@shopmail.com,New Zealand,2021-06-01,Premium,3061.77
159,Oscar Miller,oscar.miller159@shopmail.com,Australia,2026-06-09,Premium,1364.83
160,Ruby Silva,ruby.silva160@shopmail.com,United Kingdom,2022-01-25,Premium,4634.39
161,Aarav Murphy,aarav.murphy161@shopmail.com,Australia,2020-09-24,Premium,1923.40
162,Noah Costa,noah.costa162@shopmail.com,Singapore,2020-08-07,Premium,728.29
163,Nina Walker,nina.walker163@shopmail.com,Australia,2022-10-13,Premium,568.57
164,Grace Lee,grace.lee164@shopmail.com,Ireland,2025-11-10,Premium,1825.81
165,Chloe Walker,chloe.walker165@shopmail.com,India,2024-10-22,Premium,1465.83
166,Samuel Brown,samuel.brown166@shopmail.com,India,2021-02-10,Premium,4548.43
167,Amelia Martin,amelia.martin167@shopmail.com,New Zealand,2020-11-28,Premium,753.87
168,Mia Dubois,mia.dubois168@shopmail.com,Australia,2021-10-03,Premium,12.84
169,Chloe Murphy,chloe.murphy169@shopmail.com,New Zealand,2020-05-13,Premium,1111.09
170,Wei Rossi,wei.rossi170@shopmail.com,Australia,2022-08-14,Premium,4434.77
171,Hugo Moore,hugo.moore171@shopmail.com,United Kingdom,2021-04-15,Premium,2613.90
172,Isabella Lewis,isabella.lewis172@shopmail.com,Australia,2020-10-19,Premium,286.26
173,Yuki Costa,yuki.costa173@shopmail.com,New Zealand,2024-12-03,Premium,596.90
174,Yuki Chen,yuki.chen174@shopmail.com,New Zealand,2025-08-11,Premium,2591.91
175,Chloe Garcia,chloe.garcia175@shopmail.com,India,2020-06-12,Premium,4269.23
176,Priya Clark,priya.clark176@shopmail.com,Australia,2021-01-09,Premium,1098.84
177,Nina Johnson,nina.johnson177@shopmail.com,Ireland,2023-01-08,Premium,2765.99
178,Mia Murphy,mia.murphy178@shopmail.com,United States,2024-12-16,Premium,4397.15
179,Mia Kowalski,mia.kowalski179@shopmail.com,Singapore,2025-07-07,Premium,4651.47
180,Ruby Patel,ruby.patel180@shopmail.com,United Kingdom,2023-09-27,Premium,1541.08
181,Oliver Thomas,oliver.thomas181@shopmail.com,United Kingdom,2024-08-13,Premium,3329.63
182,Wei Chen,wei.chen182@shopmail.com,Ireland,2026-03-03,Premium,176.15
183,Ava Hall,ava.hall183@shopmail.com,New Zealand,2023-08-17,Premium,556.42
184,Jack Khan,jack.khan184@shopmail.com,Australia,2026-01-31,Premium,2217.49
185,Emma Moore,emma.moore185@shopmail.com,United States,2024-01-21,Premium,2988.64
186,Oscar Silva,oscar.silva186@shopmail.com,Ireland,2020-07-30,Premium,977.08
187,Arjun Wilson,arjun.wilson187@shopmail.com,New Zealand,2024-11-29,Premium,4228.06
188,Oscar Davis,oscar.davis188@shopmail.com,Australia,2022-09-07,Premium,3406.96
189,Yuki Dubois,yuki.dubois189@shopmail.com,Australia,2026-03-12,Premium,1958.36
190,Ethan Davis,ethan.davis190@shopmail.com,United States,2021-04-26,Premium,3109.01
191,Isabella Cohen,isabella.cohen191@shopmail.com,Canada,2023-04-10,Premium,2442.59
192,Zara Singh,zara.singh192@shopmail.com,United States,2025-04-18,Premium,1169.91
193,Arjun Anderson,arjun.anderson193@shopmail.com,United Kingdom,2022-02-19,Premium,4424.97
194,Isla Wilson,isla.wilson194@shopmail.com,Australia,2023-02-05,Premium,3708.84
195,Grace Allen,grace.allen195@shopmail.com,Ireland,2025-09-10,Premium,1282.43
196,James Young,james.young196@shopmail.com,Canada,2023-05-07,Premium,4019.88
197,Hugo Cohen,hugo.cohen197@shopmail.com,Australia,2025-01-03,Premium,2585.19
198,Sofia Allen,sofia.allen198@shopmail.com,United States,2026-02-03,Premium,1810.61
199,Priya Moore,priya.moore199@shopmail.com,Canada,2022-09-05,Premium,2744.63
200,Ethan Singh,ethan.singh200@shopmail.com,Australia,2023-07-27,Premium,3574.58
201,Charlotte Kim,charlotte.kim201@shopmail.com,Singapore,2021-09-15,Enterprise,2377.58
202,Liam Wilson,liam.wilson202@shopmail.com,United States,2026-08-14,Gold,1593.57
203,Oliver Silva,oliver.silva203@shopmail.com,Australia,2025-11-24,Gold,4370.12
204,James Anderson,james.anderson204@shopmail.com,United Kingdom,2021-09-24,VIP,359.18
205,Aarav Allen,aarav.allen205@shopmail.com,India,2024-06-16,Gold,3119.22
206,Chen Andersen,chen.andersen206@shopmail.com,United Kingdom,2023-07-21,Gold,3008.64
207,Oscar Andersen,oscar.andersen207@shopmail.com,Australia,2020-10-07,Gold,1126.90
208,Wei Lee,wei.lee208@shopmail.com,Canada,2021-01-05,Gold,2083.06
209,Oliver Miller,oliver.miller209@shopmail.com,United States,2021-11-12,Enterprise,3331.21
210,Olivia Williams,olivia.williams210@shopmail.com,United Kingdom,2020-08-17,Gold,1408.17
211,Mateo Kowalski,customer211 at shopmail,Australia,2022-09-27,Premium,2549.60
212,Nina Taylor,customer212 at shopmail,Australia,2021-12-18,Premium,379.05
213,Charlotte Harris,customer213 at shopmail,United States,2026-07-16,Premium,686.97
214,Henry Clark,customer214 at shopmail,United States,2022-11-11,Premium,3200.84
215,Henry Young,customer215 at shopmail,Singapore,2026-02-16,Premium,758.28
216,Chloe Patel,customer216 at shopmail,India,2023-05-10,Premium,3066.91
217,Leo Clark,customer217 at shopmail,United States,2023-05-22,Premium,956.24
218,Charlotte Murphy,customer218 at shopmail,Australia,2022-08-29,Premium,1830.55
219,Sofia Costa,customer219 at shopmail,New Zealand,2023-04-24,Premium,105.31
220,Jack Lewis,customer220 at shopmail,Australia,2026-05-07,Premium,4152.32
221,Emma Cohen,emma.cohen221@shopmail.com,New Zealand,2027-03-01,Premium,2913.91
222,Sofia Lee,sofia.lee222@shopmail.com,Singapore,2027-03-01,Premium,2980.28
223,Elijah Miller,elijah.miller223@shopmail.com,Singapore,2027-03-01,Premium,1482.88
224,Chloe Williams,chloe.williams224@shopmail.com,India,2027-03-01,Premium,3515.33
225,Ava Young,ava.young225@shopmail.com,United Kingdom,2027-03-01,Premium,843.07
226,Elijah Andersen,elijah.andersen226@shopmail.com,United Kingdom,2027-03-01,Premium,2408.61
227,Zara Thomas,zara.thomas227@shopmail.com,New Zealand,2027-03-01,Premium,4643.44
228,Wei Allen,wei.allen228@shopmail.com,Ireland,2027-03-01,Premium,2247.99
229,Noah Anderson,noah.anderson229@shopmail.com,Ireland,2027-03-01,Premium,4128.67
230,Jack Dubois,jack.dubois230@shopmail.com,United Kingdom,2027-03-01,Premium,3795.27
231,James Clark,james.clark231@shopmail.com,United States,2021-05-21,Premium,2182.97
232,Aarav Kim,aarav.kim232@shopmail.com,Singapore,2024-03-01,Premium,520.06
233,Ethan Murphy,ethan.murphy233@shopmail.com,Australia,2026-04-18,Premium,1574.43
234,Samuel Lee,samuel.lee234@shopmail.com,Singapore,2020-09-15,Premium,3049.94
235,Henry Walker,henry.walker235@shopmail.com,Singapore,2024-07-30,Premium,560.04
236,Liam Williams,liam.williams236@shopmail.com,New Zealand,2025-07-10,Premium,557.38
237,Harper Andersen,harper.andersen237@shopmail.com,Australia,2024-05-10,Premium,2177.49
238,Maya Singh,maya.singh238@shopmail.com,India,2021-09-24,Premium,4249.99
239,Oliver Cohen,oliver.cohen239@shopmail.com,India,2024-07-29,Premium,4507.45
240,Zara Williams,zara.williams240@shopmail.com,Canada,2024-02-26,Premium,1042.89
241,Chloe Harris,chloe.harris241@shopmail.com,United Kingdom,2021-02-10,Premium,4708.45
242,Mateo Andersen,mateo.andersen242@shopmail.com,Singapore,2024-01-09,Premium,290.64
243,Zara Moore,zara.moore243@shopmail.com,Australia,2025-02-05,Premium,440.03
244,Amelia Johnson,amelia.johnson244@shopmail.com,Australia,2023-09-28,Premium,1169.13
245,Elijah Costa,elijah.costa245@shopmail.com,Australia,2020-10-08,Premium,3983.13
246,Arjun Martin,arjun.martin246@shopmail.com,India,2022-06-03,Premium,3902.65
247,Ethan Allen,ethan.allen247@shopmail.com,Ireland,2021-08-27,Premium,3785.49
248,Eva Smith,eva.smith248@shopmail.com,New Zealand,2021-08-15,Premium,4740.13
249,Maya Clark,maya.clark249@shopmail.com,Ireland,2021-12-15,Premium,527.65
250,Olivia Wilson,olivia.wilson250@shopmail.com,Australia,2024-01-07,Premium,3791.93
251,Harper Hall,harper.hall251@shopmail.com,Australia,2021-12-14,Premium,1273.76
252,Elijah Singh,elijah.singh252@shopmail.com,United States,2021-04-10,Premium,3579.19
253,Ruby Silva,ruby.silva253@shopmail.com,Ireland,2024-01-22,Premium,2463.54
254,Oliver Silva,oliver.silva254@shopmail.com,United States,2022-06-26,Premium,4538.00
255,Liam Nakamura,liam.nakamura255@shopmail.com,New Zealand,2025-02-19,Premium,3088.04
256,Olivia Brown,olivia.brown256@shopmail.com,United States,2024-07-03,Premium,2046.11
257,Oliver Cohen,oliver.cohen257@shopmail.com,Canada,2024-12-21,Premium,352.76
258,Ava Hall,ava.hall258@shopmail.com,India,2021-08-30,Premium,315.27
259,Zara Dubois,zara.dubois259@shopmail.com,Canada,2023-08-24,Premium,1828.34
260,Eva Nakamura,eva.nakamura260@shopmail.com,New Zealand,2025-02-01,Premium,2426.65
261,Leo Miller,leo.miller261@shopmail.com,Ireland,2021-04-13,Premium,4093.41
262,Arjun Martin,arjun.martin262@shopmail.com,United Kingdom,2025-01-23,Premium,4262.84
263,Grace Allen,grace.allen263@shopmail.com,United States,2024-06-21,Premium,1996.75
264,Oliver Hall,oliver.hall264@shopmail.com,United Kingdom,2023-07-04,Premium,3192.52
265,Mateo Anderson,mateo.anderson265@shopmail.com,Singapore,2025-04-26,Premium,322.24
266,Ava Garcia,ava.garcia266@shopmail.com,United Kingdom,2021-01-30,Premium,3574.03
267,Mateo Wilson,mateo.wilson267@shopmail.com,United States,2020-09-02,Premium,2815.03
268,Arjun Dubois,arjun.dubois268@shopmail.com,United Kingdom,2021-05-15,Premium,1971.88
269,Leo Brown,leo.brown269@shopmail.com,New Zealand,2023-07-03,Premium,1687.90
270,Nina Khan,nina.khan270@shopmail.com,Australia,2021-09-25,Premium,3152.33
271,Ethan Miller,ethan.miller271@shopmail.com,United Kingdom,2026-03-28,Premium,1764.29
272,Zara Costa,zara.costa272@shopmail.com,Australia,2024-10-23,Premium,4056.74
273,Samuel Dubois,samuel.dubois273@shopmail.com,Australia,2022-12-31,Premium,138.98
274,Zara Walker,zara.walker274@shopmail.com,United Kingdom,2023-12-08,Premium,29.31
275,Isabella Costa,isabella.costa275@shopmail.com,Singapore,2024-06-29,Premium,334.01
276,Olivia Garcia,olivia.garcia276@shopmail.com,Canada,2025-12-12,Premium,1032.64
277,Grace Rossi,grace.rossi277@shopmail.com,United Kingdom,2021-10-06,Premium,1776.25
278,Priya Costa,priya.costa278@shopmail.com,India,2020-12-13,Premium,4240.04
279,Isabella Thomas,isabella.thomas279@shopmail.com,Ireland,2020-07-22,Premium,3235.05
280,Zara Silva,zara.silva280@shopmail.com,Singapore,2024-10-02,Premium,2331.18
281,Chloe Singh,chloe.singh281@shopmail.com,New Zealand,2022-06-01,Premium,3623.73
282,Sophia Patel,sophia.patel282@shopmail.com,United Kingdom,2021-03-30,Premium,1359.58
283,Hugo Cohen,hugo.cohen283@shopmail.com,United States,2023-06-17,Premium,218.00
284,Jack Brown,jack.brown284@shopmail.com,Australia,2022-04-17,Premium,1446.81
285,Amelia Wilson,amelia.wilson285@shopmail.com,Ireland,2022-11-12,Premium,1389.35
286,Sophia Smith,sophia.smith286@shopmail.com,United States,2024-10-29,Premium,843.34
287,Charlotte Andersen,charlotte.andersen287@shopmail.com,Canada,2022-07-31,Premium,2401.26
288,Sofia Jones,sofia.jones288@shopmail.com,United Kingdom,2020-06-22,Premium,2093.85
289,Henry Jones,henry.jones289@shopmail.com,United Kingdom,2026-06-16,Premium,2060.56
290,Jack Singh,jack.singh290@shopmail.com,New Zealand,2021-04-16,Premium,1944.16
291,Priya Thomas,priya.thomas291@shopmail.com,Ireland,2025-02-27,Premium,3993.72
292,Mateo Garcia,mateo.garcia292@shopmail.com,United Kingdom,2021-03-09,Premium,1167.92
293,Hugo Chen,hugo.chen293@shopmail.com,United States,2020-11-18,Premium,1899.68
294,Yuki Allen,yuki.allen294@shopmail.com,Australia,2023-09-26,Premium,3739.77
295,Noah Khan,noah.khan295@shopmail.com,Singapore,2021-04-12,Premium,2546.90
296,Mason Patel,mason.patel296@shopmail.com,United Kingdom,2021-08-27,Premium,1134.09
297,Isabella Clark,isabella.clark297@shopmail.com,Australia,2021-12-11,Premium,2891.52
298,Noah Taylor,noah.taylor298@shopmail.com,Ireland,2025-07-16,Premium,2226.97
299,Nina Silva,nina.silva299@shopmail.com,Singapore,2026-05-01,Premium,3086.36
300,Samuel Hall,samuel.hall300@shopmail.com,Singapore,2023-07-18,Premium,724.60
301,Noah Murphy,noah.murphy301@shopmail.com,United States,2023-05-25,Premium,3822.38
302,Hugo Brown,hugo.brown302@shopmail.com,United Kingdom,2025-09-09,Premium,356.12
303,Henry Silva,henry.silva303@shopmail.com,Australia,2020-08-21,Premium,1769.94
304,Wei Jones,wei.jones304@shopmail.com,Singapore,2021-01-04,Premium,2952.04
305,Isla Kim,isla.kim305@shopmail.com,United States,2026-07-05,Premium,2660.72
306,Liam Silva,liam.silva306@shopmail.com,Ireland,2026-05-30,Premium,3128.82
307,Priya Murphy,priya.murphy307@shopmail.com,United States,2021-09-09,Premium,4597.07
308,Chloe Miller,chloe.miller308@shopmail.com,Ireland,2023-11-07,Premium,4715.45
309,Ava Khan,ava.khan309@shopmail.com,Singapore,2021-12-07,Premium,187.88
310,Chloe Silva,chloe.silva310@shopmail.com,United States,2025-11-11,Premium,2927.07
311,Mateo Nguyen,mateo.nguyen311@shopmail.com,New Zealand,2024-05-05,Premium,1962.09
312,Chen Brown,chen.brown312@shopmail.com,Ireland,2023-10-02,Premium,316.38
313,Oliver Dubois,oliver.dubois313@shopmail.com,Singapore,2024-05-02,Premium,1363.91
314,Eva Anderson,eva.anderson314@shopmail.com,United Kingdom,2020-11-29,Premium,2797.15
315,Isabella Patel,isabella.patel315@shopmail.com,New Zealand,2024-05-24,Premium,618.97
316,Ava Walker,ava.walker316@shopmail.com,United States,2024-03-22,Premium,3088.77
317,Chen Wilson,chen.wilson317@shopmail.com,Singapore,2025-11-26,Premium,448.57
318,Leo Khan,leo.khan318@shopmail.com,United Kingdom,2020-03-15,Premium,1740.47
319,Mia Martin,mia.martin319@shopmail.com,United Kingdom,2025-06-14,Premium,921.63
320,Elijah Anderson,elijah.anderson320@shopmail.com,Australia,2023-04-26,Premium,4053.26
321,Oliver Khan,oliver.khan321@shopmail.com,Ireland,2026-01-19,Premium,4008.58
322,Kai Williams,kai.williams322@shopmail.com,Singapore,2023-10-11,Premium,4206.69
323,Samuel Wilson,samuel.wilson323@shopmail.com,India,2024-03-23,Premium,740.41
324,Mia Thomas,mia.thomas324@shopmail.com,Canada,2024-11-27,Premium,209.72
325,Mateo Harris,mateo.harris325@shopmail.com,United States,2023-03-13,Premium,3611.48
326,Chloe Lee,chloe.lee326@shopmail.com,United States,2022-09-06,Premium,1485.45
327,Ruby Moore,ruby.moore327@shopmail.com,United Kingdom,2026-05-25,Premium,4725.31
328,Henry Young,henry.young328@shopmail.com,Ireland,2024-04-13,Premium,2413.95
329,Grace Thomas,grace.thomas329@shopmail.com,Australia,2021-07-20,Premium,4190.41
330,Emma Murphy,emma.murphy330@shopmail.com,United Kingdom,2026-03-21,Premium,4484.61
331,Kai Davis,kai.davis331@shopmail.com,New Zealand,2020-12-09,Premium,3662.96
332,Zara Silva,zara.silva332@shopmail.com,United States,2021-08-26,Premium,3989.02
333,Ava Lee,ava.lee333@shopmail.com,United States,2023-12-02,Premium,4466.27
334,Grace Brown,grace.brown334@shopmail.com,United Kingdom,2025-08-18,Premium,1795.02
335,Charlotte Garcia,charlotte.garcia335@shopmail.com,United Kingdom,2022-07-08,Premium,135.30
336,Oliver Allen,oliver.allen336@shopmail.com,Ireland,2021-08-21,Premium,660.48
337,Wei Murphy,wei.murphy337@shopmail.com,Canada,2021-07-22,Premium,3642.44
338,Ruby Silva,ruby.silva338@shopmail.com,India,2020-01-22,Premium,4348.12
339,Olivia Clark,olivia.clark339@shopmail.com,Australia,2021-09-04,Premium,2634.26
340,Eva Nakamura,eva.nakamura340@shopmail.com,United Kingdom,2021-03-31,Premium,3725.63
341,Harper Walker,harper.walker341@shopmail.com,Australia,2020-07-14,Premium,1144.51
342,Samuel Rossi,samuel.rossi342@shopmail.com,Australia,2021-03-30,Premium,4016.10
343,Oscar Andersen,oscar.andersen343@shopmail.com,Australia,2025-10-11,Premium,2760.23
344,Isabella Young,isabella.young344@shopmail.com,United Kingdom,2020-01-07,Premium,2951.09
345,Harper Costa,harper.costa345@shopmail.com,United Kingdom,2022-02-06,Premium,3188.98
346,Ava Nakamura,ava.nakamura346@shopmail.com,United Kingdom,2020-10-04,Premium,4576.34
347,Maya Khan,maya.khan347@shopmail.com,Ireland,2025-09-10,Premium,2659.93
348,Charlotte Murphy,charlotte.murphy348@shopmail.com,Australia,2024-05-03,Premium,4708.99
349,Aarav Johnson,aarav.johnson349@shopmail.com,United Kingdom,2020-10-03,Premium,1655.05
350,Oliver Allen,oliver.allen350@shopmail.com,Australia,2020-06-30,Premium,1691.04
351,Chen Taylor,chen.taylor351@shopmail.com,Ireland,2025-03-18,Premium,4707.93
352,Ruby Taylor,ruby.taylor352@shopmail.com,Ireland,2021-07-06,Premium,302.88
353,Henry Williams,henry.williams353@shopmail.com,New Zealand,2022-04-05,Premium,210.27
354,Mason Williams,mason.williams354@shopmail.com,United Kingdom,2023-06-24,Premium,2473.84
355,Maya Murphy,maya.murphy355@shopmail.com,New Zealand,2020-05-29,Premium,3615.80
356,Mason Young,mason.young356@shopmail.com,United Kingdom,2020-07-14,Premium,4155.83
357,Chen Lewis,chen.lewis357@shopmail.com,Australia,2024-02-16,Premium,2097.37
358,Jack Silva,jack.silva358@shopmail.com,United Kingdom,2023-10-20,Premium,4673.87
359,Oscar Cohen,oscar.cohen359@shopmail.com,United Kingdom,2025-10-27,Premium,1280.26
360,Ava Kowalski,ava.kowalski360@shopmail.com,Australia,2024-10-29,Premium,2891.78
361,Mia Andersen,mia.andersen361@shopmail.com,New Zealand,2023-08-08,Premium,492.47
362,Priya Young,priya.young362@shopmail.com,New Zealand,2024-12-31,Premium,2892.58
363,Leo Thomas,leo.thomas363@shopmail.com,Canada,2024-12-23,Premium,1687.43
364,Liam Patel,liam.patel364@shopmail.com,India,2024-11-16,Premium,1317.87
365,Emma Jones,emma.jones365@shopmail.com,Singapore,2024-07-21,Premium,1743.89
366,Lucas Johnson,lucas.johnson366@shopmail.com,Australia,2024-11-29,Premium,167.04
367,Noah Harris,noah.harris367@shopmail.com,Ireland,2024-02-09,Premium,1738.32
368,Nina Williams,nina.williams368@shopmail.com,India,2021-09-20,Premium,3259.50
369,Mateo Nguyen,mateo.nguyen369@shopmail.com,United States,2020-11-10,Premium,2754.82
370,Kai Nguyen,kai.nguyen370@shopmail.com,United Kingdom,2023-07-11,Premium,3117.89
371,Harper Davis,harper.davis371@shopmail.com,Australia,2022-02-01,Premium,2395.41
372,Charlotte Dubois,charlotte.dubois372@shopmail.com,Australia,2022-12-08,Premium,3719.83
373,Chloe Martin,chloe.martin373@shopmail.com,India,2023-03-15,Premium,3331.11
374,Oscar Moore,oscar.moore374@shopmail.com,Australia,2021-07-09,Premium,4093.57
375,Chloe Taylor,chloe.taylor375@shopmail.com,Canada,2024-12-28,Premium,4786.86
376,Priya Patel,priya.patel376@shopmail.com,Canada,2020-09-22,Premium,2639.99
377,Wei Walker,wei.walker377@shopmail.com,Australia,2021-12-14,Premium,3809.74
378,Isla Lee,isla.lee378@shopmail.com,Australia,2022-04-03,Premium,3801.92
379,Harper Cohen,harper.cohen379@shopmail.com,Australia,2024-01-18,Premium,2659.30
380,Mateo Rossi,mateo.rossi380@shopmail.com,Ireland,2026-03-09,Premium,622.90
381,Ava Jones,ava.jones381@shopmail.com,New Zealand,2024-06-18,Premium,4798.06
382,Ruby Nakamura,ruby.nakamura382@shopmail.com,United Kingdom,2024-08-04,Premium,3952.03
383,Noah Wilson,noah.wilson383@shopmail.com,United Kingdom,2020-10-30,Premium,2159.88
384,Kai Patel,kai.patel384@shopmail.com,Australia,2026-03-08,Premium,3071.01
385,Mia Wilson,mia.wilson385@shopmail.com,United Kingdom,2025-08-21,Premium,4371.42
386,Emma Davis,emma.davis386@shopmail.com,United States,2021-09-18,Premium,1459.80
387,Lucas Hall,lucas.hall387@shopmail.com,Canada,2022-07-12,Premium,1660.91
388,Kai Young,kai.young388@shopmail.com,Australia,2022-10-23,Premium,942.25
389,Arjun Lewis,arjun.lewis389@shopmail.com,Australia,2023-05-25,Premium,2949.26
390,Ava Khan,ava.khan390@shopmail.com,Singapore,2021-11-21,Premium,2840.68
391,Hugo Anderson,hugo.anderson391@shopmail.com,Australia,2023-10-14,Premium,4044.14
392,Nina Williams,nina.williams392@shopmail.com,Australia,2020-11-28,Premium,218.22
393,Nina Clark,nina.clark393@shopmail.com,Singapore,2022-05-13,Premium,3681.40
394,Grace Johnson,grace.johnson394@shopmail.com,United States,2026-02-12,Premium,1390.42
395,Yuki Murphy,yuki.murphy395@shopmail.com,Australia,2024-07-21,Premium,1427.68
396,Noah Brown,noah.brown396@shopmail.com,Australia,2024-12-05,Premium,1994.98
397,Henry Martin,henry.martin397@shopmail.com,United Kingdom,2021-08-11,Premium,1500.40
398,Priya Patel,priya.patel398@shopmail.com,United Kingdom,2021-06-19,Premium,3651.19
399,Isla Dubois,isla.dubois399@shopmail.com,Australia,2023-07-31,Premium,1160.34
400,Sophia Lewis,sophia.lewis400@shopmail.com,United States,2022-10-12,Premium,676.21
401,Emma Young,emma.young401@shopmail.com,United Kingdom,2024-09-08,Premium,1191.70
402,Lucas Hall,lucas.hall402@shopmail.com,India,2023-07-04,Premium,911.20
403,Lucas Cohen,lucas.cohen403@shopmail.com,United States,2025-03-27,Premium,2394.05
404,Yuki Cohen,yuki.cohen404@shopmail.com,Australia,2021-01-03,Premium,4537.12
405,Isla Rossi,isla.rossi405@shopmail.com,Australia,2022-05-31,Premium,2800.05
406,Emma Brown,emma.brown406@shopmail.com,New Zealand,2025-07-20,Premium,2868.09
407,Ruby Young,ruby.young407@shopmail.com,United States,2020-02-03,Premium,4066.43
408,Leo Wilson,leo.wilson408@shopmail.com,New Zealand,2024-02-07,Premium,3666.51
409,Mateo Williams,mateo.williams409@shopmail.com,United Kingdom,2020-07-28,Premium,2737.35
410,Mason Nguyen,mason.nguyen410@shopmail.com,United States,2023-03-28,Premium,352.95
411,Isla Silva,isla.silva411@shopmail.com,Ireland,2026-03-02,Premium,1342.66
412,Samuel Davis,samuel.davis412@shopmail.com,Australia,2021-01-31,Premium,1890.74
413,Chen Dubois,chen.dubois413@shopmail.com,United Kingdom,2021-08-13,Premium,955.48
414,Isla Chen,isla.chen414@shopmail.com,United States,2020-06-13,Premium,217.46
415,Elijah Allen,elijah.allen415@shopmail.com,Ireland,2025-04-24,Premium,2492.80
416,Isabella Khan,isabella.khan416@shopmail.com,Australia,2023-09-05,Premium,4470.57
417,Priya Thomas,priya.thomas417@shopmail.com,United Kingdom,2023-05-10,Premium,2849.88
418,Isla Khan,isla.khan418@shopmail.com,United States,2025-06-29,Premium,3401.95
419,Yuki Murphy,yuki.murphy419@shopmail.com,Australia,2024-02-17,Premium,1589.95
420,Sophia Singh,sophia.singh420@shopmail.com,India,2023-06-14,Premium,3824.42
421,Olivia Murphy,olivia.murphy421@shopmail.com,New Zealand,2026-06-27,Premium,2772.65
422,Emma Murphy,emma.murphy422@shopmail.com,Australia,2025-11-17,Premium,3019.32
423,Samuel Kim,samuel.kim423@shopmail.com,Australia,2022-09-19,Premium,151.54
424,Sophia Moore,sophia.moore424@shopmail.com,Australia,2024-12-11,Premium,1505.72
425,Isabella Singh,isabella.singh425@shopmail.com,Canada,2022-04-15,Premium,1969.81
426,Samuel Murphy,samuel.murphy426@shopmail.com,Canada,2020-09-12,Premium,3387.72
427,Kai Martin,kai.martin427@shopmail.com,United States,2023-08-24,Premium,4790.99
428,Ruby Nakamura,ruby.nakamura428@shopmail.com,United Kingdom,2023-07-09,Premium,4592.09
429,Henry Andersen,henry.andersen429@shopmail.com,United Kingdom,2026-02-15,Premium,1700.58
430,Aarav Murphy,aarav.murphy430@shopmail.com,Australia,2022-10-06,Premium,1339.23
431,Yuki Lee,yuki.lee431@shopmail.com,New Zealand,2023-03-29,Premium,3383.52
432,Oscar Hall,oscar.hall432@shopmail.com,United States,2023-11-29,Premium,2690.34
433,Zara Young,zara.young433@shopmail.com,Australia,2026-06-06,Premium,3247.79
434,Charlotte Chen,charlotte.chen434@shopmail.com,United Kingdom,2021-08-22,Premium,1394.17
435,Wei Garcia,wei.garcia435@shopmail.com,United Kingdom,2024-12-16,Premium,3148.67
436,Ruby Martin,ruby.martin436@shopmail.com,Australia,2026-01-15,Premium,1301.44
437,Arjun Lewis,arjun.lewis437@shopmail.com,Australia,2021-03-23,Premium,2955.25
438,Hugo Harris,hugo.harris438@shopmail.com,Australia,2020-07-26,Premium,3215.20
439,Kai Lee,kai.lee439@shopmail.com,Singapore,2022-08-11,Premium,251.96
440,Grace Allen,grace.allen440@shopmail.com,Canada,2025-04-18,Premium,482.62
441,Elijah Smith,elijah.smith441@shopmail.com,United States,2021-10-08,Premium,1953.16
442,Ruby Murphy,ruby.murphy442@shopmail.com,Singapore,2022-03-27,Premium,3628.37
443,Wei Hall,wei.hall443@shopmail.com,New Zealand,2020-08-30,Premium,4358.10
444,Ava Costa,ava.costa444@shopmail.com,Australia,2025-12-31,Premium,3545.70
445,Liam Taylor,liam.taylor445@shopmail.com,United Kingdom,2021-12-21,Premium,4482.83
446,Liam Chen,liam.chen446@shopmail.com,Ireland,2025-07-22,Premium,894.30
447,Wei Williams,wei.williams447@shopmail.com,Australia,2023-05-07,Premium,2726.22
448,Oliver Allen,oliver.allen448@shopmail.com,New Zealand,2025-02-04,Premium,4747.68
449,Maya Nakamura,maya.nakamura449@shopmail.com,United States,2021-07-03,Premium,4085.09
450,Henry Lewis,henry.lewis450@shopmail.com,Australia,2021-04-06,Premium,1587.28
451,Henry Clark,henry.clark451@shopmail.com,Canada,2022-02-01,Premium,67.60
452,Chen Young,chen.young452@shopmail.com,India,2022-03-02,Premium,842.38
453,Jack Kowalski,jack.kowalski453@shopmail.com,United States,2023-09-05,Premium,416.34
454,Oliver Taylor,oliver.taylor454@shopmail.com,Australia,2025-05-09,Premium,1553.29
455,Harper Smith,harper.smith455@shopmail.com,New Zealand,2024-04-20,Premium,1130.50
456,Zara Allen,zara.allen456@shopmail.com,New Zealand,2026-07-13,Premium,3469.84
457,James Clark,james.clark457@shopmail.com,Singapore,2024-01-12,Premium,3325.29
458,Emma Davis,emma.davis458@shopmail.com,United States,2023-06-10,Premium,766.64
459,Isla Walker,isla.walker459@shopmail.com,Canada,2021-04-25,Premium,3065.81
460,Wei Nguyen,wei.nguyen460@shopmail.com,India,2022-06-23,Premium,1051.82
461,Elijah Murphy,elijah.murphy461@shopmail.com,Australia,2025-02-06,Premium,3589.13
462,Eva Nguyen,eva.nguyen462@shopmail.com,United Kingdom,2026-02-27,Premium,4381.43
463,Maya Martin,maya.martin463@shopmail.com,Ireland,2022-10-10,Premium,3265.64
464,Eva Garcia,eva.garcia464@shopmail.com,United States,2025-01-03,Premium,2535.23
465,Mateo Jones,mateo.jones465@shopmail.com,India,2021-04-04,Premium,296.44
466,Arjun Khan,arjun.khan466@shopmail.com,Australia,2026-06-03,Premium,2575.97
467,Lucas Hall,lucas.hall467@shopmail.com,United States,2024-12-14,Premium,557.95
468,Amelia Cohen,amelia.cohen468@shopmail.com,Australia,2025-09-21,Premium,2138.32
469,Emma Rossi,emma.rossi469@shopmail.com,Australia,2025-10-03,Premium,1994.04
470,Nina Brown,nina.brown470@shopmail.com,United States,2025-03-08,Premium,3229.29
471,Yuki Johnson,yuki.johnson471@shopmail.com,United Kingdom,2022-11-08,Premium,3918.98
472,Amelia Jones,amelia.jones472@shopmail.com,Australia,2024-10-01,Premium,1653.74
473,Noah Andersen,noah.andersen473@shopmail.com,Australia,2020-10-09,Premium,4733.46
474,Ruby Williams,ruby.williams474@shopmail.com,New Zealand,2024-08-01,Premium,863.91
475,Elijah Singh,elijah.singh475@shopmail.com,United Kingdom,2024-04-15,Premium,2152.98
476,Charlotte Kim,charlotte.kim476@shopmail.com,Australia,2026-01-17,Premium,638.35
477,Sofia Davis,sofia.davis477@shopmail.com,Australia,2026-01-09,Premium,1886.68
478,Elijah Lee,elijah.lee478@shopmail.com,Australia,2020-04-03,Premium,4696.76
479,Henry Andersen,henry.andersen479@shopmail.com,United Kingdom,2025-12-18,Premium,1820.53
480,Ethan Harris,ethan.harris480@shopmail.com,United States,2023-11-18,Premium,744.58
481,Mason Davis,mason.davis481@shopmail.com,Australia,2024-09-13,Premium,2951.63
482,Olivia Harris,olivia.harris482@shopmail.com,Australia,2020-10-02,Premium,484.30
483,Liam Silva,liam.silva483@shopmail.com,India,2020-07-18,Premium,1174.72
484,Liam Chen,liam.chen484@shopmail.com,United States,2022-08-17,Premium,2590.85
485,Emma Wilson,emma.wilson485@shopmail.com,United States,2023-03-30,Premium,1123.98
486,Nina Hall,nina.hall486@shopmail.com,India,2023-08-06,Premium,1137.14
487,Isabella Nakamura,isabella.nakamura487@shopmail.com,Australia,2024-08-20,Premium,1442.40
488,Emma Dubois,emma.dubois488@shopmail.com,India,2021-12-18,Premium,3004.77
489,Leo Dubois,leo.dubois489@shopmail.com,United States,2020-07-11,Premium,4666.99
490,Charlotte Nakamura,charlotte.nakamura490@shopmail.com,United Kingdom,2024-09-01,Premium,1959.64
491,Yuki Kim,yuki.kim491@shopmail.com,Australia,2026-01-12,Premium,2272.89
492,Ethan Walker,ethan.walker492@shopmail.com,Canada,2021-08-14,Premium,3867.73
493,Emma Dubois,emma.dubois493@shopmail.com,United Kingdom,2024-09-02,Premium,2674.98
494,Elijah Kim,elijah.kim494@shopmail.com,Australia,2022-11-10,Premium,976.02
495,Ava Silva,ava.silva495@shopmail.com,United Kingdom,2021-01-13,Premium,2571.05
496,Mason Brown,mason.brown496@shopmail.com,New Zealand,2024-03-24,Premium,3233.63
497,Eva Williams,eva.williams497@shopmail.com,Australia,2022-02-09,Premium,3862.32
498,Hugo Dubois,hugo.dubois498@shopmail.com,Australia,2025-05-17,Premium,1002.67
499,Chen Walker,chen.walker499@shopmail.com,Australia,2022-05-17,Premium,4498.37
500,Sophia Murphy,sophia.murphy500@shopmail.com,Australia,2022-04-17,Premium,1903.83
501,Harper Dubois,harper.dubois501@shopmail.com,United Kingdom,2023-03-05,Premium,1827.18
502,Maya Patel,maya.patel502@shopmail.com,New Zealand,2022-12-07,Premium,1726.29
503,Oscar Rossi,oscar.rossi503@shopmail.com,Australia,2025-04-07,Premium,3655.82
504,Priya Martin,priya.martin504@shopmail.com,United Kingdom,2023-07-05,Premium,1986.86
505,Nina Lee,nina.lee505@shopmail.com,Canada,2021-08-20,Premium,77.86
506,Arjun Singh,arjun.singh506@shopmail.com,New Zealand,2021-09-16,Premium,941.72
507,Ethan Kim,ethan.kim507@shopmail.com,India,2022-10-03,Premium,2396.65
508,Chen Clark,chen.clark508@shopmail.com,Ireland,2025-06-24,Premium,4639.24
509,Oscar Rossi,oscar.rossi509@shopmail.com,Australia,2023-12-13,Premium,812.48
510,Maya Cohen,maya.cohen510@shopmail.com,Australia,2026-01-29,Premium,4753.55
511,Emma Nakamura,emma.nakamura511@shopmail.com,Australia,2020-10-31,Premium,4536.90
512,Emma Smith,emma.smith512@shopmail.com,United Kingdom,2021-07-17,Premium,4044.21
513,Ethan Jones,ethan.jones513@shopmail.com,Canada,2021-09-10,Premium,43.88
514,Isla Rossi,isla.rossi514@shopmail.com,United Kingdom,2020-09-04,Premium,2965.61
515,Samuel Murphy,samuel.murphy515@shopmail.com,Singapore,2025-06-21,Premium,75.51
516,Maya Dubois,maya.dubois516@shopmail.com,United Kingdom,2020-02-18,Premium,80.29
517,Zara Andersen,zara.andersen517@shopmail.com,New Zealand,2020-03-11,Premium,2410.64
518,Leo Taylor,leo.taylor518@shopmail.com,Australia,2021-01-29,Premium,2517.05
519,Harper Moore,harper.moore519@shopmail.com,India,2025-11-26,Premium,1211.61
520,Sofia Lewis,sofia.lewis520@shopmail.com,Ireland,2024-06-13,Premium,379.29
521,Jack Rossi,jack.rossi521@shopmail.com,India,2022-09-23,Premium,4753.12
522,Ethan Walker,ethan.walker522@shopmail.com,Singapore,2020-11-26,Premium,3137.93
523,Liam Garcia,liam.garcia523@shopmail.com,United Kingdom,2024-04-02,Premium,1810.41
524,Ruby Brown,ruby.brown524@shopmail.com,Singapore,2020-02-08,Premium,3373.66
525,Ava Cohen,ava.cohen525@shopmail.com,United Kingdom,2023-09-18,Premium,2716.11
526,Oliver Nakamura,oliver.nakamura526@shopmail.com,Australia,2022-07-30,Premium,1014.80
527,Nina Murphy,nina.murphy527@shopmail.com,New Zealand,2020-07-09,Premium,4435.96
528,Zara Andersen,zara.andersen528@shopmail.com,India,2020-05-14,Premium,860.90
529,Priya Johnson,priya.johnson529@shopmail.com,Australia,2026-08-01,Premium,692.12
530,Jack Jones,jack.jones530@shopmail.com,New Zealand,2021-10-27,Premium,2707.00
531,Nina Kim,nina.kim531@shopmail.com,Singapore,2026-01-23,Premium,1592.30
532,Elijah Garcia,elijah.garcia532@shopmail.com,United States,2023-11-17,Premium,257.74
533,Leo Lee,leo.lee533@shopmail.com,Australia,2023-10-27,Premium,2904.81
534,Samuel Chen,samuel.chen534@shopmail.com,Ireland,2023-08-29,Premium,142.20
535,Zara Silva,zara.silva535@shopmail.com,United States,2022-07-23,Premium,1707.89
536,Charlotte Kowalski,charlotte.kowalski536@shopmail.com,Australia,2026-07-27,Premium,3171.23
537,Ava Young,ava.young537@shopmail.com,Ireland,2022-10-06,Premium,3422.92
538,Ava Lewis,ava.lewis538@shopmail.com,Australia,2024-04-05,Premium,3416.05
539,Isabella Kim,isabella.kim539@shopmail.com,United Kingdom,2024-01-17,Premium,511.44
540,James Walker,james.walker540@shopmail.com,United States,2024-01-14,Premium,3654.46
541,Oliver Wilson,oliver.wilson541@shopmail.com,Australia,2022-02-06,Premium,2068.70
542,Arjun Dubois,arjun.dubois542@shopmail.com,United States,2024-07-29,Premium,495.81
543,Ava Patel,ava.patel543@shopmail.com,United States,2021-01-16,Premium,2865.24
544,Priya Kim,priya.kim544@shopmail.com,Australia,2023-04-10,Premium,1986.29
545,Ava Dubois,ava.dubois545@shopmail.com,Australia,2026-05-31,Premium,2501.30
546,Charlotte Thomas,charlotte.thomas546@shopmail.com,Australia,2023-01-06,Premium,1445.43
547,Oscar Anderson,oscar.anderson547@shopmail.com,Australia,2021-11-15,Premium,2086.45
548,Grace Walker,grace.walker548@shopmail.com,United States,2020-11-11,Premium,1733.40
549,Harper Cohen,harper.cohen549@shopmail.com,India,2022-03-11,Premium,2197.74
550,Elijah Walker,elijah.walker550@shopmail.com,Australia,2024-06-08,Premium,1594.64
551,Samuel Kim,samuel.kim551@shopmail.com,Ireland,2023-09-11,Premium,2113.07
552,Leo Wilson,leo.wilson552@shopmail.com,New Zealand,2023-08-06,Premium,2895.41
553,Mason Murphy,mason.murphy553@shopmail.com,United Kingdom,2021-12-28,Premium,4629.96
554,Priya Young,priya.young554@shopmail.com,Canada,2025-07-04,Premium,4645.26
555,Harper Hall,harper.hall555@shopmail.com,United Kingdom,2023-02-22,Premium,3919.17
556,Jack Nguyen,jack.nguyen556@shopmail.com,Australia,2026-04-28,Premium,959.04
557,Maya Taylor,maya.taylor557@shopmail.com,Singapore,2026-03-03,Premium,129.20
558,Henry Martin,henry.martin558@shopmail.com,United States,2023-04-08,Premium,3990.15
559,Noah Singh,noah.singh559@shopmail.com,Singapore,2025-08-07,Premium,668.06
560,Yuki Harris,yuki.harris560@shopmail.com,New Zealand,2021-09-23,Premium,3433.13
561,Charlotte Jones,charlotte.jones561@shopmail.com,United States,2025-05-16,Premium,2794.77
562,Maya Khan,maya.khan562@shopmail.com,Canada,2024-09-09,Premium,2609.50
563,Mateo Andersen,mateo.andersen563@shopmail.com,India,2020-12-14,Premium,524.97
564,Harper Patel,harper.patel564@shopmail.com,Australia,2020-06-30,Premium,2703.46
565,Jack Allen,jack.allen565@shopmail.com,Ireland,2024-10-29,Premium,508.53
566,Oliver Clark,oliver.clark566@shopmail.com,Australia,2025-09-22,Premium,3584.89
567,Arjun Costa,arjun.costa567@shopmail.com,Australia,2024-12-30,Premium,1795.77
568,Henry Khan,henry.khan568@shopmail.com,Australia,2023-11-13,Premium,4788.97
569,Ruby Miller,ruby.miller569@shopmail.com,New Zealand,2024-08-30,Premium,4418.63
570,Ava Davis,ava.davis570@shopmail.com,Canada,2021-08-03,Premium,1671.98
571,Chen Rossi,chen.rossi571@shopmail.com,Ireland,2022-04-27,Premium,2501.35
572,Sofia Murphy,sofia.murphy572@shopmail.com,Australia,2024-11-29,Premium,3465.57
573,Chloe Hall,chloe.hall573@shopmail.com,Australia,2023-05-14,Premium,214.48
574,Sophia Johnson,sophia.johnson574@shopmail.com,United Kingdom,2021-03-23,Premium,3250.27
575,Lucas Harris,lucas.harris575@shopmail.com,United States,2021-12-15,Premium,2649.17
576,Chen Dubois,chen.dubois576@shopmail.com,United Kingdom,2025-03-07,Premium,1112.91
577,Jack Taylor,jack.taylor577@shopmail.com,Australia,2024-11-05,Premium,1898.80
578,Samuel Moore,samuel.moore578@shopmail.com,United States,2024-10-25,Premium,1866.41
579,Amelia Martin,amelia.martin579@shopmail.com,New Zealand,2020-09-13,Premium,2771.27
580,Maya Taylor,maya.taylor580@shopmail.com,United Kingdom,2023-08-28,Premium,945.96
581,Sophia Clark,sophia.clark581@shopmail.com,Singapore,2025-06-27,Premium,2533.03
582,Priya Kim,priya.kim582@shopmail.com,India,2024-05-26,Premium,2817.62
583,Sofia Patel,sofia.patel583@shopmail.com,United States,2021-12-07,Premium,3905.94
584,Yuki Garcia,yuki.garcia584@shopmail.com,Singapore,2021-07-02,Premium,1503.29
585,Harper Walker,harper.walker585@shopmail.com,Australia,2022-01-19,Premium,1791.87
586,Isabella Khan,isabella.khan586@shopmail.com,United Kingdom,2024-09-09,Premium,2862.84
587,Nina Kim,nina.kim587@shopmail.com,United Kingdom,2022-01-30,Premium,2336.02
588,Maya Taylor,maya.taylor588@shopmail.com,United States,2021-11-14,Premium,2350.28
589,Elijah Taylor,elijah.taylor589@shopmail.com,United Kingdom,2025-01-21,Premium,2973.17
590,Sofia Smith,sofia.smith590@shopmail.com,United States,2021-07-13,Premium,936.62
591,Charlotte Dubois,charlotte.dubois591@shopmail.com,United States,2025-07-20,Premium,1963.84
592,Oscar Singh,oscar.singh592@shopmail.com,Canada,2024-12-23,Premium,2345.76
593,Ava Costa,ava.costa593@shopmail.com,Australia,2022-06-22,Premium,1402.03
594,Zara Lee,zara.lee594@shopmail.com,United States,2023-03-28,Premium,807.40
595,Henry Costa,henry.costa595@shopmail.com,Canada,2025-07-21,Premium,2638.69
596,Sophia Costa,sophia.costa596@shopmail.com,Australia,2023-01-02,Premium,3720.54
597,Mateo Andersen,mateo.andersen597@shopmail.com,Ireland,2020-06-19,Premium,3648.02
598,Chloe Andersen,chloe.andersen598@shopmail.com,Australia,2024-10-07,Premium,491.60
599,Harper Walker,harper.walker599@shopmail.com,Australia,2025-01-16,Premium,1261.51
600,Ava Silva,ava.silva600@shopmail.com,Australia,2022-08-28,Premium,1007.42
601,Hugo Patel,hugo.patel601@shopmail.com,Canada,2024-10-19,Premium,796.71
602,Elijah Martin,elijah.martin602@shopmail.com,Australia,2020-08-31,Premium,2736.36
603,Maya Lewis,maya.lewis603@shopmail.com,India,2026-01-15,Premium,808.21
604,Wei Young,wei.young604@shopmail.com,India,2022-12-31,Premium,4571.51
605,Isla Miller,isla.miller605@shopmail.com,Australia,2024-08-12,Premium,4410.09
606,Zara Wilson,zara.wilson606@shopmail.com,Canada,2021-06-27,Premium,1198.45
607,Priya Harris,priya.harris607@shopmail.com,Ireland,2024-05-27,Premium,2349.40
608,Nina Lewis,nina.lewis608@shopmail.com,Singapore,2024-08-23,Premium,1800.83
609,Noah Garcia,noah.garcia609@shopmail.com,United Kingdom,2025-10-12,Premium,3599.05
610,Mateo Rossi,mateo.rossi610@shopmail.com,United States,2023-09-02,Premium,2793.39
611,Ava Rossi,ava.rossi611@shopmail.com,Singapore,2024-01-07,Premium,4080.51
612,Maya Chen,maya.chen612@shopmail.com,Australia,2024-10-25,Premium,3959.27
613,Oscar Lewis,oscar.lewis613@shopmail.com,United Kingdom,2023-03-07,Premium,1621.22
614,Nina Wilson,nina.wilson614@shopmail.com,India,2025-06-10,Premium,3783.86
615,Emma Williams,emma.williams615@shopmail.com,Australia,2025-02-25,Premium,78.15
616,Lucas Silva,lucas.silva616@shopmail.com,United States,2020-01-03,Premium,4760.82
617,Leo Moore,leo.moore617@shopmail.com,Canada,2021-06-24,Premium,4234.31
618,Yuki Thomas,yuki.thomas618@shopmail.com,New Zealand,2021-01-17,Premium,3142.02
619,Aarav Garcia,aarav.garcia619@shopmail.com,United Kingdom,2021-11-08,Premium,248.58
620,Yuki Lee,yuki.lee620@shopmail.com,United Kingdom,2021-01-08,Premium,3377.75
621,James Martin,james.martin621@shopmail.com,United States,2020-11-15,Premium,636.96
622,Ethan Nakamura,ethan.nakamura622@shopmail.com,Singapore,2024-12-27,Premium,44.58
623,Chen Davis,chen.davis623@shopmail.com,United Kingdom,2021-06-25,Premium,2292.96
624,Ethan Kim,ethan.kim624@shopmail.com,Australia,2021-02-23,Premium,495.37
625,Mateo Walker,mateo.walker625@shopmail.com,Australia,2024-04-16,Premium,3712.61
626,Elijah Anderson,elijah.anderson626@shopmail.com,Australia,2025-12-12,Premium,2703.80
627,Samuel Thomas,samuel.thomas627@shopmail.com,United States,2023-12-09,Premium,3467.67
628,Isabella Singh,isabella.singh628@shopmail.com,India,2024-12-17,Premium,4127.82
629,Ava Miller,ava.miller629@shopmail.com,Australia,2021-05-19,Premium,2829.95
630,Charlotte Patel,charlotte.patel630@shopmail.com,United Kingdom,2023-07-12,Premium,3797.17
631,Harper Lewis,harper.lewis631@shopmail.com,Singapore,2020-12-11,Premium,1191.20
632,Eva Young,eva.young632@shopmail.com,Ireland,2020-04-19,Premium,4069.88
633,Yuki Martin,yuki.martin633@shopmail.com,United States,2025-09-18,Premium,905.50
634,Jack Young,jack.young634@shopmail.com,Singapore,2020-08-11,Premium,3762.25
635,Harper Cohen,harper.cohen635@shopmail.com,United Kingdom,2021-04-06,Premium,1157.19
636,Eva Jones,eva.jones636@shopmail.com,United States,2020-02-19,Premium,4737.04
637,Priya Wilson,priya.wilson637@shopmail.com,United Kingdom,2026-05-17,Premium,2020.14
638,Maya Taylor,maya.taylor638@shopmail.com,Ireland,2025-04-13,Premium,4581.37
639,Noah Johnson,noah.johnson639@shopmail.com,India,2020-10-03,Premium,66.21
640,Amelia Williams,amelia.williams640@shopmail.com,Australia,2024-06-18,Premium,2431.73
641,Isla Singh,isla.singh641@shopmail.com,United Kingdom,2024-07-05,Premium,395.65
642,Maya Andersen,maya.andersen642@shopmail.com,India,2021-09-17,Premium,1331.85
643,Yuki Garcia,yuki.garcia643@shopmail.com,United States,2022-04-12,Premium,4676.70
644,Isabella Andersen,isabella.andersen644@shopmail.com,United Kingdom,2024-05-19,Premium,2814.90
645,Noah Walker,noah.walker645@shopmail.com,Canada,2024-11-26,Premium,3503.80
646,Harper Brown,harper.brown646@shopmail.com,Australia,2020-12-19,Premium,4438.21
647,Sophia Rossi,sophia.rossi647@shopmail.com,India,2020-08-13,Premium,1484.59
648,Mia Davis,mia.davis648@shopmail.com,Australia,2021-07-16,Premium,3367.20
649,Lucas Cohen,lucas.cohen649@shopmail.com,United Kingdom,2025-11-12,Premium,2482.67
650,Aarav Thomas,aarav.thomas650@shopmail.com,United Kingdom,2021-06-03,Premium,3598.93
651,Zara Davis,zara.davis651@shopmail.com,Ireland,2020-04-30,Premium,1608.05
652,Leo Lewis,leo.lewis652@shopmail.com,United States,2020-09-18,Premium,1262.16
653,Nina Jones,nina.jones653@shopmail.com,United States,2025-02-07,Premium,2451.75
654,Emma Cohen,emma.cohen654@shopmail.com,India,2021-11-14,Premium,1764.90
655,Aarav Miller,aarav.miller655@shopmail.com,India,2021-04-17,Premium,1096.34
656,Isla Smith,isla.smith656@shopmail.com,Australia,2020-02-20,Premium,1173.85
657,Ruby Nguyen,ruby.nguyen657@shopmail.com,United Kingdom,2021-09-06,Premium,859.01
658,Liam Dubois,liam.dubois658@shopmail.com,Ireland,2024-09-13,Premium,1077.67
659,Harper Singh,harper.singh659@shopmail.com,Canada,2023-08-03,Premium,1302.04
660,Noah Costa,noah.costa660@shopmail.com,United Kingdom,2021-05-04,Premium,2409.80
661,Emma Taylor,emma.taylor661@shopmail.com,Australia,2025-10-13,Premium,4710.79
662,Jack Jones,jack.jones662@shopmail.com,United States,2023-03-02,Premium,3712.93
663,Yuki Hall,yuki.hall663@shopmail.com,Australia,2026-03-15,Premium,2192.38
664,Mateo Moore,mateo.moore664@shopmail.com,New Zealand,2026-04-28,Premium,3765.63
665,Samuel Harris,samuel.harris665@shopmail.com,United States,2024-02-17,Premium,2840.12
666,Oscar Moore,oscar.moore666@shopmail.com,Canada,2026-02-16,Premium,3650.31
667,Harper Anderson,harper.anderson667@shopmail.com,Australia,2024-08-06,Premium,114.77
668,Maya Patel,maya.patel668@shopmail.com,Singapore,2020-02-09,Premium,4564.75
669,James Kim,james.kim669@shopmail.com,Canada,2023-06-13,Premium,498.96
670,Kai Harris,kai.harris670@shopmail.com,United Kingdom,2025-07-08,Premium,4613.69
671,Isabella Lewis,isabella.lewis671@shopmail.com,Australia,2020-06-28,Premium,4422.12
672,Kai Singh,kai.singh672@shopmail.com,Canada,2024-03-05,Premium,2200.60
673,Ava Miller,ava.miller673@shopmail.com,United States,2021-06-30,Premium,3058.64
674,Jack Jones,jack.jones674@shopmail.com,India,2026-05-14,Premium,298.96
675,Elijah Harris,elijah.harris675@shopmail.com,New Zealand,2022-12-05,Premium,4084.39
676,Jack Hall,jack.hall676@shopmail.com,United Kingdom,2025-01-28,Premium,1305.39
677,Noah Moore,noah.moore677@shopmail.com,Australia,2026-07-22,Premium,523.07
678,Oliver Thomas,oliver.thomas678@shopmail.com,United States,2025-03-23,Premium,1507.36
679,Sophia Andersen,sophia.andersen679@shopmail.com,United Kingdom,2022-04-30,Premium,2169.20
680,Henry Clark,henry.clark680@shopmail.com,Australia,2021-01-05,Premium,756.55
681,Yuki Williams,yuki.williams681@shopmail.com,Australia,2023-09-04,Premium,711.95
682,Harper Patel,harper.patel682@shopmail.com,United Kingdom,2025-10-04,Premium,234.96
683,Yuki Clark,yuki.clark683@shopmail.com,Australia,2020-05-07,Premium,4570.06
684,Chloe Dubois,chloe.dubois684@shopmail.com,Canada,2026-03-03,Premium,1199.29
685,Henry Miller,henry.miller685@shopmail.com,Ireland,2021-07-26,Premium,582.98
686,Emma Lee,emma.lee686@shopmail.com,Australia,2022-03-22,Premium,3953.63
687,Mateo Garcia,mateo.garcia687@shopmail.com,India,2026-07-28,Premium,1242.34
688,Noah Johnson,noah.johnson688@shopmail.com,Australia,2022-03-20,Premium,4331.98
689,Chloe Wilson,chloe.wilson689@shopmail.com,Australia,2023-09-20,Premium,588.13
690,Henry Brown,henry.brown690@shopmail.com,Australia,2026-06-08,Premium,2079.15
691,Jack Cohen,jack.cohen691@shopmail.com,Australia,2024-04-16,Premium,3279.42
692,Mia Patel,mia.patel692@shopmail.com,Australia,2022-02-05,Premium,1319.91
693,Chloe Anderson,chloe.anderson693@shopmail.com,Australia,2022-10-03,Premium,3106.94
694,Oscar Singh,oscar.singh694@shopmail.com,United States,2025-05-16,Premium,292.70
695,Zara Kim,zara.kim695@shopmail.com,Australia,2024-09-13,Premium,957.40
696,Kai Harris,kai.harris696@shopmail.com,Singapore,2026-02-04,Premium,3815.26
697,Charlotte Patel,charlotte.patel697@shopmail.com,United States,2026-02-08,Premium,3750.89
698,Sofia Costa,sofia.costa698@shopmail.com,United States,2023-08-10,Premium,1864.23
699,Mia Johnson,mia.johnson699@shopmail.com,United Kingdom,2022-06-16,Premium,140.66
700,Zara Brown,zara.brown700@shopmail.com,Ireland,2025-04-16,Premium,2541.28
701,Hugo Lee,hugo.lee701@shopmail.com,Australia,2021-02-14,Premium,1189.71
702,Harper Lewis,harper.lewis702@shopmail.com,United States,2020-08-17,Premium,3667.44
703,Ethan Costa,ethan.costa703@shopmail.com,Ireland,2024-05-09,Premium,1703.06
704,Mia Taylor,mia.taylor704@shopmail.com,Australia,2023-07-26,Premium,3869.81
705,Sofia Johnson,sofia.johnson705@shopmail.com,Canada,2023-12-11,Premium,4548.28
706,Nina Anderson,nina.anderson706@shopmail.com,India,2022-02-10,Premium,4016.14
707,Oscar Andersen,oscar.andersen707@shopmail.com,New Zealand,2021-12-20,Premium,2354.09
708,Ava Brown,ava.brown708@shopmail.com,Australia,2022-06-15,Premium,95.65
709,Ruby Smith,ruby.smith709@shopmail.com,United Kingdom,2022-04-05,Premium,3870.94
710,Chen Taylor,chen.taylor710@shopmail.com,Ireland,2023-08-18,Premium,285.87
711,Isabella Anderson,isabella.anderson711@shopmail.com,Ireland,2021-03-30,Premium,4063.11
712,Mateo Jones,mateo.jones712@shopmail.com,United Kingdom,2024-06-08,Premium,2812.88
713,Chen Walker,chen.walker713@shopmail.com,United Kingdom,2021-07-12,Premium,4684.13
714,Leo Cohen,leo.cohen714@shopmail.com,Singapore,2023-07-23,Premium,836.17
715,Arjun Patel,arjun.patel715@shopmail.com,Australia,2026-08-09,Premium,3909.38
716,Charlotte Walker,charlotte.walker716@shopmail.com,Canada,2023-04-21,Premium,611.27
717,James Costa,james.costa717@shopmail.com,United Kingdom,2026-05-13,Premium,155.44
718,Eva Hall,eva.hall718@shopmail.com,Ireland,2022-06-23,Premium,3070.30
719,Oliver Cohen,oliver.cohen719@shopmail.com,Australia,2023-09-18,Premium,3577.65
720,Harper Patel,harper.patel720@shopmail.com,United Kingdom,2021-11-18,Premium,3053.70
721,Ava Allen,ava.allen721@shopmail.com,United States,2020-02-16,Premium,1273.02
722,Harper Jones,harper.jones722@shopmail.com,United Kingdom,2022-11-17,Premium,3777.70
723,James Brown,james.brown723@shopmail.com,United Kingdom,2024-11-29,Premium,3516.41
724,Lucas Singh,lucas.singh724@shopmail.com,United States,2024-03-31,Premium,1685.91
725,Charlotte Miller,charlotte.miller725@shopmail.com,United States,2026-06-25,Premium,3124.65
726,Ethan Thomas,ethan.thomas726@shopmail.com,United States,2020-10-28,Premium,3836.13
727,Liam Young,liam.young727@shopmail.com,Australia,2023-07-29,Premium,1253.41
728,Oliver Jones,oliver.jones728@shopmail.com,United Kingdom,2021-11-27,Premium,4262.07
729,Lucas Jones,lucas.jones729@shopmail.com,United States,2021-01-16,Premium,1622.16
730,Samuel Murphy,samuel.murphy730@shopmail.com,Canada,2020-05-06,Premium,2070.35
731,Lucas Kowalski,lucas.kowalski731@shopmail.com,Australia,2020-08-07,Premium,486.04
732,Amelia Moore,amelia.moore732@shopmail.com,United Kingdom,2026-03-19,Premium,3465.78
733,Maya Clark,maya.clark733@shopmail.com,Singapore,2023-02-27,Premium,1427.52
734,Oliver Brown,oliver.brown734@shopmail.com,United Kingdom,2026-05-30,Premium,2638.38
735,Oscar Anderson,oscar.anderson735@shopmail.com,Australia,2024-01-17,Premium,18.31
736,Ava Young,ava.young736@shopmail.com,Singapore,2025-05-21,Premium,958.44
737,Olivia Martin,olivia.martin737@shopmail.com,Australia,2023-04-10,Premium,4689.88
738,Ruby Davis,ruby.davis738@shopmail.com,New Zealand,2024-06-16,Premium,2260.53
739,Aarav Garcia,aarav.garcia739@shopmail.com,Singapore,2026-02-06,Premium,1860.13
740,Mateo Kim,mateo.kim740@shopmail.com,United Kingdom,2022-02-03,Premium,2139.72
741,Aarav Silva,aarav.silva741@shopmail.com,United States,2022-12-14,Premium,1085.96
742,Zara Costa,zara.costa742@shopmail.com,Australia,2021-09-11,Premium,3610.73
743,Oliver Garcia,oliver.garcia743@shopmail.com,Singapore,2023-11-09,Premium,3879.26
744,Grace Lee,grace.lee744@shopmail.com,United States,2020-09-06,Premium,4035.83
745,Kai Singh,kai.singh745@shopmail.com,United States,2025-04-28,Premium,2749.03
746,Harper Murphy,harper.murphy746@shopmail.com,New Zealand,2020-11-19,Premium,1895.06
747,Liam Khan,liam.khan747@shopmail.com,India,2025-10-17,Premium,3842.16
748,Samuel Anderson,samuel.anderson748@shopmail.com,Australia,2025-01-13,Premium,829.82
749,Lucas Martin,lucas.martin749@shopmail.com,Ireland,2022-02-28,Premium,605.69
750,Leo Garcia,leo.garcia750@shopmail.com,Singapore,2024-11-18,Premium,969.21
751,Isabella Clark,isabella.clark751@shopmail.com,United Kingdom,2020-10-01,Premium,417.73
752,Arjun Chen,arjun.chen752@shopmail.com,United States,2023-08-28,Premium,4111.80
753,Kai Rossi,kai.rossi753@shopmail.com,Australia,2026-08-03,Premium,2508.30
754,Grace Davis,grace.davis754@shopmail.com,United Kingdom,2021-09-04,Premium,711.36
755,Hugo Miller,hugo.miller755@shopmail.com,Australia,2026-04-23,Premium,3741.81
756,Wei Andersen,wei.andersen756@shopmail.com,United Kingdom,2024-08-10,Premium,1267.86
757,Oscar Costa,oscar.costa757@shopmail.com,India,2025-04-21,Premium,179.84
758,Zara Chen,zara.chen758@shopmail.com,Australia,2024-07-03,Premium,186.16
759,Chen Harris,chen.harris759@shopmail.com,Australia,2025-04-30,Premium,4420.01
760,Mateo Johnson,mateo.johnson760@shopmail.com,United Kingdom,2023-05-26,Premium,1492.56
761,Oscar Miller,oscar.miller761@shopmail.com,Australia,2021-07-04,Premium,1442.31
762,Chloe Hall,chloe.hall762@shopmail.com,New Zealand,2024-09-03,Premium,2903.90
763,Ava Moore,ava.moore763@shopmail.com,United States,2022-05-15,Premium,4384.48
764,Grace Cohen,grace.cohen764@shopmail.com,Ireland,2025-10-16,Premium,4162.51
765,Emma Khan,emma.khan765@shopmail.com,Ireland,2021-10-13,Premium,314.96
766,Isla Chen,isla.chen766@shopmail.com,Australia,2025-11-17,Premium,4220.80
767,Olivia Taylor,olivia.taylor767@shopmail.com,Australia,2022-04-02,Premium,4017.49
768,Harper Williams,harper.williams768@shopmail.com,United States,2020-07-26,Premium,4406.55
769,Mason Lewis,mason.lewis769@shopmail.com,United Kingdom,2025-03-16,Premium,2424.61
770,Sophia Johnson,sophia.johnson770@shopmail.com,Australia,2024-03-05,Premium,2346.18
771,Chloe Taylor,chloe.taylor771@shopmail.com,United States,2026-07-31,Premium,2646.40
772,Sofia Thomas,sofia.thomas772@shopmail.com,New Zealand,2021-01-05,Premium,1368.33
773,Charlotte Brown,charlotte.brown773@shopmail.com,Australia,2026-06-01,Premium,3743.18
774,Amelia Lee,amelia.lee774@shopmail.com,Singapore,2022-07-11,Premium,3252.94
775,Zara Singh,zara.singh775@shopmail.com,United States,2020-03-23,Premium,4150.22
776,James Murphy,james.murphy776@shopmail.com,Australia,2021-12-10,Premium,2885.48
777,James Lee,james.lee777@shopmail.com,New Zealand,2023-06-05,Premium,3421.15
778,Zara Kowalski,zara.kowalski778@shopmail.com,United Kingdom,2023-11-29,Premium,2203.19
779,Amelia Rossi,amelia.rossi779@shopmail.com,New Zealand,2025-11-02,Premium,3956.69
780,Jack Miller,jack.miller780@shopmail.com,Australia,2025-09-26,Premium,4797.26
781,Mateo Dubois,mateo.dubois781@shopmail.com,Singapore,2023-03-03,Premium,1432.68
782,Oliver Murphy,oliver.murphy782@shopmail.com,Australia,2023-10-09,Premium,4744.13
783,Priya Lewis,priya.lewis783@shopmail.com,New Zealand,2023-05-08,Premium,904.13
784,Kai Harris,kai.harris784@shopmail.com,Australia,2024-07-13,Premium,3170.55
785,Elijah Johnson,elijah.johnson785@shopmail.com,Singapore,2025-07-30,Premium,4787.85
786,Aarav Singh,aarav.singh786@shopmail.com,United Kingdom,2024-05-09,Premium,3536.31
787,Hugo Costa,hugo.costa787@shopmail.com,Australia,2023-11-06,Premium,3487.44
788,Ethan Andersen,ethan.andersen788@shopmail.com,Singapore,2025-05-02,Premium,4351.33
789,Sofia Khan,sofia.khan789@shopmail.com,New Zealand,2021-11-27,Premium,4035.07
790,Arjun Taylor,arjun.taylor790@shopmail.com,New Zealand,2021-02-03,Premium,2259.75
791,Aarav Dubois,aarav.dubois791@shopmail.com,Ireland,2022-01-19,Premium,4545.23
792,Chen Garcia,chen.garcia792@shopmail.com,Australia,2023-12-26,Premium,1071.97
793,Yuki Singh,yuki.singh793@shopmail.com,Ireland,2023-09-19,Premium,1784.08
794,Hugo Young,hugo.young794@shopmail.com,United States,2021-04-27,Premium,2258.58
795,Hugo Jones,hugo.jones795@shopmail.com,United States,2022-03-07,Premium,2402.29
796,Charlotte Nakamura,charlotte.nakamura796@shopmail.com,New Zealand,2024-08-19,Premium,259.50
797,Isabella Wilson,isabella.wilson797@shopmail.com,Australia,2023-11-04,Premium,1964.12
798,Nina Rossi,nina.rossi798@shopmail.com,Australia,2023-07-19,Premium,4139.49
799,Mia Garcia,mia.garcia799@shopmail.com,United States,2023-09-24,Premium,3028.96
800,Mia Hall,mia.hall800@shopmail.com,Singapore,2020-08-25,Premium,22.62
801,Zara Martin,zara.martin801@shopmail.com,Ireland,2021-11-21,Premium,2766.14
802,Lucas Cohen,lucas.cohen802@shopmail.com,Ireland,2020-12-26,Premium,621.15
803,Leo Kowalski,leo.kowalski803@shopmail.com,United Kingdom,2024-10-23,Premium,4633.57
804,Charlotte Smith,charlotte.smith804@shopmail.com,Australia,2025-12-26,Premium,957.19
805,Mateo Smith,mateo.smith805@shopmail.com,United Kingdom,2025-12-15,Premium,914.77
806,James Harris,james.harris806@shopmail.com,Australia,2023-11-11,Premium,1498.04
807,Oliver Kim,oliver.kim807@shopmail.com,United States,2026-08-08,Premium,1469.35
808,Noah Williams,noah.williams808@shopmail.com,New Zealand,2023-04-06,Premium,2188.45
809,Kai Nakamura,kai.nakamura809@shopmail.com,United Kingdom,2024-11-11,Premium,4262.28
810,Elijah Allen,elijah.allen810@shopmail.com,United States,2024-01-11,Premium,3600.55
811,Lucas Chen,lucas.chen811@shopmail.com,Australia,2022-07-24,Premium,1076.74
812,Elijah Martin,elijah.martin812@shopmail.com,Canada,2020-03-30,Premium,2830.53
813,Lucas Davis,lucas.davis813@shopmail.com,United Kingdom,2020-06-02,Premium,1800.92
814,Aarav Andersen,aarav.andersen814@shopmail.com,India,2020-07-18,Premium,2850.84
815,Emma Miller,emma.miller815@shopmail.com,Singapore,2020-03-21,Premium,231.53
816,Sophia Singh,sophia.singh816@shopmail.com,United States,2024-04-06,Premium,593.26
817,Aarav Murphy,aarav.murphy817@shopmail.com,Canada,2021-09-19,Premium,986.38
818,James Walker,james.walker818@shopmail.com,United Kingdom,2021-02-17,Premium,3179.92
819,Zara Wilson,zara.wilson819@shopmail.com,United Kingdom,2021-03-05,Premium,2455.61
820,Samuel Davis,samuel.davis820@shopmail.com,New Zealand,2021-04-11,Premium,3766.85
821,Oscar Moore,oscar.moore821@shopmail.com,India,2022-03-29,Premium,3734.20
822,Kai Moore,kai.moore822@shopmail.com,United Kingdom,2024-08-05,Premium,1417.69
823,Liam Dubois,liam.dubois823@shopmail.com,United States,2022-04-30,Premium,3303.38
824,Ruby Allen,ruby.allen824@shopmail.com,Australia,2020-01-12,Premium,61.20
825,Ava Davis,ava.davis825@shopmail.com,India,2025-07-16,Premium,715.89
826,Ava Khan,ava.khan826@shopmail.com,Australia,2021-02-18,Premium,4342.94
827,Ethan Rossi,ethan.rossi827@shopmail.com,New Zealand,2022-12-17,Premium,2228.53
828,Oliver Taylor,oliver.taylor828@shopmail.com,Australia,2023-04-05,Premium,1729.03
829,Priya Kowalski,priya.kowalski829@shopmail.com,Canada,2021-04-19,Premium,455.99
830,Liam Smith,liam.smith830@shopmail.com,Australia,2021-11-29,Premium,1577.57
831,Chloe Lewis,chloe.lewis831@shopmail.com,Canada,2021-01-15,Premium,1788.59
832,Chen Taylor,chen.taylor832@shopmail.com,Australia,2024-06-29,Premium,1921.20
833,Henry Lewis,henry.lewis833@shopmail.com,United Kingdom,2025-05-12,Premium,3839.52
834,Lucas Davis,lucas.davis834@shopmail.com,Australia,2020-08-28,Premium,4711.53
835,Lucas Miller,lucas.miller835@shopmail.com,United Kingdom,2025-05-31,Premium,3850.87
836,Chloe Taylor,chloe.taylor836@shopmail.com,India,2024-04-04,Premium,3739.99
837,Samuel Johnson,samuel.johnson837@shopmail.com,Singapore,2021-06-19,Premium,2318.78
838,Oscar Davis,oscar.davis838@shopmail.com,United Kingdom,2024-12-10,Premium,220.67
839,Aarav Hall,aarav.hall839@shopmail.com,Australia,2025-11-19,Premium,3684.14
840,Nina Costa,nina.costa840@shopmail.com,Australia,2023-10-17,Premium,2491.68
841,Samuel Miller,samuel.miller841@shopmail.com,United Kingdom,2022-10-15,Premium,2313.26
842,Charlotte Anderson,charlotte.anderson842@shopmail.com,United States,2020-08-11,Premium,55.90
843,Lucas Khan,lucas.khan843@shopmail.com,United States,2025-07-23,Premium,4173.20
844,Noah Cohen,noah.cohen844@shopmail.com,United Kingdom,2022-09-13,Premium,1588.30
845,Zara Brown,zara.brown845@shopmail.com,United States,2022-07-01,Premium,2642.38
846,Charlotte Chen,charlotte.chen846@shopmail.com,Australia,2020-11-18,Premium,2203.65
847,Nina Silva,nina.silva847@shopmail.com,Australia,2025-08-03,Premium,2145.93
848,Sophia Cohen,sophia.cohen848@shopmail.com,Canada,2020-03-13,Premium,492.69
849,Grace Williams,grace.williams849@shopmail.com,United States,2026-02-27,Premium,0.81
850,Ava Walker,ava.walker850@shopmail.com,United States,2026-04-22,Premium,992.89
851,Henry Allen,henry.allen851@shopmail.com,United Kingdom,2020-08-10,Premium,3919.63
852,Henry Allen,henry.allen852@shopmail.com,United States,2025-04-21,Premium,3439.96
853,Mateo Silva,mateo.silva853@shopmail.com,Australia,2021-02-03,Premium,3644.74
854,Ethan Smith,ethan.smith854@shopmail.com,United Kingdom,2023-12-25,Premium,3983.44
855,Wei Dubois,wei.dubois855@shopmail.com,United States,2024-03-11,Premium,3370.06
856,Liam Thomas,liam.thomas856@shopmail.com,United States,2021-07-29,Premium,3944.83
857,Grace Miller,grace.miller857@shopmail.com,New Zealand,2022-03-13,Premium,900.21
858,Jack Martin,jack.martin858@shopmail.com,United States,2022-02-19,Premium,3440.58
859,Oliver Singh,oliver.singh859@shopmail.com,Australia,2026-08-08,Premium,591.45
860,Chloe Rossi,chloe.rossi860@shopmail.com,Singapore,2026-08-10,Premium,4589.71
861,Elijah Cohen,elijah.cohen861@shopmail.com,Australia,2025-12-12,Premium,3533.83
862,Arjun Kowalski,arjun.kowalski862@shopmail.com,India,2025-06-01,Premium,4436.98
863,Mia Taylor,mia.taylor863@shopmail.com,Canada,2021-06-09,Premium,497.06
864,Eva Hall,eva.hall864@shopmail.com,United States,2024-04-24,Premium,2009.59
865,Eva Harris,eva.harris865@shopmail.com,New Zealand,2024-06-17,Premium,4625.25
866,Wei Silva,wei.silva866@shopmail.com,Ireland,2021-06-30,Premium,663.26
867,Eva Khan,eva.khan867@shopmail.com,New Zealand,2026-02-21,Premium,4131.40
868,Arjun Martin,arjun.martin868@shopmail.com,Australia,2022-05-08,Premium,2996.00
869,Wei Patel,wei.patel869@shopmail.com,Singapore,2021-06-27,Premium,4710.41
870,Mia Khan,mia.khan870@shopmail.com,United States,2023-08-13,Premium,3409.69
871,Sofia Dubois,sofia.dubois871@shopmail.com,United States,2026-07-15,Premium,2739.06
872,Grace Andersen,grace.andersen872@shopmail.com,New Zealand,2024-09-26,Premium,3879.86
873,Kai Miller,kai.miller873@shopmail.com,Australia,2024-04-09,Premium,697.57
874,Emma Moore,emma.moore874@shopmail.com,New Zealand,2021-10-21,Premium,4720.96
875,Aarav Anderson,aarav.anderson875@shopmail.com,Australia,2023-04-23,Premium,979.20
876,Maya Williams,maya.williams876@shopmail.com,United Kingdom,2025-01-27,Premium,491.90
877,Arjun Lee,arjun.lee877@shopmail.com,Canada,2026-04-17,Premium,1866.66
878,Isla Young,isla.young878@shopmail.com,Canada,2020-07-11,Premium,4447.13
879,Charlotte Singh,charlotte.singh879@shopmail.com,Ireland,2023-07-04,Premium,4636.00
880,Emma Smith,emma.smith880@shopmail.com,Canada,2022-10-26,Premium,974.82
881,Chloe Lee,chloe.lee881@shopmail.com,Singapore,2024-02-15,Premium,3624.52
882,Maya Moore,maya.moore882@shopmail.com,Ireland,2022-03-03,Premium,1412.05
883,Mia Jones,mia.jones883@shopmail.com,Australia,2021-12-12,Premium,3528.38
884,Sophia Kim,sophia.kim884@shopmail.com,Australia,2024-10-21,Premium,1339.74
885,Aarav Wilson,aarav.wilson885@shopmail.com,Australia,2026-07-20,Premium,4060.87
886,James Allen,james.allen886@shopmail.com,United States,2021-09-26,Premium,191.71
887,Priya Brown,priya.brown887@shopmail.com,Ireland,2023-05-18,Premium,2354.64
888,Nina Dubois,nina.dubois888@shopmail.com,United Kingdom,2020-10-25,Premium,3763.35
889,Priya Nakamura,priya.nakamura889@shopmail.com,Australia,2022-01-23,Premium,2498.91
890,Isla Thomas,isla.thomas890@shopmail.com,United Kingdom,2026-02-02,Premium,2577.77
891,Ava Patel,ava.patel891@shopmail.com,Australia,2022-05-23,Premium,3184.01
892,Chen Nguyen,chen.nguyen892@shopmail.com,New Zealand,2022-06-13,Premium,4561.48
893,Samuel Nakamura,samuel.nakamura893@shopmail.com,United States,2026-04-18,Premium,3953.70
894,James Davis,james.davis894@shopmail.com,Singapore,2023-11-18,Premium,2139.20
895,Samuel Harris,samuel.harris895@shopmail.com,Australia,2023-08-07,Premium,1830.59
896,Sophia Kim,sophia.kim896@shopmail.com,New Zealand,2026-01-21,Premium,3475.08
897,Olivia Nakamura,olivia.nakamura897@shopmail.com,Ireland,2024-03-15,Premium,2468.68
898,Isla Silva,isla.silva898@shopmail.com,United States,2020-06-28,Premium,1422.88
899,Mason Hall,mason.hall899@shopmail.com,United States,2020-12-03,Premium,4551.42
900,Lucas Andersen,lucas.andersen900@shopmail.com,United States,2020-01-31,Premium,3009.28
901,Amelia Martin,amelia.martin901@shopmail.com,Singapore,2024-10-03,Premium,4011.19
902,Amelia Andersen,amelia.andersen902@shopmail.com,Canada,2024-11-17,Premium,3103.49
903,Noah Anderson,noah.anderson903@shopmail.com,Australia,2025-02-23,Premium,3440.97
904,Liam Garcia,liam.garcia904@shopmail.com,Australia,2020-08-10,Premium,854.36
905,Aarav Dubois,aarav.dubois905@shopmail.com,Australia,2026-06-13,Premium,3943.77
906,Aarav Singh,aarav.singh906@shopmail.com,United Kingdom,2025-01-21,Premium,3025.04
907,Leo Hall,leo.hall907@shopmail.com,Australia,2024-05-14,Premium,3231.83
908,Maya Smith,maya.smith908@shopmail.com,Singapore,2020-09-16,Premium,3628.61
909,Hugo Williams,hugo.williams909@shopmail.com,Canada,2020-10-24,Premium,1716.96
910,Isla Miller,isla.miller910@shopmail.com,New Zealand,2023-05-19,Premium,2911.52
911,Wei Silva,wei.silva911@shopmail.com,United Kingdom,2024-06-06,Premium,3946.19
912,Olivia Murphy,olivia.murphy912@shopmail.com,Australia,2025-12-25,Premium,1055.36
913,Jack Andersen,jack.andersen913@shopmail.com,New Zealand,2021-08-13,Premium,1430.67
914,Mateo Smith,mateo.smith914@shopmail.com,United States,2026-03-23,Premium,678.59
915,Liam Smith,liam.smith915@shopmail.com,India,2024-06-02,Premium,2578.33
916,Ava Walker,ava.walker916@shopmail.com,Australia,2023-11-09,Premium,1016.34
917,Isla Anderson,isla.anderson917@shopmail.com,Australia,2022-01-23,Premium,1059.78
918,Aarav Moore,aarav.moore918@shopmail.com,Australia,2022-01-12,Premium,3220.69
919,Nina Brown,nina.brown919@shopmail.com,Ireland,2026-02-26,Premium,2214.07
920,Arjun Jones,arjun.jones920@shopmail.com,New Zealand,2020-10-02,Premium,1203.30
921,Mason Cohen,mason.cohen921@shopmail.com,United Kingdom,2024-01-02,Premium,615.43
922,Harper Miller,harper.miller922@shopmail.com,New Zealand,2020-10-12,Premium,4320.57
923,Priya Cohen,priya.cohen923@shopmail.com,United States,2023-09-06,Premium,2958.44
924,Yuki Anderson,yuki.anderson924@shopmail.com,India,2026-05-10,Premium,1749.57
925,Priya Kowalski,priya.kowalski925@shopmail.com,Australia,2020-01-20,Premium,1503.43
926,Ethan Kowalski,ethan.kowalski926@shopmail.com,New Zealand,2024-01-12,Premium,644.67
927,Chen Murphy,chen.murphy927@shopmail.com,United States,2024-12-29,Premium,1721.96
928,Yuki Cohen,yuki.cohen928@shopmail.com,United States,2021-03-21,Premium,843.70
929,Eva Garcia,eva.garcia929@shopmail.com,New Zealand,2021-07-27,Premium,4278.23
930,Mason Clark,mason.clark930@shopmail.com,Canada,2020-11-09,Premium,3491.64
931,Olivia Khan,olivia.khan931@shopmail.com,Singapore,2020-05-07,Premium,3900.68
932,Hugo Chen,hugo.chen932@shopmail.com,Ireland,2026-08-13,Premium,1021.25
933,Liam Dubois,liam.dubois933@shopmail.com,New Zealand,2026-02-04,Premium,4291.13
934,Maya Murphy,maya.murphy934@shopmail.com,Singapore,2021-08-31,Premium,1755.93
935,Ethan Young,ethan.young935@shopmail.com,Australia,2025-03-18,Premium,2405.39
936,Ava Chen,ava.chen936@shopmail.com,United Kingdom,2025-08-18,Premium,50.84
937,Harper Thomas,harper.thomas937@shopmail.com,Ireland,2025-10-06,Premium,673.78
938,Lucas Taylor,lucas.taylor938@shopmail.com,India,2026-05-06,Premium,3165.18
939,Isabella Murphy,isabella.murphy939@shopmail.com,United Kingdom,2020-06-14,Premium,1050.33
940,Oscar Lee,oscar.lee940@shopmail.com,Australia,2022-12-18,Premium,1773.29
941,Liam Martin,liam.martin941@shopmail.com,United States,2024-01-19,Premium,1862.85
942,Henry Williams,henry.williams942@shopmail.com,Australia,2023-08-20,Premium,495.48
943,Kai Lewis,kai.lewis943@shopmail.com,Canada,2022-12-14,Premium,2777.43
944,Nina Taylor,nina.taylor944@shopmail.com,United Kingdom,2024-03-30,Premium,1753.42
945,Noah Nakamura,noah.nakamura945@shopmail.com,New Zealand,2024-03-21,Premium,4668.84
946,Ethan Nakamura,ethan.nakamura946@shopmail.com,United Kingdom,2023-12-16,Premium,3922.74
947,Sofia Cohen,sofia.cohen947@shopmail.com,Ireland,2025-05-28,Premium,4258.43
948,James Khan,james.khan948@shopmail.com,Australia,2024-12-06,Premium,794.91
949,Noah Khan,noah.khan949@shopmail.com,Singapore,2023-02-24,Premium,1015.28
950,Mia Thomas,mia.thomas950@shopmail.com,United Kingdom,2021-04-29,Premium,3173.33
951,Grace Allen,grace.allen951@shopmail.com,Canada,2021-04-09,Premium,2311.28
952,Ruby Murphy,ruby.murphy952@shopmail.com,Australia,2021-10-22,Premium,3106.84
953,Grace Johnson,grace.johnson953@shopmail.com,Australia,2020-06-25,Premium,613.85
954,Hugo Thomas,hugo.thomas954@shopmail.com,Australia,2025-09-30,Premium,188.12
955,Nina Anderson,nina.anderson955@shopmail.com,Australia,2021-11-12,Premium,1239.65
956,Mia Nakamura,mia.nakamura956@shopmail.com,United Kingdom,2026-04-27,Premium,3060.59
957,Wei Garcia,wei.garcia957@shopmail.com,Australia,2025-01-13,Premium,2911.32
958,Ruby Murphy,ruby.murphy958@shopmail.com,Australia,2022-06-17,Premium,3985.75
959,Eva Anderson,eva.anderson959@shopmail.com,Ireland,2026-07-14,Premium,3938.18
960,Mia Khan,mia.khan960@shopmail.com,New Zealand,2021-11-17,Premium,3476.10
961,Chen Rossi,chen.rossi961@shopmail.com,India,2020-10-08,Premium,1103.11
962,Charlotte Wilson,charlotte.wilson962@shopmail.com,Australia,2020-03-08,Premium,971.27
963,Isla Singh,isla.singh963@shopmail.com,Australia,2021-01-29,Premium,851.63
964,Samuel Williams,samuel.williams964@shopmail.com,Ireland,2025-12-16,Premium,2415.98
965,Sophia Garcia,sophia.garcia965@shopmail.com,United States,2021-06-17,Premium,4329.53
966,Maya Smith,maya.smith966@shopmail.com,Ireland,2024-11-02,Premium,2505.81
967,Mateo Williams,mateo.williams967@shopmail.com,Canada,2025-12-10,Premium,2058.99
968,Ruby Kim,ruby.kim968@shopmail.com,United Kingdom,2026-08-09,Premium,3862.18
969,Nina Miller,nina.miller969@shopmail.com,United Kingdom,2021-07-02,Premium,1221.69
970,Ethan Garcia,ethan.garcia970@shopmail.com,New Zealand,2026-02-05,Premium,1961.50
971,Mason Smith,mason.smith971@shopmail.com,Canada,2020-01-30,Premium,2774.34
972,Sophia Nakamura,sophia.nakamura972@shopmail.com,Australia,2024-03-16,Premium,3141.82
973,Priya Singh,priya.singh973@shopmail.com,United Kingdom,2021-03-12,Premium,742.94
974,Hugo Clark,hugo.clark974@shopmail.com,New Zealand,2026-01-04,Premium,2033.10
975,Mateo Lewis,mateo.lewis975@shopmail.com,Singapore,2024-06-15,Premium,3623.87
976,Grace Dubois,grace.dubois976@shopmail.com,Ireland,2026-04-02,Premium,2315.85
977,Mateo Dubois,mateo.dubois977@shopmail.com,United States,2025-06-04,Premium,1218.13
978,Yuki Costa,yuki.costa978@shopmail.com,United Kingdom,2024-06-18,Premium,3531.76
979,Sophia Lee,sophia.lee979@shopmail.com,United States,2021-10-24,Premium,481.34
980,Isla Chen,isla.chen980@shopmail.com,Ireland,2023-10-18,Premium,3844.10
981,Samuel Brown,samuel.brown981@shopmail.com,Australia,2024-05-12,Premium,4629.94
982,James Garcia,james.garcia982@shopmail.com,Australia,2025-04-15,Premium,4444.14
983,Leo Garcia,leo.garcia983@shopmail.com,Australia,2022-12-13,Premium,1064.50
984,Ava Williams,ava.williams984@shopmail.com,Canada,2024-04-23,Premium,4467.29
985,Jack Nakamura,jack.nakamura985@shopmail.com,New Zealand,2020-08-23,Premium,4539.44
986,Mia Cohen,mia.cohen986@shopmail.com,United States,2020-02-13,Premium,968.19
987,Kai Young,kai.young987@shopmail.com,Australia,2020-05-17,Premium,3763.01
988,Isla Nakamura,isla.nakamura988@shopmail.com,Canada,2022-08-06,Premium,2952.91
989,Liam Nguyen,liam.nguyen989@shopmail.com,Australia,2020-01-02,Premium,4683.10
990,Ava Lewis,ava.lewis990@shopmail.com,Ireland,2024-06-24,Premium,1695.01
991,Jack Chen,jack.chen991@shopmail.com,India,2022-03-31,Premium,2485.16
992,Noah Garcia,noah.garcia992@shopmail.com,United States,2023-03-11,Premium,3485.47
993,Arjun Patel,arjun.patel993@shopmail.com,United Kingdom,2023-02-06,Premium,1086.22
994,Mason Rossi,mason.rossi994@shopmail.com,United Kingdom,2026-06-12,Premium,22.33
995,Mia Singh,mia.singh995@shopmail.com,United States,2021-03-12,Premium,2681.43
996,Isla Young,isla.young996@shopmail.com,United Kingdom,2021-04-24,Premium,3854.12
997,Aarav Andersen,aarav.andersen997@shopmail.com,Ireland,2026-06-12,Premium,1200.68
998,Chloe Kim,chloe.kim998@shopmail.com,India,2025-06-03,Premium,3695.84
999,Chen Rossi,chen.rossi999@shopmail.com,Singapore,2025-03-02,Premium,4303.31
1000,Olivia Murphy,olivia.murphy1000@shopmail.com,Australia,2022-11-22,Premium,324.26
1001,Ethan Lee,ethan.lee1001@shopmail.com,Ireland,2023-07-17,Premium,1979.64
1002,Sofia Nakamura,sofia.nakamura1002@shopmail.com,United States,2020-02-09,Premium,3363.93
1003,Aarav Harris,aarav.harris1003@shopmail.com,New Zealand,2021-01-15,Premium,1914.87
1004,Chen Jones,chen.jones1004@shopmail.com,United States,2022-01-01,Premium,2287.47
1005,Sofia Martin,sofia.martin1005@shopmail.com,India,2023-01-07,Premium,877.37
1006,Mason Cohen,mason.cohen1006@shopmail.com,Canada,2022-03-28,Premium,1127.33
1007,Harper Clark,harper.clark1007@shopmail.com,Australia,2022-07-27,Premium,973.28
1008,Harper Patel,harper.patel1008@shopmail.com,Australia,2021-03-12,Premium,575.42
1009,Ava Cohen,ava.cohen1009@shopmail.com,India,2020-01-28,Premium,3668.37
1010,Maya Williams,maya.williams1010@shopmail.com,United States,2024-02-29,Premium,2979.20
1011,Oscar Costa,oscar.costa1011@shopmail.com,New Zealand,2025-07-03,Premium,877.78
1012,Isla Lewis,isla.lewis1012@shopmail.com,United Kingdom,2022-06-28,Premium,3600.81
1013,Elijah Brown,elijah.brown1013@shopmail.com,United States,2024-09-29,Premium,2295.94
1014,Maya Williams,maya.williams1014@shopmail.com,United States,2023-11-23,Premium,1889.84
1015,Mia Rossi,mia.rossi1015@shopmail.com,Australia,2025-10-23,Premium,2208.34
1016,James Smith,james.smith1016@shopmail.com,Singapore,2022-05-13,Premium,1821.25
1017,Oliver Hall,oliver.hall1017@shopmail.com,United Kingdom,2022-11-29,Premium,898.33
1018,Aarav Harris,aarav.harris1018@shopmail.com,New Zealand,2025-04-14,Premium,4600.93
1019,Chen Nguyen,chen.nguyen1019@shopmail.com,Australia,2025-08-04,Premium,2034.93
1020,Grace Nguyen,grace.nguyen1020@shopmail.com,United Kingdom,2024-06-28,Premium,1342.22
1021,Mia Costa,mia.costa1021@shopmail.com,Australia,2026-06-16,Premium,3292.86
1022,Oliver Lewis,oliver.lewis1022@shopmail.com,Ireland,2022-08-23,Premium,2665.63
1023,Charlotte Moore,charlotte.moore1023@shopmail.com,Australia,2021-09-04,Premium,2270.34
1024,James Taylor,james.taylor1024@shopmail.com,United Kingdom,2025-08-08,Premium,645.46
1025,Kai Andersen,kai.andersen1025@shopmail.com,Canada,2023-07-17,Premium,3769.60
1026,Yuki Clark,yuki.clark1026@shopmail.com,United States,2026-05-14,Premium,229.00
1027,Oliver Thomas,oliver.thomas1027@shopmail.com,Australia,2022-06-01,Premium,3906.33
1028,Ruby Miller,ruby.miller1028@shopmail.com,United States,2023-10-02,Premium,1246.89
1029,Mateo Dubois,mateo.dubois1029@shopmail.com,United States,2022-11-21,Premium,1651.87
1030,Grace Davis,grace.davis1030@shopmail.com,United Kingdom,2022-03-25,Premium,2768.90
1031,Maya Taylor,maya.taylor1031@shopmail.com,Ireland,2023-03-11,Premium,1704.52
1032,Isla Cohen,isla.cohen1032@shopmail.com,Ireland,2025-01-04,Premium,4270.24
1033,Charlotte Young,charlotte.young1033@shopmail.com,United States,2021-08-16,Premium,4167.64
1034,Chen Singh,chen.singh1034@shopmail.com,Singapore,2026-05-30,Premium,1942.91
1035,Noah Garcia,noah.garcia1035@shopmail.com,Australia,2023-11-08,Premium,1095.45
1036,Priya Young,priya.young1036@shopmail.com,Canada,2022-12-31,Premium,2905.85
1037,Jack Lewis,jack.lewis1037@shopmail.com,United States,2024-01-27,Premium,3589.90
1038,Kai Silva,kai.silva1038@shopmail.com,United Kingdom,2021-11-16,Premium,882.65
1039,Olivia Wilson,olivia.wilson1039@shopmail.com,Canada,2022-08-19,Premium,3177.71
1040,Ava Martin,ava.martin1040@shopmail.com,Australia,2024-06-14,Premium,494.44
1041,Noah Murphy,noah.murphy1041@shopmail.com,United States,2020-08-08,Premium,126.55
1042,Jack Nakamura,jack.nakamura1042@shopmail.com,Ireland,2020-12-06,Premium,498.86
1043,Samuel Anderson,samuel.anderson1043@shopmail.com,Australia,2024-05-15,Premium,1484.98
1044,Harper Young,harper.young1044@shopmail.com,United States,2021-06-01,Premium,630.13
1045,Lucas Johnson,lucas.johnson1045@shopmail.com,Australia,2024-01-01,Premium,4129.77
1046,Priya Murphy,priya.murphy1046@shopmail.com,United States,2026-01-23,Premium,4487.32
1047,Arjun Silva,arjun.silva1047@shopmail.com,Australia,2026-01-17,Premium,849.78
1048,Eva Rossi,eva.rossi1048@shopmail.com,Singapore,2026-04-29,Premium,2087.89
1049,Maya Walker,maya.walker1049@shopmail.com,United Kingdom,2025-05-26,Premium,2590.41
1050,Ava Silva,ava.silva1050@shopmail.com,New Zealand,2024-02-07,Premium,1978.58
1051,Isabella Walker,isabella.walker1051@shopmail.com,Australia,2020-01-01,Premium,2511.92
1052,Elijah Patel,elijah.patel1052@shopmail.com,New Zealand,2025-04-05,Premium,2568.47
1053,Oscar Murphy,oscar.murphy1053@shopmail.com,New Zealand,2020-02-07,Premium,3676.17
1054,Wei Lee,wei.lee1054@shopmail.com,Ireland,2020-01-30,Premium,2631.42
1055,Mason Singh,mason.singh1055@shopmail.com,United States,2024-11-25,Premium,1894.81
1056,Lucas Kim,lucas.kim1056@shopmail.com,United Kingdom,2022-06-22,Premium,1262.31
1057,Leo Harris,leo.harris1057@shopmail.com,United States,2023-01-18,Premium,1366.45
1058,Maya Lewis,maya.lewis1058@shopmail.com,United Kingdom,2022-02-09,Premium,4096.71
1059,Mia Wilson,mia.wilson1059@shopmail.com,New Zealand,2021-03-28,Premium,3057.09
1060,Samuel Silva,samuel.silva1060@shopmail.com,New Zealand,2025-07-08,Premium,901.39
1061,Olivia Anderson,olivia.anderson1061@shopmail.com,Australia,2025-12-31,Premium,106.23
1062,Oliver Young,oliver.young1062@shopmail.com,New Zealand,2021-05-27,Premium,3432.94
1063,James Lee,james.lee1063@shopmail.com,Australia,2021-09-09,Premium,70.68
1064,Amelia Allen,amelia.allen1064@shopmail.com,United Kingdom,2023-06-30,Premium,3771.48
1065,Oscar Nguyen,oscar.nguyen1065@shopmail.com,United States,2020-05-09,Premium,1585.19
1066,Isabella Brown,isabella.brown1066@shopmail.com,New Zealand,2024-05-26,Premium,342.65
1067,Ruby Taylor,ruby.taylor1067@shopmail.com,Australia,2022-10-21,Premium,3922.80
1068,James Davis,james.davis1068@shopmail.com,Ireland,2022-10-16,Premium,1847.03
1069,Chloe Harris,chloe.harris1069@shopmail.com,Canada,2020-05-17,Premium,956.06
1070,Oliver Nakamura,oliver.nakamura1070@shopmail.com,Singapore,2022-05-03,Premium,2269.56
1071,Yuki Hall,yuki.hall1071@shopmail.com,Australia,2020-06-21,Premium,3574.68
1072,Arjun Nakamura,arjun.nakamura1072@shopmail.com,Australia,2022-11-03,Premium,2309.90
1073,Yuki Moore,yuki.moore1073@shopmail.com,United Kingdom,2020-08-01,Premium,4145.56
1074,Amelia Davis,amelia.davis1074@shopmail.com,Australia,2024-11-13,Premium,1557.66
1075,Lucas Lewis,lucas.lewis1075@shopmail.com,India,2021-05-05,Premium,1899.88
1076,Harper Smith,harper.smith1076@shopmail.com,Australia,2026-07-08,Premium,3760.68
1077,Ruby Anderson,ruby.anderson1077@shopmail.com,United Kingdom,2021-01-01,Premium,1193.87
1078,Oscar Garcia,oscar.garcia1078@shopmail.com,Singapore,2023-10-18,Premium,4468.07
1079,Emma Brown,emma.brown1079@shopmail.com,United Kingdom,2021-09-22,Premium,3366.38
1080,Oliver Wilson,oliver.wilson1080@shopmail.com,United States,2022-08-11,Premium,1520.35
1081,Arjun Patel,arjun.patel1081@shopmail.com,Ireland,2024-12-01,Premium,3519.31
1082,Olivia Kim,olivia.kim1082@shopmail.com,United Kingdom,2021-07-05,Premium,1203.34
1083,Liam Cohen,liam.cohen1083@shopmail.com,Canada,2024-11-27,Premium,2683.32
1084,Maya Cohen,maya.cohen1084@shopmail.com,Australia,2026-05-10,Premium,895.81
1085,Sofia Hall,sofia.hall1085@shopmail.com,Canada,2025-04-02,Premium,1321.56
1086,Eva Dubois,eva.dubois1086@shopmail.com,Australia,2020-10-09,Premium,2549.46
1087,Chloe Young,chloe.young1087@shopmail.com,New Zealand,2026-01-27,Premium,1762.14
1088,James Khan,james.khan1088@shopmail.com,United Kingdom,2022-01-29,Premium,4238.08
1089,Samuel Nguyen,samuel.nguyen1089@shopmail.com,Ireland,2022-09-05,Premium,1539.33
1090,Noah Andersen,noah.andersen1090@shopmail.com,United Kingdom,2022-02-16,Premium,2515.53
1091,Oscar Dubois,oscar.dubois1091@shopmail.com,Australia,2023-03-05,Premium,1548.48
1092,Priya Davis,priya.davis1092@shopmail.com,Australia,2025-11-13,Premium,3162.68
1093,Liam Wilson,liam.wilson1093@shopmail.com,Australia,2020-05-08,Premium,969.98
1094,Oscar Moore,oscar.moore1094@shopmail.com,Australia,2020-05-10,Premium,2740.86
1095,Charlotte Cohen,charlotte.cohen1095@shopmail.com,United States,2026-08-14,Premium,1228.50
1096,Mateo Lee,mateo.lee1096@shopmail.com,India,2020-10-17,Premium,62.81
1097,Amelia Cohen,amelia.cohen1097@shopmail.com,Australia,2025-04-01,Premium,3844.90
1098,Emma Nguyen,emma.nguyen1098@shopmail.com,United States,2024-08-30,Premium,3945.73
1099,Emma Lewis,emma.lewis1099@shopmail.com,United States,2020-06-15,Premium,3524.64
1100,Yuki Jones,yuki.jones1100@shopmail.com,Australia,2025-10-28,Premium,466.17
1101,Ethan Andersen,ethan.andersen1101@shopmail.com,United Kingdom,2022-02-15,Premium,926.97
1102,Harper Costa,harper.costa1102@shopmail.com,Singapore,2022-01-02,Premium,2680.43
1103,Arjun Singh,arjun.singh1103@shopmail.com,Canada,2021-03-08,Premium,3678.16
1104,Nina Patel,nina.patel1104@shopmail.com,Singapore,2025-02-21,Premium,3372.24
1105,Leo Miller,leo.miller1105@shopmail.com,Australia,2022-01-08,Premium,2639.83
1106,Isla Allen,isla.allen1106@shopmail.com,Singapore,2021-10-09,Premium,2562.72
1107,Eva Silva,eva.silva1107@shopmail.com,United Kingdom,2023-07-14,Premium,2640.39
1108,Priya Nguyen,priya.nguyen1108@shopmail.com,United Kingdom,2024-10-29,Premium,3965.54
1109,Priya Harris,priya.harris1109@shopmail.com,India,2026-02-12,Premium,1026.86
1110,Arjun Clark,arjun.clark1110@shopmail.com,United Kingdom,2025-01-27,Premium,2148.00
1111,Jack Smith,jack.smith1111@shopmail.com,Canada,2020-05-21,Premium,4718.19
1112,Eva Johnson,eva.johnson1112@shopmail.com,United States,2021-07-07,Premium,4768.38
1113,Yuki Smith,yuki.smith1113@shopmail.com,New Zealand,2022-06-27,Premium,1031.15
1114,Priya Johnson,priya.johnson1114@shopmail.com,Ireland,2023-02-04,Premium,4411.74
1115,Isla Dubois,isla.dubois1115@shopmail.com,India,2026-05-30,Premium,742.63
1116,Liam Rossi,liam.rossi1116@shopmail.com,United Kingdom,2021-10-01,Premium,664.36
1117,Mateo Harris,mateo.harris1117@shopmail.com,Australia,2022-11-15,Premium,3893.16
1118,Ava Costa,ava.costa1118@shopmail.com,United Kingdom,2026-05-19,Premium,4405.83
1119,Noah Hall,noah.hall1119@shopmail.com,Ireland,2025-05-30,Premium,829.93
1120,Nina Miller,nina.miller1120@shopmail.com,India,2023-05-15,Premium,179.38
1121,Nina Kim,nina.kim1121@shopmail.com,Australia,2020-08-17,Premium,4424.98
1122,Chen Patel,chen.patel1122@shopmail.com,United Kingdom,2024-09-02,Premium,4465.18
1123,Sophia Lee,sophia.lee1123@shopmail.com,Canada,2020-02-16,Premium,3042.66
1124,Charlotte Brown,charlotte.brown1124@shopmail.com,New Zealand,2025-11-17,Premium,197.67
1125,Maya Costa,maya.costa1125@shopmail.com,Australia,2023-08-31,Premium,2411.53
1126,Ethan Anderson,ethan.anderson1126@shopmail.com,Australia,2024-05-28,Premium,4660.99
1127,Eva Costa,eva.costa1127@shopmail.com,United States,2021-01-03,Premium,1066.01
1128,Wei Chen,wei.chen1128@shopmail.com,Australia,2021-06-25,Premium,1613.61
1129,Ruby Costa,ruby.costa1129@shopmail.com,Canada,2020-07-20,Premium,2631.13
1130,Aarav Garcia,aarav.garcia1130@shopmail.com,United Kingdom,2025-08-17,Premium,2085.56
1131,Elijah Wilson,elijah.wilson1131@shopmail.com,United States,2026-04-09,Premium,950.92
1132,Jack Costa,jack.costa1132@shopmail.com,Australia,2026-04-17,Premium,2956.78
1133,Kai Harris,kai.harris1133@shopmail.com,Australia,2020-10-20,Premium,1278.03
1134,Leo Hall,leo.hall1134@shopmail.com,Singapore,2026-06-17,Premium,430.05
1135,Grace Kowalski,grace.kowalski1135@shopmail.com,United Kingdom,2023-11-27,Premium,914.35
1136,Sofia Johnson,sofia.johnson1136@shopmail.com,Ireland,2023-06-02,Premium,812.43
1137,Sofia Silva,sofia.silva1137@shopmail.com,India,2021-08-20,Premium,2114.22
1138,Ethan Moore,ethan.moore1138@shopmail.com,Singapore,2024-03-11,Premium,748.76
1139,Ava Davis,ava.davis1139@shopmail.com,Canada,2020-08-11,Premium,1166.63
1140,Samuel Anderson,samuel.anderson1140@shopmail.com,New Zealand,2020-02-26,Premium,1647.70
1141,Sophia Walker,sophia.walker1141@shopmail.com,United States,2025-04-13,Premium,109.19
1142,Amelia Andersen,amelia.andersen1142@shopmail.com,Australia,2022-04-14,Premium,2622.84
1143,Aarav Dubois,aarav.dubois1143@shopmail.com,United States,2021-08-01,Premium,3336.34
1144,Olivia Kim,olivia.kim1144@shopmail.com,India,2025-11-27,Premium,208.71
1145,Lucas Brown,lucas.brown1145@shopmail.com,New Zealand,2022-04-02,Premium,3788.10
1146,Samuel Lewis,samuel.lewis1146@shopmail.com,Australia,2025-03-19,Premium,3142.84
1147,James Jones,james.jones1147@shopmail.com,United Kingdom,2023-01-16,Premium,3182.31
1148,Mateo Miller,mateo.miller1148@shopmail.com,Australia,2023-04-13,Premium,4163.57
1149,Charlotte Lee,charlotte.lee1149@shopmail.com,United Kingdom,2025-09-13,Premium,4687.74
1150,Oliver Hall,oliver.hall1150@shopmail.com,United States,2025-12-17,Premium,422.50
1151,Mason Khan,mason.khan1151@shopmail.com,United States,2026-04-15,Premium,4446.48
1152,Olivia Williams,olivia.williams1152@shopmail.com,Australia,2025-12-08,Premium,1463.65
1153,Oscar Chen,oscar.chen1153@shopmail.com,Canada,2021-10-05,Premium,88.19
1154,Sofia Patel,sofia.patel1154@shopmail.com,Singapore,2023-05-23,Premium,1133.78
1155,Isla Lewis,isla.lewis1155@shopmail.com,Ireland,2020-09-10,Premium,3003.80
1156,Charlotte Johnson,charlotte.johnson1156@shopmail.com,United States,2023-02-21,Premium,1082.80
1157,Chen Chen,chen.chen1157@shopmail.com,Singapore,2021-07-16,Premium,421.42
1158,Charlotte Nakamura,charlotte.nakamura1158@shopmail.com,Singapore,2022-07-20,Premium,2003.20
1159,Nina Anderson,nina.anderson1159@shopmail.com,United Kingdom,2023-07-03,Premium,4366.73
1160,Chen Silva,chen.silva1160@shopmail.com,United States,2021-06-23,Premium,992.43
1161,Elijah Andersen,elijah.andersen1161@shopmail.com,Singapore,2022-04-08,Premium,4140.42
1162,Yuki Nakamura,yuki.nakamura1162@shopmail.com,Australia,2024-10-27,Premium,4779.29
1163,Isabella Costa,isabella.costa1163@shopmail.com,Australia,2023-07-24,Premium,325.51
1164,Maya Davis,maya.davis1164@shopmail.com,Australia,2023-07-24,Premium,4029.71
1165,Isabella Johnson,isabella.johnson1165@shopmail.com,Ireland,2023-07-29,Premium,4224.63
1166,Grace Singh,grace.singh1166@shopmail.com,New Zealand,2024-12-19,Premium,3578.93
1167,Zara Anderson,zara.anderson1167@shopmail.com,Ireland,2022-02-08,Premium,512.50
1168,Mia Johnson,mia.johnson1168@shopmail.com,Ireland,2022-12-29,Premium,2906.90
1169,Samuel Lee,samuel.lee1169@shopmail.com,India,2022-08-09,Premium,1108.38
1170,Olivia Patel,olivia.patel1170@shopmail.com,Australia,2025-05-06,Premium,643.62
1171,Eva Murphy,eva.murphy1171@shopmail.com,Canada,2024-03-11,Premium,883.09
1172,Charlotte Cohen,charlotte.cohen1172@shopmail.com,United States,2021-07-17,Premium,786.17
1173,Ethan Williams,ethan.williams1173@shopmail.com,United Kingdom,2020-03-02,Premium,4442.09
1174,Grace Lee,grace.lee1174@shopmail.com,Canada,2022-04-10,Premium,3637.33
1175,Noah Taylor,noah.taylor1175@shopmail.com,United States,2025-06-29,Premium,3301.74
1176,Henry Harris,henry.harris1176@shopmail.com,United Kingdom,2024-07-16,Premium,3725.83
1177,Eva Kim,eva.kim1177@shopmail.com,Canada,2023-07-05,Premium,1891.92
1178,Nina Andersen,nina.andersen1178@shopmail.com,United States,2020-06-06,Premium,2499.12
1179,Chloe Rossi,chloe.rossi1179@shopmail.com,Australia,2022-10-03,Premium,2489.77
1180,Jack Williams,jack.williams1180@shopmail.com,United States,2024-05-05,Premium,2477.41
1181,Emma Moore,emma.moore1181@shopmail.com,New Zealand,2024-12-05,Premium,1910.59
1182,Yuki Young,yuki.young1182@shopmail.com,United States,2021-11-12,Premium,2027.82
1183,Samuel Brown,samuel.brown1183@shopmail.com,Canada,2025-10-18,Premium,4337.64
1184,Henry Silva,henry.silva1184@shopmail.com,Australia,2025-08-12,Premium,543.22
1185,Hugo Andersen,hugo.andersen1185@shopmail.com,Australia,2024-05-29,Premium,1985.08
1186,Chloe Johnson,chloe.johnson1186@shopmail.com,Australia,2025-02-01,Premium,2833.51
1187,Mason Rossi,mason.rossi1187@shopmail.com,Australia,2022-10-21,Premium,1555.56
1188,Lucas Davis,lucas.davis1188@shopmail.com,Australia,2021-04-12,Premium,3389.89
1189,Mateo Garcia,mateo.garcia1189@shopmail.com,United States,2024-04-22,Premium,3488.99
1190,Isla Thomas,isla.thomas1190@shopmail.com,United Kingdom,2026-03-04,Premium,1826.91
1191,Lucas Allen,lucas.allen1191@shopmail.com,India,2021-09-06,Premium,778.20
1192,Isabella Taylor,isabella.taylor1192@shopmail.com,Ireland,2020-07-29,Premium,2013.99
1193,Yuki Silva,yuki.silva1193@shopmail.com,New Zealand,2022-01-10,Premium,564.26
1194,Elijah Moore,elijah.moore1194@shopmail.com,Australia,2022-11-02,Premium,58.60
1195,Oscar Cohen,oscar.cohen1195@shopmail.com,United States,2020-01-24,Premium,2918.32
1196,Oscar Harris,oscar.harris1196@shopmail.com,Australia,2026-08-08,Premium,3165.46
1197,Henry Singh,henry.singh1197@shopmail.com,United States,2020-11-21,Premium,2885.84
1198,James Harris,james.harris1198@shopmail.com,United States,2023-02-13,Premium,2974.88
1199,Arjun Martin,arjun.martin1199@shopmail.com,Australia,2022-01-27,Premium,711.63
1200,Sofia Williams,sofia.williams1200@shopmail.com,Australia,2020-05-12,Premium,3201.58
1201,Eva Walker,eva.walker1201@shopmail.com,United Kingdom,2020-12-25,Premium,235.35
1202,Grace Taylor,grace.taylor1202@shopmail.com,Australia,2023-03-10,Premium,2933.23
1203,Eva Costa,eva.costa1203@shopmail.com,Ireland,2026-04-21,Premium,851.61
1204,Henry Nguyen,henry.nguyen1204@shopmail.com,Australia,2021-01-16,Premium,3688.86
1205,Priya Nguyen,priya.nguyen1205@shopmail.com,United Kingdom,2020-10-04,Premium,3640.52
1206,Arjun Jones,arjun.jones1206@shopmail.com,New Zealand,2025-04-12,Premium,645.82
1207,Zara Allen,zara.allen1207@shopmail.com,United States,2024-08-21,Premium,2518.30
1208,Amelia Brown,amelia.brown1208@shopmail.com,Australia,2026-05-29,Premium,3502.70
1209,Kai Garcia,kai.garcia1209@shopmail.com,United States,2023-03-22,Premium,2049.86
1210,Priya Clark,priya.clark1210@shopmail.com,United States,2026-06-13,Premium,4776.12
1211,Sofia Wilson,sofia.wilson1211@shopmail.com,India,2026-04-23,Premium,2382.71
1212,Oscar Cohen,oscar.cohen1212@shopmail.com,Ireland,2022-01-06,Premium,4241.59
1213,Ethan Young,ethan.young1213@shopmail.com,Australia,2020-01-07,Premium,567.39
1214,Henry Davis,henry.davis1214@shopmail.com,Canada,2022-04-29,Premium,3837.91
1215,Grace Singh,grace.singh1215@shopmail.com,Australia,2023-09-29,Premium,1678.32
1216,Amelia Smith,amelia.smith1216@shopmail.com,Singapore,2022-04-04,Premium,3312.08
1217,Aarav Jones,aarav.jones1217@shopmail.com,New Zealand,2023-05-14,Premium,2432.11
1218,Priya Smith,priya.smith1218@shopmail.com,Australia,2023-09-27,Premium,1638.54
1219,Nina Johnson,nina.johnson1219@shopmail.com,Australia,2022-03-05,Premium,1586.47
1220,Chen Murphy,chen.murphy1220@shopmail.com,United States,2020-05-25,Premium,3099.13
1221,Ruby Anderson,ruby.anderson1221@shopmail.com,Singapore,2025-03-01,Premium,4281.88
1222,Maya Allen,maya.allen1222@shopmail.com,United States,2024-08-22,Premium,4453.39
1223,Emma Nakamura,emma.nakamura1223@shopmail.com,New Zealand,2026-05-03,Premium,3479.83
1224,Priya Dubois,priya.dubois1224@shopmail.com,United States,2020-03-17,Premium,999.66
1225,Chen Patel,chen.patel1225@shopmail.com,Australia,2021-09-03,Premium,1346.21
1226,Olivia Allen,olivia.allen1226@shopmail.com,United Kingdom,2025-12-28,Premium,4043.55
1227,Nina Kim,nina.kim1227@shopmail.com,Australia,2021-04-23,Premium,4150.05
1228,Yuki Hall,yuki.hall1228@shopmail.com,Canada,2020-05-09,Premium,1303.19
1229,Ava Cohen,ava.cohen1229@shopmail.com,Australia,2024-03-02,Premium,2169.15
1230,Yuki Martin,yuki.martin1230@shopmail.com,United States,2023-05-23,Premium,840.06
1231,Mateo Williams,mateo.williams1231@shopmail.com,Ireland,2022-04-07,Premium,4384.10
1232,Chloe Khan,chloe.khan1232@shopmail.com,Australia,2025-05-30,Premium,4343.79
1233,Isabella Moore,isabella.moore1233@shopmail.com,United Kingdom,2025-06-03,Premium,3515.72
1234,Kai Walker,kai.walker1234@shopmail.com,Ireland,2023-09-02,Premium,687.82
1235,Oliver Nakamura,oliver.nakamura1235@shopmail.com,Singapore,2021-06-27,Premium,984.90
1236,Liam Rossi,liam.rossi1236@shopmail.com,United Kingdom,2025-11-09,Premium,556.01
1237,Yuki Williams,yuki.williams1237@shopmail.com,Singapore,2020-12-22,Premium,1599.79
1238,Liam Miller,liam.miller1238@shopmail.com,United States,2023-07-03,Premium,107.91
1239,Yuki Martin,yuki.martin1239@shopmail.com,United Kingdom,2022-04-01,Premium,924.22
1240,Zara Andersen,zara.andersen1240@shopmail.com,United Kingdom,2024-12-11,Premium,3221.40
1241,Zara Anderson,zara.anderson1241@shopmail.com,Australia,2023-01-25,Premium,549.41
1242,Samuel Dubois,samuel.dubois1242@shopmail.com,United States,2021-02-23,Premium,991.57
1243,Sofia Dubois,sofia.dubois1243@shopmail.com,United Kingdom,2023-01-15,Premium,679.47
1244,Wei Costa,wei.costa1244@shopmail.com,Australia,2021-12-02,Premium,341.97
1245,Samuel Allen,samuel.allen1245@shopmail.com,United States,2024-12-22,Premium,243.49
1246,Olivia Murphy,olivia.murphy1246@shopmail.com,Singapore,2020-07-25,Premium,508.45
1247,Emma Garcia,emma.garcia1247@shopmail.com,United Kingdom,2024-05-24,Premium,859.12
1248,Eva Silva,eva.silva1248@shopmail.com,India,2023-12-27,Premium,1499.72
1249,Mason Andersen,mason.andersen1249@shopmail.com,Australia,2025-03-22,Premium,2725.39
1250,Ava Rossi,ava.rossi1250@shopmail.com,Australia,2025-02-09,Premium,1489.88
1251,Henry Murphy,henry.murphy1251@shopmail.com,Australia,2022-07-05,Premium,689.86
1252,Samuel Clark,samuel.clark1252@shopmail.com,United Kingdom,2024-05-24,Premium,880.09
1253,Chen Hall,chen.hall1253@shopmail.com,United States,2025-06-19,Premium,145.27
1254,Ruby Davis,ruby.davis1254@shopmail.com,United Kingdom,2025-05-14,Premium,2213.96
1255,Lucas Young,lucas.young1255@shopmail.com,Ireland,2023-11-28,Premium,2901.31
1256,Elijah Khan,elijah.khan1256@shopmail.com,Australia,2024-07-19,Premium,3924.25
1257,Oliver Hall,oliver.hall1257@shopmail.com,United States,2020-10-17,Premium,3803.67
1258,Maya Rossi,maya.rossi1258@shopmail.com,United Kingdom,2024-08-20,Premium,1145.16
1259,Harper Dubois,harper.dubois1259@shopmail.com,Australia,2025-05-29,Premium,1842.32
1260,Chen Martin,chen.martin1260@shopmail.com,Canada,2024-10-31,Premium,3764.71
1261,Leo Costa,leo.costa1261@shopmail.com,Ireland,2023-11-02,Premium,2613.73
1262,Harper Taylor,harper.taylor1262@shopmail.com,Singapore,2020-11-15,Premium,3548.96
1263,Nina Cohen,nina.cohen1263@shopmail.com,Australia,2025-03-11,Premium,1561.81
1264,Oliver Silva,oliver.silva1264@shopmail.com,Australia,2023-06-15,Premium,4588.24
1265,Noah Miller,noah.miller1265@shopmail.com,Singapore,2024-04-01,Premium,1571.56
1266,Emma Garcia,emma.garcia1266@shopmail.com,Australia,2021-07-23,Premium,4258.86
1267,James Anderson,james.anderson1267@shopmail.com,Singapore,2021-09-03,Premium,2174.28
1268,Wei Kim,wei.kim1268@shopmail.com,India,2026-06-25,Premium,2146.37
1269,Amelia Hall,amelia.hall1269@shopmail.com,New Zealand,2026-05-24,Premium,3812.86
1270,Yuki Kowalski,yuki.kowalski1270@shopmail.com,Canada,2023-11-11,Premium,4753.39
1271,Hugo Smith,hugo.smith1271@shopmail.com,India,2025-09-21,Premium,1940.15
1272,Elijah Young,elijah.young1272@shopmail.com,Australia,2024-02-21,Premium,4325.16
1273,Emma Smith,emma.smith1273@shopmail.com,Canada,2026-04-12,Premium,3939.62
1274,Sofia Davis,sofia.davis1274@shopmail.com,New Zealand,2020-05-07,Premium,1129.16
1275,Hugo Chen,hugo.chen1275@shopmail.com,Singapore,2023-07-27,Premium,3416.51
1276,Jack Kim,jack.kim1276@shopmail.com,United Kingdom,2026-02-10,Premium,1013.84
1277,Mia Murphy,mia.murphy1277@shopmail.com,Australia,2022-02-09,Premium,2666.02
1278,Mateo Singh,mateo.singh1278@shopmail.com,Australia,2023-03-27,Premium,4787.79
1279,Elijah Wilson,elijah.wilson1279@shopmail.com,Australia,2020-10-20,Premium,3112.27
1280,Isabella Cohen,isabella.cohen1280@shopmail.com,Singapore,2024-11-23,Premium,4679.88
1281,Elijah Garcia,elijah.garcia1281@shopmail.com,Australia,2024-08-30,Premium,4128.73
1282,Eva Kowalski,eva.kowalski1282@shopmail.com,India,2022-01-06,Premium,2181.09
1283,Leo Dubois,leo.dubois1283@shopmail.com,United States,2024-04-24,Premium,1705.47
1284,Mia Kowalski,mia.kowalski1284@shopmail.com,India,2020-01-31,Premium,2774.10
1285,Harper Khan,harper.khan1285@shopmail.com,New Zealand,2024-08-09,Premium,4447.51
1286,Nina Nguyen,nina.nguyen1286@shopmail.com,Australia,2020-06-04,Premium,2727.12
1287,Mateo Davis,mateo.davis1287@shopmail.com,India,2025-05-26,Premium,4616.34
1288,Ava Anderson,ava.anderson1288@shopmail.com,Canada,2025-11-26,Premium,4721.18
1289,Zara Rossi,zara.rossi1289@shopmail.com,United States,2020-11-16,Premium,2512.11
1290,Samuel Garcia,samuel.garcia1290@shopmail.com,Australia,2025-04-19,Premium,3027.18
1291,Noah Andersen,noah.andersen1291@shopmail.com,Ireland,2026-07-02,Premium,1500.00
1292,Emma Allen,emma.allen1292@shopmail.com,United States,2020-02-14,Premium,2250.57
1293,Isla Murphy,isla.murphy1293@shopmail.com,India,2023-09-19,Premium,2020.88
1294,Wei Young,wei.young1294@shopmail.com,Australia,2020-05-24,Premium,3336.25
1295,Eva Walker,eva.walker1295@shopmail.com,Canada,2026-04-27,Premium,1250.13
1296,Ruby Thomas,ruby.thomas1296@shopmail.com,India,2020-07-30,Premium,3150.34
1297,Wei Johnson,wei.johnson1297@shopmail.com,New Zealand,2025-06-08,Premium,396.05
1298,Isla Jones,isla.jones1298@shopmail.com,Ireland,2023-02-12,Premium,1209.84
1299,Samuel Lewis,samuel.lewis1299@shopmail.com,New Zealand,2022-11-18,Premium,68.17
1300,Sophia Taylor,sophia.taylor1300@shopmail.com,India,2021-09-11,Premium,3163.95
1301,Mateo Taylor,mateo.taylor1301@shopmail.com,New Zealand,2022-08-25,Premium,2327.61
1302,Kai Williams,kai.williams1302@shopmail.com,United Kingdom,2020-12-11,Premium,4643.26
1303,Eva Anderson,eva.anderson1303@shopmail.com,United States,2024-08-18,Premium,3697.77
1304,Harper Silva,harper.silva1304@shopmail.com,Canada,2021-11-16,Premium,1012.11
1305,Sofia Brown,sofia.brown1305@shopmail.com,Singapore,2022-12-18,Premium,3626.32
1306,Sophia Brown,sophia.brown1306@shopmail.com,Australia,2025-03-15,Premium,1913.98
1307,Yuki Murphy,yuki.murphy1307@shopmail.com,Canada,2025-12-21,Premium,1121.57
1308,Charlotte Murphy,charlotte.murphy1308@shopmail.com,New Zealand,2021-08-17,Premium,2546.12
1309,Leo Smith,leo.smith1309@shopmail.com,New Zealand,2025-01-12,Premium,1833.62
1310,Priya Nakamura,priya.nakamura1310@shopmail.com,Singapore,2020-06-17,Premium,467.35
1311,Maya Patel,maya.patel1311@shopmail.com,United Kingdom,2023-01-21,Premium,1607.84
1312,Zara Miller,zara.miller1312@shopmail.com,New Zealand,2026-07-20,Premium,1877.54
1313,Harper Moore,harper.moore1313@shopmail.com,United States,2023-10-14,Premium,3253.05
1314,Mia Hall,mia.hall1314@shopmail.com,United States,2020-02-13,Premium,3229.45
1315,Noah Smith,noah.smith1315@shopmail.com,United Kingdom,2021-02-04,Premium,2521.27
1316,Chloe Patel,chloe.patel1316@shopmail.com,Australia,2023-03-06,Premium,1209.10
1317,Liam Johnson,liam.johnson1317@shopmail.com,India,2021-01-11,Premium,273.03
1318,Eva Martin,eva.martin1318@shopmail.com,India,2021-05-13,Premium,3398.76
1319,Sophia Garcia,sophia.garcia1319@shopmail.com,India,2021-06-16,Premium,1804.60
1320,Nina Taylor,nina.taylor1320@shopmail.com,Australia,2022-01-24,Premium,1216.01
1321,Henry Jones,henry.jones1321@shopmail.com,Singapore,2025-01-31,Premium,4428.94
1322,Zara Kowalski,zara.kowalski1322@shopmail.com,Canada,2023-08-17,Premium,1235.22
1323,Noah Lewis,noah.lewis1323@shopmail.com,Ireland,2020-09-12,Premium,1837.44
1324,Chen Brown,chen.brown1324@shopmail.com,New Zealand,2022-12-20,Premium,854.06
1325,Noah Cohen,noah.cohen1325@shopmail.com,Australia,2024-05-27,Premium,856.52
1326,Oscar Miller,oscar.miller1326@shopmail.com,Australia,2026-01-23,Premium,3689.80
1327,Amelia Miller,amelia.miller1327@shopmail.com,United States,2022-11-26,Premium,495.78
1328,Noah Jones,noah.jones1328@shopmail.com,India,2022-10-23,Premium,3730.74
1329,Olivia Cohen,olivia.cohen1329@shopmail.com,Australia,2020-01-04,Premium,4477.89
1330,Charlotte Lewis,charlotte.lewis1330@shopmail.com,Australia,2023-09-12,Premium,4342.16
1331,Nina Smith,nina.smith1331@shopmail.com,United States,2025-07-02,Premium,2295.07
1332,Jack Jones,jack.jones1332@shopmail.com,United States,2022-07-14,Premium,15.88
1333,Ruby Davis,ruby.davis1333@shopmail.com,India,2026-01-01,Premium,4488.20
1334,Sofia Allen,sofia.allen1334@shopmail.com,Singapore,2023-05-25,Premium,1922.95
1335,Ava Nguyen,ava.nguyen1335@shopmail.com,United States,2023-10-24,Premium,386.19
1336,Henry Young,henry.young1336@shopmail.com,Singapore,2022-04-11,Premium,847.77
1337,Liam Kim,liam.kim1337@shopmail.com,Singapore,2022-02-21,Premium,1434.58
1338,Charlotte Miller,charlotte.miller1338@shopmail.com,Singapore,2024-01-11,Premium,2335.22
1339,Chloe Moore,chloe.moore1339@shopmail.com,Australia,2020-05-26,Premium,926.85
1340,Hugo Harris,hugo.harris1340@shopmail.com,United States,2024-05-11,Premium,302.36
1341,Maya Walker,maya.walker1341@shopmail.com,United States,2025-12-27,Premium,4631.78
1342,Chloe Johnson,chloe.johnson1342@shopmail.com,Australia,2023-10-21,Premium,269.06
1343,Liam Chen,liam.chen1343@shopmail.com,Australia,2022-05-17,Premium,3874.10
1344,Kai Rossi,kai.rossi1344@shopmail.com,Singapore,2026-01-06,Premium,714.98
1345,Hugo Lee,hugo.lee1345@shopmail.com,Australia,2020-05-31,Premium,3530.21
1346,Oscar Johnson,oscar.johnson1346@shopmail.com,United States,2020-07-06,Premium,1164.88
1347,Elijah Smith,elijah.smith1347@shopmail.com,Australia,2020-07-23,Premium,4342.38
1348,Oliver Rossi,oliver.rossi1348@shopmail.com,India,2021-11-30,Premium,4009.69
1349,Noah Miller,noah.miller1349@shopmail.com,Australia,2025-07-29,Premium,2855.89
1350,Samuel Lee,samuel.lee1350@shopmail.com,Australia,2022-04-10,Premium,2045.82
1351,Jack Hall,jack.hall1351@shopmail.com,Australia,2026-06-17,Premium,2620.25
1352,Priya Martin,priya.martin1352@shopmail.com,Ireland,2020-07-05,Premium,2846.81
1353,Chen Jones,chen.jones1353@shopmail.com,Australia,2023-01-26,Premium,677.94
1354,Grace Thomas,grace.thomas1354@shopmail.com,Canada,2024-02-24,Premium,2656.36
1355,Chloe Harris,chloe.harris1355@shopmail.com,India,2020-06-15,Premium,640.18
1356,Samuel Kim,samuel.kim1356@shopmail.com,Ireland,2021-10-08,Premium,75.03
1357,Oscar Garcia,oscar.garcia1357@shopmail.com,Australia,2020-01-30,Premium,861.18
1358,Ava Young,ava.young1358@shopmail.com,United Kingdom,2025-05-03,Premium,3323.32
1359,Amelia Anderson,amelia.anderson1359@shopmail.com,Singapore,2023-01-14,Premium,2510.82
1360,Grace Harris,grace.harris1360@shopmail.com,Australia,2020-06-03,Premium,2862.11
1361,Oscar Garcia,oscar.garcia1361@shopmail.com,Singapore,2023-05-18,Premium,1669.70
1362,James Dubois,james.dubois1362@shopmail.com,Australia,2022-02-25,Premium,564.04
1363,Kai Miller,kai.miller1363@shopmail.com,India,2024-01-22,Premium,4141.11
1364,Maya Khan,maya.khan1364@shopmail.com,Australia,2025-03-16,Premium,3697.59
1365,Amelia Lewis,amelia.lewis1365@shopmail.com,Australia,2022-03-04,Premium,540.86
1366,Isabella Murphy,isabella.murphy1366@shopmail.com,United States,2021-12-23,Premium,766.85
1367,Liam Brown,liam.brown1367@shopmail.com,Singapore,2024-01-31,Premium,1368.31
1368,Leo Clark,leo.clark1368@shopmail.com,United Kingdom,2025-01-30,Premium,207.92
1369,Emma Andersen,emma.andersen1369@shopmail.com,Australia,2021-10-09,Premium,3770.36
1370,Oscar Khan,oscar.khan1370@shopmail.com,Australia,2020-10-17,Premium,4296.38
1371,Chloe Hall,chloe.hall1371@shopmail.com,United Kingdom,2022-03-25,Premium,3586.02
1372,Priya Lee,priya.lee1372@shopmail.com,Ireland,2021-03-27,Premium,1565.43
1373,Oliver Harris,oliver.harris1373@shopmail.com,Canada,2024-08-16,Premium,4175.45
1374,Charlotte Lee,charlotte.lee1374@shopmail.com,Australia,2025-04-13,Premium,2808.44
1375,Emma Kowalski,emma.kowalski1375@shopmail.com,Australia,2022-06-04,Premium,4453.86
1376,Henry Taylor,henry.taylor1376@shopmail.com,United Kingdom,2024-03-09,Premium,654.74
1377,Mason Patel,mason.patel1377@shopmail.com,New Zealand,2022-04-08,Premium,1612.28
1378,Liam Costa,liam.costa1378@shopmail.com,Australia,2023-02-23,Premium,655.21
1379,Henry Rossi,henry.rossi1379@shopmail.com,United Kingdom,2021-12-02,Premium,3649.63
1380,Ethan Young,ethan.young1380@shopmail.com,India,2021-10-04,Premium,3789.83
1381,Samuel Thomas,samuel.thomas1381@shopmail.com,India,2026-03-14,Premium,4104.02
1382,Ava Singh,ava.singh1382@shopmail.com,United States,2025-06-26,Premium,4138.56
1383,Amelia Murphy,amelia.murphy1383@shopmail.com,United States,2023-02-17,Premium,69.62
1384,Leo Harris,leo.harris1384@shopmail.com,Australia,2023-09-02,Premium,2084.39
1385,Ethan Anderson,ethan.anderson1385@shopmail.com,India,2020-01-21,Premium,2005.30
1386,Liam Williams,liam.williams1386@shopmail.com,United States,2025-08-27,Premium,161.38
1387,Kai Chen,kai.chen1387@shopmail.com,United States,2021-02-05,Premium,2171.72
1388,Harper Garcia,harper.garcia1388@shopmail.com,United States,2020-02-20,Premium,3327.17
1389,Grace Martin,grace.martin1389@shopmail.com,Australia,2024-01-08,Premium,1419.79
1390,Ava Johnson,ava.johnson1390@shopmail.com,United States,2023-06-02,Premium,776.65
1391,Henry Costa,henry.costa1391@shopmail.com,Canada,2026-07-18,Premium,117.18
1392,Henry Rossi,henry.rossi1392@shopmail.com,Ireland,2021-07-21,Premium,4196.16
1393,Jack Taylor,jack.taylor1393@shopmail.com,Ireland,2024-02-26,Premium,3008.69
1394,James Jones,james.jones1394@shopmail.com,United Kingdom,2023-09-25,Premium,2548.42
1395,Wei Kowalski,wei.kowalski1395@shopmail.com,Ireland,2023-01-10,Premium,3350.66
1396,Samuel Andersen,samuel.andersen1396@shopmail.com,India,2022-04-28,Premium,3780.92
1397,Ava Allen,ava.allen1397@shopmail.com,Canada,2020-08-12,Premium,2470.74
1398,Mateo Brown,mateo.brown1398@shopmail.com,Australia,2024-04-17,Premium,1754.84
1399,Samuel Williams,samuel.williams1399@shopmail.com,United Kingdom,2024-02-09,Premium,841.28
1400,Arjun Jones,arjun.jones1400@shopmail.com,United States,2022-04-18,Premium,664.35
1401,Chen Harris,chen.harris1401@shopmail.com,United States,2021-04-10,Premium,3115.38
1402,Hugo Martin,hugo.martin1402@shopmail.com,Ireland,2022-07-12,Premium,1538.23
1403,Zara Khan,zara.khan1403@shopmail.com,Singapore,2024-09-28,Premium,1330.30
1404,Noah Nguyen,noah.nguyen1404@shopmail.com,United Kingdom,2025-01-27,Premium,2333.89
1405,Kai Davis,kai.davis1405@shopmail.com,United States,2025-12-18,Premium,3255.88
1406,Maya Young,maya.young1406@shopmail.com,United States,2024-02-16,Premium,3839.54
1407,Noah Moore,noah.moore1407@shopmail.com,United States,2020-12-23,Premium,384.82
1408,Mia Young,mia.young1408@shopmail.com,Australia,2021-03-23,Premium,790.88
1409,Sophia Anderson,sophia.anderson1409@shopmail.com,United States,2021-09-08,Premium,4199.97
1410,Kai Johnson,kai.johnson1410@shopmail.com,New Zealand,2024-09-02,Premium,4653.96
1411,Maya Wilson,maya.wilson1411@shopmail.com,United States,2023-11-21,Premium,2016.62
1412,Olivia Young,olivia.young1412@shopmail.com,Australia,2020-09-14,Premium,105.78
1413,Ethan Nakamura,ethan.nakamura1413@shopmail.com,Singapore,2023-10-07,Premium,1976.12
1414,Chen Hall,chen.hall1414@shopmail.com,United States,2025-12-11,Premium,4041.16
1415,Chloe Rossi,chloe.rossi1415@shopmail.com,New Zealand,2026-05-12,Premium,633.38
1416,Yuki Thomas,yuki.thomas1416@shopmail.com,Ireland,2022-11-30,Premium,1088.55
1417,Mateo Young,mateo.young1417@shopmail.com,Ireland,2020-07-12,Premium,712.02
1418,Wei Rossi,wei.rossi1418@shopmail.com,Australia,2021-10-20,Premium,3416.70
1419,Wei Taylor,wei.taylor1419@shopmail.com,Australia,2021-09-20,Premium,774.02
1420,Sophia Williams,sophia.williams1420@shopmail.com,United Kingdom,2026-06-11,Premium,607.07
1421,Aarav Nguyen,aarav.nguyen1421@shopmail.com,Australia,2022-04-20,Premium,2699.94
1422,Liam Hall,liam.hall1422@shopmail.com,United Kingdom,2021-08-28,Premium,1789.99
1423,Maya Thomas,maya.thomas1423@shopmail.com,United States,2023-05-20,Premium,583.15
1424,Olivia Chen,olivia.chen1424@shopmail.com,United States,2021-08-18,Premium,4549.39
1425,Priya Anderson,priya.anderson1425@shopmail.com,Australia,2026-02-15,Premium,4682.88
1426,Chen Young,chen.young1426@shopmail.com,United States,2023-04-02,Premium,4654.11
1427,Nina Anderson,nina.anderson1427@shopmail.com,Ireland,2026-05-04,Premium,3497.01
1428,Chloe Allen,chloe.allen1428@shopmail.com,Canada,2021-04-05,Premium,3511.87
1429,Liam Wilson,liam.wilson1429@shopmail.com,Singapore,2026-03-06,Premium,561.01
1430,Olivia Chen,olivia.chen1430@shopmail.com,India,2022-06-21,Premium,2140.67
1431,Ava Hall,ava.hall1431@shopmail.com,Australia,2022-03-10,Premium,2800.47
1432,Ethan Lewis,ethan.lewis1432@shopmail.com,Australia,2020-04-02,Premium,401.23
1433,Chloe Garcia,chloe.garcia1433@shopmail.com,United States,2024-06-03,Premium,933.36
1434,Priya Khan,priya.khan1434@shopmail.com,Australia,2024-01-18,Premium,1908.28
1435,Leo Nguyen,leo.nguyen1435@shopmail.com,United Kingdom,2024-03-07,Premium,58.52
1436,Sofia Patel,sofia.patel1436@shopmail.com,New Zealand,2024-12-30,Premium,4196.65
1437,Ava Martin,ava.martin1437@shopmail.com,Canada,2024-12-24,Premium,3559.33
1438,Grace Silva,grace.silva1438@shopmail.com,New Zealand,2021-11-01,Premium,3867.23
1439,Leo Singh,leo.singh1439@shopmail.com,Australia,2026-08-02,Premium,2870.09
1440,Isabella Martin,isabella.martin1440@shopmail.com,New Zealand,2025-04-28,Premium,4744.24
1441,Kai Allen,kai.allen1441@shopmail.com,Australia,2024-03-19,Premium,424.55
1442,Grace Lewis,grace.lewis1442@shopmail.com,United Kingdom,2021-12-17,Premium,2667.91
1443,Nina Wilson,nina.wilson1443@shopmail.com,Australia,2022-01-31,Premium,3994.96
1444,Wei Dubois,wei.dubois1444@shopmail.com,United States,2020-06-21,Premium,3949.44
1445,Yuki Walker,yuki.walker1445@shopmail.com,United States,2026-04-09,Premium,3551.31
1446,Ethan Johnson,ethan.johnson1446@shopmail.com,Ireland,2020-01-11,Premium,739.32
1447,Yuki Murphy,yuki.murphy1447@shopmail.com,Australia,2023-03-24,Premium,2002.35
1448,Oscar Harris,oscar.harris1448@shopmail.com,Australia,2021-05-03,Premium,3670.65
1449,Oscar Jones,oscar.jones1449@shopmail.com,India,2024-01-21,Premium,2789.12
1450,Nina Kowalski,nina.kowalski1450@shopmail.com,New Zealand,2025-05-03,Premium,4676.44
1451,Sophia Nguyen,sophia.nguyen1451@shopmail.com,United States,2026-06-14,Premium,84.22
1452,Aarav Thomas,aarav.thomas1452@shopmail.com,India,2020-08-27,Premium,701.46
1453,Henry Wilson,henry.wilson1453@shopmail.com,United Kingdom,2021-10-30,Premium,253.86
1454,Mateo Singh,mateo.singh1454@shopmail.com,Singapore,2023-12-29,Premium,233.83
1455,Wei Nakamura,wei.nakamura1455@shopmail.com,Singapore,2020-11-10,Premium,2466.56
1456,Mia Miller,mia.miller1456@shopmail.com,India,2021-11-15,Premium,2609.82
1457,Priya Walker,priya.walker1457@shopmail.com,New Zealand,2024-01-24,Premium,460.00
1458,Hugo Patel,hugo.patel1458@shopmail.com,Australia,2020-02-22,Premium,657.36
1459,Wei Nguyen,wei.nguyen1459@shopmail.com,Ireland,2025-06-09,Premium,1977.57
1460,Lucas Miller,lucas.miller1460@shopmail.com,Australia,2021-09-25,Premium,2416.24
1461,Mason Dubois,mason.dubois1461@shopmail.com,India,2025-11-23,Premium,4061.13
1462,Arjun Davis,arjun.davis1462@shopmail.com,United Kingdom,2025-03-01,Premium,4396.95
1463,Sophia Wilson,sophia.wilson1463@shopmail.com,Australia,2025-05-18,Premium,1671.41
1464,Mateo Wilson,mateo.wilson1464@shopmail.com,United States,2025-11-12,Premium,3665.23
1465,Chen Taylor,chen.taylor1465@shopmail.com,Canada,2023-06-01,Premium,138.05
1466,Sophia Lee,sophia.lee1466@shopmail.com,Australia,2021-08-06,Premium,3302.63
1467,Yuki Wilson,yuki.wilson1467@shopmail.com,Australia,2021-06-17,Premium,4709.33
1468,Leo Davis,leo.davis1468@shopmail.com,Australia,2020-03-18,Premium,3718.52
1469,Leo Williams,leo.williams1469@shopmail.com,Australia,2021-03-17,Premium,157.41
1470,Isla Brown,isla.brown1470@shopmail.com,United States,2021-05-02,Premium,4360.94
1471,Liam Jones,liam.jones1471@shopmail.com,New Zealand,2020-02-12,Premium,3621.84
1472,Sophia Martin,sophia.martin1472@shopmail.com,India,2022-03-30,Premium,886.95
1473,Sofia Johnson,sofia.johnson1473@shopmail.com,Australia,2021-08-19,Premium,4060.14
1474,Zara Patel,zara.patel1474@shopmail.com,United Kingdom,2021-10-19,Premium,4104.66
1475,Samuel Harris,samuel.harris1475@shopmail.com,United States,2026-05-24,Premium,328.02
1476,Hugo Smith,hugo.smith1476@shopmail.com,United States,2022-06-07,Premium,3435.90
1477,Wei Thomas,wei.thomas1477@shopmail.com,Ireland,2026-01-09,Premium,20.78
1478,Oliver Martin,oliver.martin1478@shopmail.com,United States,2025-04-28,Premium,1759.02
1479,Hugo Taylor,hugo.taylor1479@shopmail.com,United States,2021-03-15,Premium,868.07
1480,Sofia Kim,sofia.kim1480@shopmail.com,United Kingdom,2022-05-27,Premium,2468.40
1481,Grace Davis,grace.davis1481@shopmail.com,Ireland,2023-07-11,Premium,593.35
1482,Sophia Nakamura,sophia.nakamura1482@shopmail.com,Australia,2025-07-23,Premium,3658.91
1483,Wei Dubois,wei.dubois1483@shopmail.com,Canada,2020-06-15,Premium,394.79
1484,Oscar Davis,oscar.davis1484@shopmail.com,United Kingdom,2023-03-07,Premium,2193.34
1485,Yuki Silva,yuki.silva1485@shopmail.com,Australia,2026-03-18,Premium,1954.95
1486,Leo Moore,leo.moore1486@shopmail.com,Australia,2025-05-02,Premium,4507.59
1487,Mateo Taylor,mateo.taylor1487@shopmail.com,Australia,2025-07-06,Premium,3226.06
1488,Jack Silva,jack.silva1488@shopmail.com,United States,2020-12-14,Premium,572.25
1489,Jack Chen,jack.chen1489@shopmail.com,Canada,2021-02-20,Premium,3558.87
1490,Lucas Jones,lucas.jones1490@shopmail.com,United Kingdom,2022-03-26,Premium,1625.43
1491,Eva Chen,eva.chen1491@shopmail.com,Australia,2022-08-11,Premium,4022.92
1492,Oscar Lewis,oscar.lewis1492@shopmail.com,Ireland,2026-07-11,Premium,2849.52
1493,Jack Patel,jack.patel1493@shopmail.com,United States,2024-07-14,Premium,4740.11
1494,Isla Lewis,isla.lewis1494@shopmail.com,Australia,2025-02-05,Premium,518.58
1495,Aarav Cohen,aarav.cohen1495@shopmail.com,United States,2022-08-03,Premium,3016.18
1496,Elijah Johnson,elijah.johnson1496@shopmail.com,Australia,2020-08-04,Premium,3985.50
1497,Oscar Johnson,oscar.johnson1497@shopmail.com,Australia,2024-04-16,Premium,2902.00
1498,Priya Anderson,priya.anderson1498@shopmail.com,New Zealand,2021-01-29,Premium,3648.82
1499,Kai Cohen,kai.cohen1499@shopmail.com,Ireland,2025-03-23,Premium,969.27
1500,Oscar Cohen,oscar.cohen1500@shopmail.com,United States,2022-12-07,Premium,2603.70
1501,Maya Andersen,maya.andersen1501@shopmail.com,Australia,2020-05-09,Standard,4755.42
1502,Sophia Kim,sophia.kim1502@shopmail.com,United States,2023-07-12,Standard,4093.80
1503,Chloe Rossi,chloe.rossi1503@shopmail.com,Australia,2020-05-14,Standard,848.97
1504,Yuki Thomas,yuki.thomas1504@shopmail.com,United States,2024-10-30,Standard,645.54
1505,Charlotte Cohen,charlotte.cohen1505@shopmail.com,Ireland,2021-03-24,Standard,2730.51
1506,Oscar Dubois,oscar.dubois1506@shopmail.com,Singapore,2026-01-18,Standard,2746.61
1507,Ruby Dubois,ruby.dubois1507@shopmail.com,Australia,2025-09-06,Standard,267.54
1508,Aarav Cohen,aarav.cohen1508@shopmail.com,India,2024-03-27,Standard,2961.31
1509,Sofia Young,sofia.young1509@shopmail.com,United Kingdom,2020-09-08,Standard,135.11
1510,Liam Wilson,liam.wilson1510@shopmail.com,United Kingdom,2023-11-29,Standard,3885.86
1511,Hugo Johnson,hugo.johnson1511@shopmail.com,Ireland,2023-10-29,Standard,1826.75
1512,Leo Patel,leo.patel1512@shopmail.com,United Kingdom,2024-08-14,Standard,1686.09
1513,Harper Harris,harper.harris1513@shopmail.com,Australia,2023-07-02,Standard,2844.15
1514,Noah Walker,noah.walker1514@shopmail.com,Australia,2023-10-14,Standard,814.94
1515,Maya Hall,maya.hall1515@shopmail.com,Australia,2025-03-02,Standard,3157.29
1516,Leo Costa,leo.costa1516@shopmail.com,United States,2024-09-21,Standard,1279.77
1517,Ruby Johnson,ruby.johnson1517@shopmail.com,United Kingdom,2024-03-27,Standard,2737.70
1518,Priya Costa,priya.costa1518@shopmail.com,Australia,2025-06-23,Standard,480.27
1519,Amelia Allen,amelia.allen1519@shopmail.com,United States,2025-08-21,Standard,3894.99
1520,Chen Thomas,chen.thomas1520@shopmail.com,India,2023-05-11,Standard,1744.00
1521,Leo Moore,leo.moore1521@shopmail.com,United States,2020-11-04,Standard,4033.83
1522,Maya Martin,maya.martin1522@shopmail.com,New Zealand,2022-12-22,Standard,228.15
1523,Nina Chen,nina.chen1523@shopmail.com,Ireland,2022-07-14,Standard,2997.95
1524,Ava Miller,ava.miller1524@shopmail.com,India,2023-10-11,Standard,1312.15
1525,Nina Nakamura,nina.nakamura1525@shopmail.com,United States,2024-10-15,Standard,1006.75
1526,Noah Walker,noah.walker1526@shopmail.com,United States,2023-05-13,Standard,2077.97
1527,Maya Hall,maya.hall1527@shopmail.com,Australia,2024-08-24,Standard,1931.04
1528,Samuel Khan,samuel.khan1528@shopmail.com,United States,2026-02-20,Standard,866.88
1529,Olivia Nakamura,olivia.nakamura1529@shopmail.com,Australia,2026-06-20,Standard,2396.18
1530,Henry Lewis,henry.lewis1530@shopmail.com,Singapore,2025-12-22,Standard,3882.88
1531,Leo Costa,leo.costa1531@shopmail.com,Canada,2020-09-02,Standard,2506.89
1532,Mateo Rossi,mateo.rossi1532@shopmail.com,Australia,2022-09-11,Standard,722.27
1533,Yuki Kowalski,yuki.kowalski1533@shopmail.com,United Kingdom,2023-07-29,Standard,4128.89
1534,Noah Martin,noah.martin1534@shopmail.com,United Kingdom,2022-12-29,Standard,3953.81
1535,Lucas Clark,lucas.clark1535@shopmail.com,Singapore,2022-08-25,Standard,1948.16
1536,Sophia Anderson,sophia.anderson1536@shopmail.com,Australia,2020-04-23,Standard,1178.82
1537,Yuki Rossi,yuki.rossi1537@shopmail.com,United States,2026-04-12,Standard,4758.21
1538,Leo Williams,leo.williams1538@shopmail.com,Australia,2021-10-14,Standard,1309.02
1539,Olivia Clark,olivia.clark1539@shopmail.com,Ireland,2023-02-11,Standard,3161.62
1540,Mia Williams,mia.williams1540@shopmail.com,Canada,2025-06-13,Standard,3754.72
1541,Emma Garcia,emma.garcia1541@shopmail.com,United Kingdom,2023-05-05,Standard,4162.42
1542,Grace Nguyen,grace.nguyen1542@shopmail.com,Singapore,2021-01-04,Standard,1905.10
1543,Elijah Harris,elijah.harris1543@shopmail.com,Australia,2026-05-27,Standard,3525.51
1544,Sophia Nakamura,sophia.nakamura1544@shopmail.com,Singapore,2026-07-05,Standard,4558.44
1545,Kai Clark,kai.clark1545@shopmail.com,United States,2021-01-04,Standard,1142.77
1546,Sophia Hall,sophia.hall1546@shopmail.com,United Kingdom,2026-07-21,Standard,3538.73
1547,Harper Kowalski,harper.kowalski1547@shopmail.com,Australia,2021-08-13,Standard,512.71
1548,Amelia Lewis,amelia.lewis1548@shopmail.com,United States,2024-07-30,Standard,1220.67
1549,Hugo Brown,hugo.brown1549@shopmail.com,United States,2025-12-25,Standard,1798.58
1550,Sophia Hall,sophia.hall1550@shopmail.com,United States,2024-10-01,Standard,2279.30
1551,Harper Lewis,harper.lewis1551@shopmail.com,Ireland,2021-08-16,Standard,1742.39
1552,Mateo Walker,mateo.walker1552@shopmail.com,Australia,2020-05-22,Standard,4039.07
1553,Emma Harris,emma.harris1553@shopmail.com,New Zealand,2026-03-13,Standard,1846.51
1554,Mateo Davis,mateo.davis1554@shopmail.com,United States,2022-08-26,Standard,4116.71
1555,Charlotte Smith,charlotte.smith1555@shopmail.com,United Kingdom,2022-11-12,Standard,1444.26
1556,Harper Walker,harper.walker1556@shopmail.com,Australia,2021-10-18,Standard,4396.28
1557,Priya Singh,priya.singh1557@shopmail.com,Ireland,2020-05-18,Standard,1315.38
1558,Ava Cohen,ava.cohen1558@shopmail.com,United States,2024-08-18,Standard,4447.19
1559,Chen Kowalski,chen.kowalski1559@shopmail.com,Australia,2021-10-18,Standard,3352.71
1560,Isla Jones,isla.jones1560@shopmail.com,United Kingdom,2024-09-19,Standard,2890.16
1561,Arjun Hall,arjun.hall1561@shopmail.com,United States,2020-04-22,Standard,3657.48
1562,Mia Silva,mia.silva1562@shopmail.com,Ireland,2021-07-11,Standard,14.76
1563,Mason Walker,mason.walker1563@shopmail.com,United Kingdom,2026-06-16,Standard,394.71
1564,Lucas Harris,lucas.harris1564@shopmail.com,United States,2021-06-16,Standard,4065.41
1565,Grace Hall,grace.hall1565@shopmail.com,United States,2025-05-13,Standard,4192.83
1566,Elijah Clark,elijah.clark1566@shopmail.com,Australia,2023-09-03,Standard,3837.74
1567,Mason Garcia,mason.garcia1567@shopmail.com,United Kingdom,2024-02-14,Standard,873.07
1568,Charlotte Costa,charlotte.costa1568@shopmail.com,Australia,2020-03-25,Standard,4550.92
1569,Arjun Lee,arjun.lee1569@shopmail.com,Australia,2025-03-09,Standard,951.68
1570,Lucas Brown,lucas.brown1570@shopmail.com,United Kingdom,2024-10-22,Standard,2881.89
1571,Isabella Garcia,isabella.garcia1571@shopmail.com,United Kingdom,2021-11-27,Standard,4546.77
1572,Sophia Smith,sophia.smith1572@shopmail.com,Canada,2025-11-23,Standard,2088.76
1573,Henry Cohen,henry.cohen1573@shopmail.com,Australia,2022-07-08,Standard,3425.11
1574,Mason Lewis,mason.lewis1574@shopmail.com,New Zealand,2025-07-17,Standard,1833.95
1575,Leo Martin,leo.martin1575@shopmail.com,India,2022-06-01,Standard,4777.00
1576,Wei Moore,wei.moore1576@shopmail.com,United Kingdom,2022-01-08,Standard,1960.92
1577,Isabella Johnson,isabella.johnson1577@shopmail.com,New Zealand,2022-12-08,Standard,1130.33
1578,Chloe Harris,chloe.harris1578@shopmail.com,United Kingdom,2026-07-15,Standard,3284.48
1579,Henry Garcia,henry.garcia1579@shopmail.com,Australia,2025-04-04,Standard,639.38
1580,Priya Chen,priya.chen1580@shopmail.com,Singapore,2022-05-19,Standard,3424.01
1581,Leo Clark,leo.clark1581@shopmail.com,Australia,2021-01-25,Standard,2673.60
1582,Emma Allen,emma.allen1582@shopmail.com,Australia,2025-04-12,Standard,4359.49
1583,Eva Williams,eva.williams1583@shopmail.com,Australia,2022-11-04,Standard,2421.80
1584,Charlotte Walker,charlotte.walker1584@shopmail.com,United Kingdom,2024-02-28,Standard,634.74
1585,Arjun Williams,arjun.williams1585@shopmail.com,India,2022-01-04,Standard,1249.40
1586,Isla Cohen,isla.cohen1586@shopmail.com,United Kingdom,2025-04-01,Standard,633.21
1587,Priya Nakamura,priya.nakamura1587@shopmail.com,United Kingdom,2021-08-03,Standard,1249.95
1588,Priya Williams,priya.williams1588@shopmail.com,Australia,2025-08-06,Standard,4184.06
1589,Zara Nguyen,zara.nguyen1589@shopmail.com,United Kingdom,2023-03-04,Standard,4333.40
1590,Aarav Clark,aarav.clark1590@shopmail.com,United States,2023-07-06,Standard,2091.72
1591,Lucas Hall,lucas.hall1591@shopmail.com,Canada,2025-07-05,Standard,3665.64
1592,Isabella Dubois,isabella.dubois1592@shopmail.com,Singapore,2024-12-07,Standard,255.47
1593,Isabella Brown,isabella.brown1593@shopmail.com,Australia,2022-01-20,Standard,172.14
1594,Aarav Thomas,aarav.thomas1594@shopmail.com,Canada,2025-03-28,Standard,2094.86
1595,Oscar Williams,oscar.williams1595@shopmail.com,United States,2023-12-31,Standard,4746.33
1596,Arjun Cohen,arjun.cohen1596@shopmail.com,United States,2025-07-12,Standard,539.96
1597,Isabella Davis,isabella.davis1597@shopmail.com,United Kingdom,2021-01-18,Standard,977.92
1598,Wei Taylor,wei.taylor1598@shopmail.com,Australia,2025-09-14,Standard,3948.34
1599,Nina Martin,nina.martin1599@shopmail.com,India,2020-01-17,Standard,2524.87
1600,Nina Taylor,nina.taylor1600@shopmail.com,United Kingdom,2020-11-10,Standard,1181.56
1601,Oscar Miller,oscar.miller1601@shopmail.com,United Kingdom,2020-04-16,Standard,1364.55
1602,Sophia Chen,sophia.chen1602@shopmail.com,United Kingdom,2021-03-10,Standard,4017.49
1603,Isabella Johnson,isabella.johnson1603@shopmail.com,Australia,2025-02-28,Standard,3987.36
1604,Ruby Rossi,ruby.rossi1604@shopmail.com,Singapore,2023-01-08,Standard,2852.18
1605,James Allen,james.allen1605@shopmail.com,Australia,2025-01-29,Standard,1559.59
1606,Nina Wilson,nina.wilson1606@shopmail.com,Australia,2020-07-18,Standard,3847.48
1607,Wei Hall,wei.hall1607@shopmail.com,Ireland,2020-08-15,Standard,3570.24
1608,Arjun Kim,arjun.kim1608@shopmail.com,Australia,2024-06-21,Standard,1224.79
1609,Harper Chen,harper.chen1609@shopmail.com,Australia,2020-03-25,Standard,4091.26
1610,Lucas Kim,lucas.kim1610@shopmail.com,Ireland,2024-07-06,Standard,1367.69
1611,Isabella Davis,isabella.davis1611@shopmail.com,New Zealand,2025-07-03,Standard,3845.28
1612,Yuki Wilson,yuki.wilson1612@shopmail.com,United Kingdom,2021-01-28,Standard,3993.85
1613,Isla Moore,isla.moore1613@shopmail.com,United States,2024-12-29,Standard,4249.98
1614,Ruby Lewis,ruby.lewis1614@shopmail.com,India,2024-09-28,Standard,433.07
1615,Leo Nguyen,leo.nguyen1615@shopmail.com,India,2022-02-02,Standard,2083.71
1616,Leo Garcia,leo.garcia1616@shopmail.com,Australia,2025-10-03,Standard,1640.38
1617,Henry Lee,henry.lee1617@shopmail.com,Singapore,2021-09-27,Standard,4467.20
1618,Kai Nakamura,kai.nakamura1618@shopmail.com,Australia,2023-04-05,Standard,2247.45
1619,Ava Murphy,ava.murphy1619@shopmail.com,New Zealand,2021-08-31,Standard,4724.09
1620,Yuki Harris,yuki.harris1620@shopmail.com,United States,2024-10-17,Standard,1418.31
1621,Emma Dubois,emma.dubois1621@shopmail.com,Australia,2020-07-03,Standard,2464.39
1622,Isla Kowalski,isla.kowalski1622@shopmail.com,United Kingdom,2021-01-22,Standard,2230.35
1623,Nina Clark,nina.clark1623@shopmail.com,United Kingdom,2022-11-09,Standard,2810.73
1624,Isla Johnson,isla.johnson1624@shopmail.com,Australia,2025-03-10,Standard,861.85
1625,Mia Chen,mia.chen1625@shopmail.com,Australia,2020-12-07,Standard,1998.01
1626,Yuki Hall,yuki.hall1626@shopmail.com,India,2025-02-06,Standard,3635.30
1627,Chloe Clark,chloe.clark1627@shopmail.com,United Kingdom,2022-02-05,Standard,1013.13
1628,Ava Clark,ava.clark1628@shopmail.com,Singapore,2021-03-11,Standard,2082.23
1629,Olivia Smith,olivia.smith1629@shopmail.com,United Kingdom,2021-04-22,Standard,63.86
1630,Ruby Rossi,ruby.rossi1630@shopmail.com,Canada,2024-07-17,Standard,4170.15
1631,Eva Cohen,eva.cohen1631@shopmail.com,New Zealand,2024-01-17,Standard,3315.18
1632,Jack Walker,jack.walker1632@shopmail.com,Australia,2021-05-27,Standard,648.55
1633,Mason Davis,mason.davis1633@shopmail.com,Australia,2022-02-09,Standard,4123.26
1634,Amelia Murphy,amelia.murphy1634@shopmail.com,Singapore,2021-08-17,Standard,3118.75
1635,Leo Andersen,leo.andersen1635@shopmail.com,Australia,2020-12-18,Standard,1444.41
1636,Henry Anderson,henry.anderson1636@shopmail.com,United States,2024-09-24,Standard,104.72
1637,Lucas Anderson,lucas.anderson1637@shopmail.com,Canada,2024-12-28,Standard,4626.56
1638,Ruby Johnson,ruby.johnson1638@shopmail.com,United States,2026-07-25,Standard,1164.62
1639,Wei Costa,wei.costa1639@shopmail.com,United Kingdom,2020-07-27,Standard,1602.48
1640,Oliver Kowalski,oliver.kowalski1640@shopmail.com,United Kingdom,2025-07-23,Standard,3537.98
1641,Eva Dubois,eva.dubois1641@shopmail.com,New Zealand,2020-05-31,Standard,2339.98
1642,Oscar Khan,oscar.khan1642@shopmail.com,India,2025-06-21,Standard,1113.15
1643,Emma Nakamura,emma.nakamura1643@shopmail.com,Australia,2024-09-24,Standard,2766.74
1644,Arjun Jones,arjun.jones1644@shopmail.com,New Zealand,2024-09-04,Standard,4267.87
1645,Sophia Cohen,sophia.cohen1645@shopmail.com,India,2023-11-21,Standard,2151.96
1646,Leo Johnson,leo.johnson1646@shopmail.com,Australia,2023-03-25,Standard,3485.80
1647,Ruby Patel,ruby.patel1647@shopmail.com,United States,2022-08-08,Standard,2436.65
1648,Hugo Allen,hugo.allen1648@shopmail.com,India,2025-04-02,Standard,629.56
1649,Wei Kim,wei.kim1649@shopmail.com,United Kingdom,2024-01-15,Standard,3820.67
1650,Lucas Martin,lucas.martin1650@shopmail.com,New Zealand,2020-12-19,Standard,3201.87
1651,Elijah Taylor,elijah.taylor1651@shopmail.com,Australia,2021-10-02,Standard,2907.60
1652,Oliver Singh,oliver.singh1652@shopmail.com,United States,2023-05-28,Standard,1126.65
1653,Arjun Brown,arjun.brown1653@shopmail.com,Australia,2024-01-09,Standard,4228.35
1654,Sofia Thomas,sofia.thomas1654@shopmail.com,Australia,2025-08-24,Standard,153.46
1655,Noah Allen,noah.allen1655@shopmail.com,United Kingdom,2021-04-11,Standard,2964.30
1656,Sophia Dubois,sophia.dubois1656@shopmail.com,Australia,2025-06-15,Standard,1237.55
1657,Chen Patel,chen.patel1657@shopmail.com,Ireland,2020-07-10,Standard,3696.46
1658,Arjun Lewis,arjun.lewis1658@shopmail.com,Australia,2025-10-12,Standard,2900.59
1659,Oliver Brown,oliver.brown1659@shopmail.com,United States,2025-02-15,Standard,4620.71
1660,Sophia Miller,sophia.miller1660@shopmail.com,Ireland,2021-02-21,Standard,3953.33
1661,Liam Khan,liam.khan1661@shopmail.com,Australia,2021-11-15,Standard,3023.65
1662,Amelia Nguyen,amelia.nguyen1662@shopmail.com,Australia,2023-04-11,Standard,3399.18
1663,Isla Cohen,isla.cohen1663@shopmail.com,Canada,2021-02-10,Standard,740.62
1664,Mateo Allen,mateo.allen1664@shopmail.com,Australia,2021-05-18,Standard,4073.26
1665,Chloe Singh,chloe.singh1665@shopmail.com,Ireland,2020-01-27,Standard,1177.52
1666,Ruby Allen,ruby.allen1666@shopmail.com,New Zealand,2025-08-30,Standard,822.06
1667,Zara Nguyen,zara.nguyen1667@shopmail.com,Canada,2024-08-26,Standard,1731.09
1668,Harper Anderson,harper.anderson1668@shopmail.com,Ireland,2025-12-09,Standard,2024.27
1669,Ethan Wilson,ethan.wilson1669@shopmail.com,Ireland,2024-10-22,Standard,1984.37
1670,Grace Rossi,grace.rossi1670@shopmail.com,United States,2024-01-21,Standard,4529.95
1671,Chloe Anderson,chloe.anderson1671@shopmail.com,Ireland,2020-02-10,Standard,3444.60
1672,Kai Jones,kai.jones1672@shopmail.com,Australia,2023-10-17,Standard,1511.06
1673,Lucas Kowalski,lucas.kowalski1673@shopmail.com,Australia,2024-05-29,Standard,3644.12
1674,Isabella Costa,isabella.costa1674@shopmail.com,Australia,2025-10-30,Standard,4668.77
1675,Grace Chen,grace.chen1675@shopmail.com,Singapore,2026-03-17,Standard,4193.02
1676,Priya Patel,priya.patel1676@shopmail.com,Australia,2023-02-19,Standard,4321.00
1677,Samuel Anderson,samuel.anderson1677@shopmail.com,Canada,2024-07-12,Standard,2141.71
1678,Amelia Andersen,amelia.andersen1678@shopmail.com,India,2024-12-16,Standard,3347.86
1679,Jack Moore,jack.moore1679@shopmail.com,New Zealand,2020-12-11,Standard,177.46
1680,Chen Kim,chen.kim1680@shopmail.com,Canada,2021-05-31,Standard,2498.25
1681,Maya Young,maya.young1681@shopmail.com,Australia,2021-01-15,Standard,2456.02
1682,Yuki Nakamura,yuki.nakamura1682@shopmail.com,United Kingdom,2021-10-17,Standard,112.42
1683,Maya Clark,maya.clark1683@shopmail.com,Australia,2023-05-29,Standard,3487.24
1684,Isla Davis,isla.davis1684@shopmail.com,Canada,2020-09-02,Standard,4039.60
1685,Aarav Khan,aarav.khan1685@shopmail.com,United Kingdom,2021-05-22,Standard,229.12
1686,Sophia Silva,sophia.silva1686@shopmail.com,New Zealand,2026-06-02,Standard,3536.92
1687,Henry Allen,henry.allen1687@shopmail.com,Australia,2026-07-10,Standard,2714.87
1688,Maya Lee,maya.lee1688@shopmail.com,United Kingdom,2023-05-10,Standard,1365.77
1689,Nina Wilson,nina.wilson1689@shopmail.com,Canada,2024-03-26,Standard,2494.40
1690,Harper Miller,harper.miller1690@shopmail.com,United Kingdom,2025-10-16,Standard,2795.37
1691,Mateo Rossi,mateo.rossi1691@shopmail.com,Australia,2021-08-23,Standard,3415.87
1692,Grace Garcia,grace.garcia1692@shopmail.com,Australia,2020-09-11,Standard,2039.46
1693,Elijah Murphy,elijah.murphy1693@shopmail.com,Australia,2025-01-01,Standard,374.75
1694,Kai Chen,kai.chen1694@shopmail.com,India,2026-04-08,Standard,2490.94
1695,Jack Clark,jack.clark1695@shopmail.com,India,2025-08-05,Standard,3055.01
1696,Chloe Cohen,chloe.cohen1696@shopmail.com,Canada,2024-09-03,Standard,3954.30
1697,Isabella Khan,isabella.khan1697@shopmail.com,Australia,2025-06-08,Standard,3413.52
1698,Elijah Khan,elijah.khan1698@shopmail.com,United States,2021-04-28,Standard,3333.46
1699,Henry Murphy,henry.murphy1699@shopmail.com,Australia,2021-10-04,Standard,4531.53
1700,Mateo Davis,mateo.davis1700@shopmail.com,India,2024-07-31,Standard,529.61
1701,Mateo Costa,mateo.costa1701@shopmail.com,New Zealand,2020-06-13,Standard,2509.33
1702,Sophia Nguyen,sophia.nguyen1702@shopmail.com,New Zealand,2024-03-13,Standard,1455.65
1703,Oscar Johnson,oscar.johnson1703@shopmail.com,Ireland,2021-08-08,Standard,682.27
1704,Hugo Singh,hugo.singh1704@shopmail.com,Australia,2023-06-03,Standard,4267.47
1705,Amelia Taylor,amelia.taylor1705@shopmail.com,Canada,2025-06-25,Standard,10.01
1706,Arjun Patel,arjun.patel1706@shopmail.com,Australia,2020-07-02,Standard,2004.36
1707,Nina Walker,nina.walker1707@shopmail.com,India,2025-01-26,Standard,4321.38
1708,Charlotte Murphy,charlotte.murphy1708@shopmail.com,Canada,2021-06-27,Standard,3657.37
1709,Isla Rossi,isla.rossi1709@shopmail.com,Ireland,2025-01-16,Standard,3202.66
1710,Isabella Hall,isabella.hall1710@shopmail.com,Australia,2024-08-04,Standard,1858.73
1711,Jack Allen,jack.allen1711@shopmail.com,United States,2020-07-06,Standard,4598.78
1712,Chloe Lewis,chloe.lewis1712@shopmail.com,Singapore,2020-12-28,Standard,4156.58
1713,Olivia Costa,olivia.costa1713@shopmail.com,Singapore,2023-06-19,Standard,2693.01
1714,Sophia Dubois,sophia.dubois1714@shopmail.com,Australia,2022-02-27,Standard,4584.81
1715,Maya Costa,maya.costa1715@shopmail.com,Ireland,2020-08-04,Standard,4595.01
1716,Kai Moore,kai.moore1716@shopmail.com,Ireland,2025-05-03,Standard,2412.67
1717,Olivia Davis,olivia.davis1717@shopmail.com,Singapore,2025-12-18,Standard,862.77
1718,Olivia Lewis,olivia.lewis1718@shopmail.com,Ireland,2022-04-22,Standard,1177.38
1719,Hugo Silva,hugo.silva1719@shopmail.com,Australia,2025-12-25,Standard,2912.90
1720,Jack Williams,jack.williams1720@shopmail.com,United States,2020-04-05,Standard,1631.79
1721,Mia Singh,mia.singh1721@shopmail.com,Australia,2025-12-02,Standard,1523.44
1722,Aarav Garcia,aarav.garcia1722@shopmail.com,Australia,2021-02-10,Standard,2600.54
1723,Wei Anderson,wei.anderson1723@shopmail.com,Australia,2022-11-12,Standard,3687.86
1724,Isabella Walker,isabella.walker1724@shopmail.com,United Kingdom,2021-11-24,Standard,282.79
1725,Priya Taylor,priya.taylor1725@shopmail.com,Australia,2020-08-27,Standard,1430.52
1726,Oliver Hall,oliver.hall1726@shopmail.com,Australia,2024-08-17,Standard,4286.45
1727,Aarav Kim,aarav.kim1727@shopmail.com,Australia,2020-07-31,Standard,972.29
1728,Eva Harris,eva.harris1728@shopmail.com,United States,2025-09-14,Standard,3611.47
1729,Charlotte Davis,charlotte.davis1729@shopmail.com,New Zealand,2020-09-05,Standard,1528.01
1730,Arjun Singh,arjun.singh1730@shopmail.com,Australia,2025-06-06,Standard,138.75
1731,Ethan Johnson,ethan.johnson1731@shopmail.com,New Zealand,2026-03-19,Standard,4624.68
1732,Oliver Harris,oliver.harris1732@shopmail.com,Ireland,2026-03-22,Standard,3127.44
1733,Elijah Walker,elijah.walker1733@shopmail.com,India,2024-07-24,Standard,2140.71
1734,Isla Martin,isla.martin1734@shopmail.com,Ireland,2021-08-06,Standard,1791.87
1735,Lucas Harris,lucas.harris1735@shopmail.com,United States,2024-10-01,Standard,4614.49
1736,Arjun Silva,arjun.silva1736@shopmail.com,Australia,2020-01-05,Standard,3900.69
1737,Samuel Young,samuel.young1737@shopmail.com,Singapore,2021-11-16,Standard,2.61
1738,Ruby Lewis,ruby.lewis1738@shopmail.com,India,2022-10-24,Standard,4029.54
1739,Charlotte Patel,charlotte.patel1739@shopmail.com,Singapore,2022-05-21,Standard,2808.76
1740,Isla Young,isla.young1740@shopmail.com,Australia,2021-10-23,Standard,3548.08
1741,Nina Jones,nina.jones1741@shopmail.com,New Zealand,2021-01-02,Standard,1897.46
1742,Sophia Wilson,sophia.wilson1742@shopmail.com,Canada,2026-03-29,Standard,4794.34
1743,Leo Martin,leo.martin1743@shopmail.com,India,2025-08-29,Standard,4595.60
1744,Priya Allen,priya.allen1744@shopmail.com,Singapore,2022-12-06,Standard,4702.27
1745,Chloe Lewis,chloe.lewis1745@shopmail.com,Australia,2023-08-10,Standard,1639.82
1746,Henry Allen,henry.allen1746@shopmail.com,Australia,2021-07-01,Standard,3102.93
1747,James Murphy,james.murphy1747@shopmail.com,Australia,2020-02-09,Standard,3228.99
1748,Grace Dubois,grace.dubois1748@shopmail.com,Canada,2025-06-25,Standard,3659.83
1749,Maya Garcia,maya.garcia1749@shopmail.com,Ireland,2020-11-13,Standard,2585.52
1750,Chloe Davis,chloe.davis1750@shopmail.com,United Kingdom,2024-03-21,Standard,3971.84
1751,Sofia Kim,sofia.kim1751@shopmail.com,Australia,2020-02-04,Standard,598.87
1752,Mateo Moore,mateo.moore1752@shopmail.com,United States,2020-02-08,Standard,1063.30
1753,Olivia Lewis,olivia.lewis1753@shopmail.com,Singapore,2024-01-05,Standard,919.26
1754,Samuel Walker,samuel.walker1754@shopmail.com,Ireland,2022-06-24,Standard,1124.44
1755,Oscar Nguyen,oscar.nguyen1755@shopmail.com,Australia,2023-02-23,Standard,2365.62
1756,Eva Martin,eva.martin1756@shopmail.com,Australia,2022-03-14,Standard,4724.46
1757,Jack Davis,jack.davis1757@shopmail.com,New Zealand,2026-05-20,Standard,2401.56
1758,Lucas Dubois,lucas.dubois1758@shopmail.com,Australia,2026-05-06,Standard,3226.44
1759,Eva Costa,eva.costa1759@shopmail.com,Australia,2020-09-24,Standard,2823.19
1760,Noah Wilson,noah.wilson1760@shopmail.com,New Zealand,2026-05-23,Standard,4106.30
1761,Kai Lewis,kai.lewis1761@shopmail.com,Australia,2020-04-04,Standard,4761.37
1762,Maya Clark,maya.clark1762@shopmail.com,Singapore,2026-04-13,Standard,4238.89
1763,James Kowalski,james.kowalski1763@shopmail.com,Singapore,2020-07-31,Standard,4098.53
1764,Priya Kowalski,priya.kowalski1764@shopmail.com,United Kingdom,2023-01-27,Standard,584.24
1765,Kai Rossi,kai.rossi1765@shopmail.com,United States,2024-01-20,Standard,2482.83
1766,Liam Lee,liam.lee1766@shopmail.com,Australia,2023-02-12,Standard,4408.28
1767,Maya Silva,maya.silva1767@shopmail.com,United Kingdom,2020-01-22,Standard,1880.92
1768,Chen Garcia,chen.garcia1768@shopmail.com,India,2020-04-13,Standard,4753.27
1769,Ethan Kowalski,ethan.kowalski1769@shopmail.com,Australia,2022-10-20,Standard,945.01
1770,Chen Walker,chen.walker1770@shopmail.com,Australia,2021-01-31,Standard,133.79
1771,Leo Johnson,leo.johnson1771@shopmail.com,India,2023-10-01,Standard,4034.44
1772,Harper Miller,harper.miller1772@shopmail.com,United States,2022-09-03,Standard,4602.25
1773,Emma Allen,emma.allen1773@shopmail.com,United States,2022-08-27,Standard,4529.03
1774,Eva Silva,eva.silva1774@shopmail.com,Ireland,2021-01-26,Standard,3001.67
1775,Hugo Davis,hugo.davis1775@shopmail.com,Australia,2020-09-05,Standard,4400.23
1776,Charlotte Hall,charlotte.hall1776@shopmail.com,Canada,2020-09-23,Standard,3756.70
1777,Emma Silva,emma.silva1777@shopmail.com,Australia,2023-05-19,Standard,2931.55
1778,Leo Jones,leo.jones1778@shopmail.com,Australia,2020-08-16,Standard,2684.44
1779,Wei Kim,wei.kim1779@shopmail.com,United Kingdom,2021-01-27,Standard,2963.05
1780,Grace Lee,grace.lee1780@shopmail.com,India,2020-02-13,Standard,2176.37
1781,Henry Kowalski,henry.kowalski1781@shopmail.com,India,2021-02-18,Standard,1630.16
1782,Olivia Rossi,olivia.rossi1782@shopmail.com,United States,2023-09-06,Standard,2821.50
1783,Oliver Miller,oliver.miller1783@shopmail.com,Australia,2020-10-03,Standard,2845.86
1784,Mason Costa,mason.costa1784@shopmail.com,Australia,2025-09-15,Standard,1230.17
1785,Grace Murphy,grace.murphy1785@shopmail.com,Canada,2024-12-26,Standard,892.43
1786,Elijah Williams,elijah.williams1786@shopmail.com,Australia,2021-06-06,Standard,1496.00
1787,Leo Khan,leo.khan1787@shopmail.com,Singapore,2024-01-05,Standard,1493.70
1788,Maya Anderson,maya.anderson1788@shopmail.com,Australia,2025-04-07,Standard,1481.64
1789,Chen Young,chen.young1789@shopmail.com,United Kingdom,2020-02-03,Standard,2484.87
1790,Isabella Brown,isabella.brown1790@shopmail.com,Australia,2025-09-08,Standard,3932.08
1791,Arjun Brown,arjun.brown1791@shopmail.com,United Kingdom,2023-11-09,Standard,937.95
1792,Mason Moore,mason.moore1792@shopmail.com,Ireland,2020-10-07,Standard,1639.45
1793,Ruby Rossi,ruby.rossi1793@shopmail.com,India,2023-09-18,Standard,4089.64
1794,Nina Allen,nina.allen1794@shopmail.com,India,2023-05-12,Standard,2009.74
1795,Lucas Miller,lucas.miller1795@shopmail.com,United States,2020-06-21,Standard,2380.47
1796,James Lee,james.lee1796@shopmail.com,Canada,2022-08-01,Standard,2239.38
1797,Amelia Harris,amelia.harris1797@shopmail.com,United States,2023-09-19,Standard,3874.90
1798,Charlotte Martin,charlotte.martin1798@shopmail.com,United Kingdom,2022-01-24,Standard,3965.20
1799,James Nguyen,james.nguyen1799@shopmail.com,Australia,2020-10-29,Standard,1717.86
1800,Arjun Davis,arjun.davis1800@shopmail.com,Australia,2023-04-05,Standard,2113.96
1801,Hugo Nguyen,hugo.nguyen1801@shopmail.com,Australia,2020-05-01,Standard,955.79
1802,Wei Taylor,wei.taylor1802@shopmail.com,Australia,2022-12-09,Standard,3450.42
1803,Chen Dubois,chen.dubois1803@shopmail.com,Australia,2022-01-01,Standard,940.74
1804,Mia Clark,mia.clark1804@shopmail.com,Australia,2020-03-26,Standard,3990.94
1805,Elijah Kim,elijah.kim1805@shopmail.com,Singapore,2021-03-30,Standard,1624.24
1806,Amelia Walker,amelia.walker1806@shopmail.com,United States,2022-09-10,Standard,1774.28
1807,Mateo Thomas,mateo.thomas1807@shopmail.com,United States,2024-11-11,Standard,4216.26
1808,Noah Davis,noah.davis1808@shopmail.com,Australia,2021-06-19,Standard,3815.51
1809,Mason Andersen,mason.andersen1809@shopmail.com,United Kingdom,2024-03-12,Standard,1526.17
1810,Leo Harris,leo.harris1810@shopmail.com,Australia,2026-08-02,Standard,907.69
1811,Maya Young,maya.young1811@shopmail.com,Ireland,2021-08-31,Standard,1572.87
1812,Emma Lewis,emma.lewis1812@shopmail.com,Australia,2025-09-12,Standard,4648.24
1813,Oscar Martin,oscar.martin1813@shopmail.com,Canada,2020-11-29,Standard,3766.39
1814,Samuel Jones,samuel.jones1814@shopmail.com,Australia,2025-09-14,Standard,1862.96
1815,Isla Nguyen,isla.nguyen1815@shopmail.com,United States,2025-10-26,Standard,2228.48
1816,Priya Nguyen,priya.nguyen1816@shopmail.com,United States,2025-06-02,Standard,3435.12
1817,Oscar Murphy,oscar.murphy1817@shopmail.com,New Zealand,2026-07-08,Standard,1924.54
1818,Hugo Williams,hugo.williams1818@shopmail.com,Australia,2022-06-18,Standard,4295.45
1819,Chloe Harris,chloe.harris1819@shopmail.com,United Kingdom,2022-06-14,Standard,1468.80
1820,Charlotte Costa,charlotte.costa1820@shopmail.com,Australia,2024-03-12,Standard,1221.74
1821,Ava Wilson,ava.wilson1821@shopmail.com,Ireland,2020-12-10,Standard,1416.23
1822,Kai Patel,kai.patel1822@shopmail.com,Australia,2026-07-19,Standard,197.49
1823,Isla Allen,isla.allen1823@shopmail.com,United Kingdom,2025-01-21,Standard,2244.24
1824,Grace Nguyen,grace.nguyen1824@shopmail.com,Ireland,2025-07-30,Standard,1521.70
1825,Charlotte Johnson,charlotte.johnson1825@shopmail.com,Australia,2024-12-14,Standard,1122.19
1826,Noah Patel,noah.patel1826@shopmail.com,Australia,2023-04-21,Standard,4044.50
1827,Isla Andersen,isla.andersen1827@shopmail.com,Singapore,2020-11-16,Standard,3772.19
1828,Ethan Miller,ethan.miller1828@shopmail.com,Australia,2020-10-19,Standard,1729.14
1829,Maya Moore,maya.moore1829@shopmail.com,United Kingdom,2022-03-16,Standard,3240.52
1830,Aarav Walker,aarav.walker1830@shopmail.com,Canada,2023-01-29,Standard,915.08
1831,Eva Wilson,eva.wilson1831@shopmail.com,Ireland,2026-02-02,Standard,4379.44
1832,James Walker,james.walker1832@shopmail.com,New Zealand,2023-11-20,Standard,3759.02
1833,Jack Chen,jack.chen1833@shopmail.com,India,2020-02-18,Standard,2265.62
1834,Isla Anderson,isla.anderson1834@shopmail.com,United Kingdom,2022-07-21,Standard,1089.25
1835,Amelia Murphy,amelia.murphy1835@shopmail.com,Australia,2025-10-13,Standard,2817.62
1836,Arjun Rossi,arjun.rossi1836@shopmail.com,Canada,2025-03-04,Standard,1635.17
1837,Ava Hall,ava.hall1837@shopmail.com,Australia,2024-10-22,Standard,3696.63
1838,Grace Martin,grace.martin1838@shopmail.com,United States,2025-01-17,Standard,4094.13
1839,Olivia Nguyen,olivia.nguyen1839@shopmail.com,Australia,2026-06-23,Standard,4194.00
1840,Yuki Smith,yuki.smith1840@shopmail.com,United States,2023-12-23,Standard,1631.15
1841,Grace Kowalski,grace.kowalski1841@shopmail.com,Singapore,2024-07-10,Standard,3661.64
1842,Maya Walker,maya.walker1842@shopmail.com,United Kingdom,2026-08-01,Standard,111.55
1843,Liam Wilson,liam.wilson1843@shopmail.com,Australia,2023-09-14,Standard,2727.32
1844,Eva Costa,eva.costa1844@shopmail.com,United Kingdom,2024-04-10,Standard,980.18
1845,Jack Jones,jack.jones1845@shopmail.com,United States,2024-05-01,Standard,904.03
1846,Oliver Allen,oliver.allen1846@shopmail.com,India,2025-01-23,Standard,3067.22
1847,Yuki Garcia,yuki.garcia1847@shopmail.com,Australia,2021-03-03,Standard,3239.45
1848,Mia Williams,mia.williams1848@shopmail.com,Canada,2025-06-24,Standard,128.82
1849,Mason Jones,mason.jones1849@shopmail.com,United Kingdom,2023-03-08,Standard,988.28
1850,Wei Nakamura,wei.nakamura1850@shopmail.com,Australia,2025-02-05,Standard,275.78
1851,Kai Smith,kai.smith1851@shopmail.com,Australia,2023-08-31,Standard,4126.60
1852,Grace Chen,grace.chen1852@shopmail.com,Australia,2021-03-29,Standard,619.86
1853,Grace Murphy,grace.murphy1853@shopmail.com,Canada,2020-10-08,Standard,1867.17
1854,Amelia Wilson,amelia.wilson1854@shopmail.com,Australia,2023-06-22,Standard,2074.56
1855,Ruby Thomas,ruby.thomas1855@shopmail.com,India,2026-06-13,Standard,4507.94
1856,Hugo Moore,hugo.moore1856@shopmail.com,United States,2025-02-22,Standard,1322.12
1857,James Anderson,james.anderson1857@shopmail.com,United States,2020-09-19,Standard,3958.00
1858,Eva Harris,eva.harris1858@shopmail.com,United States,2023-09-09,Standard,4369.45
1859,Oscar Rossi,oscar.rossi1859@shopmail.com,United States,2026-06-17,Standard,187.61
1860,Ava Young,ava.young1860@shopmail.com,Singapore,2025-02-12,Standard,1664.55
1861,Yuki Chen,yuki.chen1861@shopmail.com,India,2021-12-18,Standard,1992.25
1862,Mia Kowalski,mia.kowalski1862@shopmail.com,United States,2024-04-24,Standard,4372.00
1863,Mia Costa,mia.costa1863@shopmail.com,Australia,2024-05-30,Standard,3353.49
1864,Liam Harris,liam.harris1864@shopmail.com,Australia,2023-01-26,Standard,4236.27
1865,Maya Young,maya.young1865@shopmail.com,Singapore,2020-09-30,Standard,3350.61
1866,Amelia Cohen,amelia.cohen1866@shopmail.com,United Kingdom,2026-03-14,Standard,581.91
1867,Mateo Jones,mateo.jones1867@shopmail.com,Ireland,2021-03-06,Standard,2421.10
1868,Priya Singh,priya.singh1868@shopmail.com,United States,2021-11-06,Standard,1213.28
1869,Isla Williams,isla.williams1869@shopmail.com,United States,2020-04-19,Standard,351.34
1870,Henry Kim,henry.kim1870@shopmail.com,United Kingdom,2024-06-23,Standard,4107.71
1871,Jack Williams,jack.williams1871@shopmail.com,Australia,2022-10-23,Standard,550.48
1872,Elijah Hall,elijah.hall1872@shopmail.com,Singapore,2025-03-16,Standard,2326.84
1873,Noah Garcia,noah.garcia1873@shopmail.com,United States,2022-09-19,Standard,3425.19
1874,Chloe Wilson,chloe.wilson1874@shopmail.com,United States,2023-02-17,Standard,4039.50
1875,Lucas Johnson,lucas.johnson1875@shopmail.com,India,2021-02-15,Standard,850.74
1876,Sophia Andersen,sophia.andersen1876@shopmail.com,Canada,2024-05-19,Standard,808.58
1877,James Lewis,james.lewis1877@shopmail.com,Australia,2024-12-09,Standard,1718.82
1878,Amelia Williams,amelia.williams1878@shopmail.com,Singapore,2025-12-20,Standard,1037.60
1879,Emma Nakamura,emma.nakamura1879@shopmail.com,Singapore,2021-02-25,Standard,1874.97
1880,Yuki Silva,yuki.silva1880@shopmail.com,Australia,2020-01-20,Standard,233.59
1881,Charlotte Moore,charlotte.moore1881@shopmail.com,Australia,2024-03-14,Standard,4362.03
1882,Mason Garcia,mason.garcia1882@shopmail.com,Australia,2024-09-23,Standard,134.13
1883,James Allen,james.allen1883@shopmail.com,Australia,2020-09-15,Standard,1058.73
1884,Oliver Thomas,oliver.thomas1884@shopmail.com,Canada,2021-11-15,Standard,211.26
1885,Isla Miller,isla.miller1885@shopmail.com,United Kingdom,2023-08-14,Standard,2697.86
1886,Mason Martin,mason.martin1886@shopmail.com,United States,2024-06-06,Standard,4506.83
1887,Sophia Lee,sophia.lee1887@shopmail.com,Australia,2021-03-09,Standard,1711.57
1888,Mia Smith,mia.smith1888@shopmail.com,United Kingdom,2023-07-19,Standard,57.51
1889,Amelia Rossi,amelia.rossi1889@shopmail.com,Australia,2020-09-27,Standard,3158.22
1890,Zara Nguyen,zara.nguyen1890@shopmail.com,Australia,2020-10-02,Standard,4250.21
1891,Grace Walker,grace.walker1891@shopmail.com,Ireland,2025-08-08,Standard,4718.89
1892,Oliver Andersen,oliver.andersen1892@shopmail.com,Ireland,2026-05-20,Standard,823.00
1893,Oliver Hall,oliver.hall1893@shopmail.com,Singapore,2024-05-10,Standard,3253.92
1894,Elijah Allen,elijah.allen1894@shopmail.com,Australia,2023-07-26,Standard,4694.50
1895,Ruby Jones,ruby.jones1895@shopmail.com,United Kingdom,2020-03-13,Standard,2920.96
1896,Hugo Silva,hugo.silva1896@shopmail.com,United Kingdom,2025-09-24,Standard,3074.84
1897,Ethan Khan,ethan.khan1897@shopmail.com,India,2020-02-24,Standard,1116.51
1898,Samuel Davis,samuel.davis1898@shopmail.com,New Zealand,2022-08-26,Standard,3541.98
1899,Harper Garcia,harper.garcia1899@shopmail.com,Australia,2021-07-17,Standard,1797.71
1900,Wei Moore,wei.moore1900@shopmail.com,Australia,2024-03-19,Standard,981.05
1901,Liam Harris,liam.harris1901@shopmail.com,Canada,2024-12-22,Standard,3548.43
1902,Chen Wilson,chen.wilson1902@shopmail.com,New Zealand,2023-07-24,Standard,3089.29
1903,Liam Nakamura,liam.nakamura1903@shopmail.com,Ireland,2024-08-26,Standard,3110.62
1904,Wei Johnson,wei.johnson1904@shopmail.com,Australia,2023-09-18,Standard,1645.10
1905,Amelia Andersen,amelia.andersen1905@shopmail.com,Australia,2022-10-14,Standard,3846.97
1906,Ethan Kim,ethan.kim1906@shopmail.com,United States,2023-08-10,Standard,881.02
1907,James Jones,james.jones1907@shopmail.com,United States,2020-10-13,Standard,4577.57
1908,Emma Anderson,emma.anderson1908@shopmail.com,Australia,2021-05-29,Standard,440.45
1909,Hugo Dubois,hugo.dubois1909@shopmail.com,Ireland,2022-04-17,Standard,1134.29
1910,Ava Kowalski,ava.kowalski1910@shopmail.com,Canada,2025-03-28,Standard,1495.02
1911,Mason Harris,mason.harris1911@shopmail.com,United Kingdom,2021-12-23,Standard,2908.09
1912,Yuki Young,yuki.young1912@shopmail.com,India,2025-01-10,Standard,4645.08
1913,Mason Lewis,mason.lewis1913@shopmail.com,Ireland,2025-05-24,Standard,384.08
1914,Mateo Chen,mateo.chen1914@shopmail.com,United Kingdom,2021-11-18,Standard,2259.42
1915,Leo Khan,leo.khan1915@shopmail.com,India,2024-11-10,Standard,3649.56
1916,Ruby Johnson,ruby.johnson1916@shopmail.com,Ireland,2024-04-11,Standard,2051.51
1917,Ava Walker,ava.walker1917@shopmail.com,India,2026-01-09,Standard,733.43
1918,Mia Clark,mia.clark1918@shopmail.com,United Kingdom,2025-03-14,Standard,1468.07
1919,Wei Kim,wei.kim1919@shopmail.com,United States,2025-05-23,Standard,345.31
1920,Elijah Murphy,elijah.murphy1920@shopmail.com,Australia,2021-09-25,Standard,4397.43
1921,James Smith,james.smith1921@shopmail.com,United States,2024-03-12,Standard,2358.98
1922,Grace Chen,grace.chen1922@shopmail.com,Canada,2024-03-08,Standard,1843.38
1923,Yuki Jones,yuki.jones1923@shopmail.com,United Kingdom,2020-06-08,Standard,4763.87
1924,Sophia Kim,sophia.kim1924@shopmail.com,India,2021-10-27,Standard,932.30
1925,Leo Clark,leo.clark1925@shopmail.com,Ireland,2023-11-28,Standard,2446.12
1926,Oscar Nguyen,oscar.nguyen1926@shopmail.com,Canada,2020-08-24,Standard,3124.35
1927,Leo Harris,leo.harris1927@shopmail.com,Australia,2025-05-10,Standard,165.64
1928,Mateo Johnson,mateo.johnson1928@shopmail.com,Canada,2021-08-28,Standard,1254.39
1929,Henry Anderson,henry.anderson1929@shopmail.com,New Zealand,2022-10-10,Standard,2890.32
1930,Lucas Smith,lucas.smith1930@shopmail.com,Australia,2021-01-13,Standard,3093.11
1931,Charlotte Chen,charlotte.chen1931@shopmail.com,Canada,2026-07-28,Standard,4675.90
1932,Ava Nakamura,ava.nakamura1932@shopmail.com,Australia,2024-09-28,Standard,795.95
1933,Leo Clark,leo.clark1933@shopmail.com,Canada,2023-05-22,Standard,2403.10
1934,Maya Kim,maya.kim1934@shopmail.com,India,2023-06-15,Standard,3522.88
1935,Ava Miller,ava.miller1935@shopmail.com,Singapore,2026-06-03,Standard,3728.12
1936,Sofia Anderson,sofia.anderson1936@shopmail.com,New Zealand,2022-05-08,Standard,4464.08
1937,Jack Walker,jack.walker1937@shopmail.com,Australia,2021-11-20,Standard,3918.67
1938,James Miller,james.miller1938@shopmail.com,Australia,2024-09-07,Standard,2519.82
1939,Wei Kowalski,wei.kowalski1939@shopmail.com,Australia,2021-12-23,Standard,1798.33
1940,Elijah Moore,elijah.moore1940@shopmail.com,United States,2022-01-15,Standard,2412.55
1941,Sophia Silva,sophia.silva1941@shopmail.com,India,2022-05-20,Standard,891.06
1942,Emma Taylor,emma.taylor1942@shopmail.com,Ireland,2022-02-24,Standard,1244.89
1943,Grace Silva,grace.silva1943@shopmail.com,Singapore,2021-03-23,Standard,4168.14
1944,Lucas Garcia,lucas.garcia1944@shopmail.com,New Zealand,2020-12-17,Standard,1813.10
1945,Zara Jones,zara.jones1945@shopmail.com,United Kingdom,2020-05-01,Standard,2811.10
1946,Ruby Cohen,ruby.cohen1946@shopmail.com,Singapore,2021-02-16,Standard,45.63
1947,Zara Smith,zara.smith1947@shopmail.com,Singapore,2026-07-13,Standard,3788.19
1948,Liam Miller,liam.miller1948@shopmail.com,Australia,2025-11-09,Standard,3800.58
1949,Charlotte Nakamura,charlotte.nakamura1949@shopmail.com,Ireland,2022-12-24,Standard,4474.22
1950,Ruby Allen,ruby.allen1950@shopmail.com,India,2024-10-25,Standard,1615.44
1951,Chen Hall,chen.hall1951@shopmail.com,Australia,2024-01-19,Standard,3192.38
1952,Charlotte Brown,charlotte.brown1952@shopmail.com,United Kingdom,2023-09-14,Standard,3870.10
1953,James Rossi,james.rossi1953@shopmail.com,Canada,2024-07-03,Standard,3481.06
1954,Elijah Johnson,elijah.johnson1954@shopmail.com,India,2021-05-18,Standard,4171.23
1955,Zara Harris,zara.harris1955@shopmail.com,United Kingdom,2025-01-25,Standard,2968.09
1956,Ruby Khan,ruby.khan1956@shopmail.com,United Kingdom,2022-02-08,Standard,15.02
1957,Priya Johnson,priya.johnson1957@shopmail.com,Singapore,2024-01-15,Standard,4192.49
1958,Priya Silva,priya.silva1958@shopmail.com,Australia,2025-06-07,Standard,1920.79
1959,Samuel Garcia,samuel.garcia1959@shopmail.com,United Kingdom,2024-10-18,Standard,4507.61
1960,Ruby Miller,ruby.miller1960@shopmail.com,Canada,2024-04-25,Standard,1410.54
1961,Mason Anderson,mason.anderson1961@shopmail.com,United States,2026-05-31,Standard,3767.34
1962,Isla Williams,isla.williams1962@shopmail.com,Australia,2025-08-01,Standard,3824.74
1963,Yuki Dubois,yuki.dubois1963@shopmail.com,United States,2021-11-19,Standard,4302.76
1964,Sophia Murphy,sophia.murphy1964@shopmail.com,Singapore,2026-01-23,Standard,1156.33
1965,Amelia Thomas,amelia.thomas1965@shopmail.com,Ireland,2021-01-01,Standard,506.25
1966,Olivia Thomas,olivia.thomas1966@shopmail.com,United Kingdom,2024-04-19,Standard,3678.28
1967,Ethan Clark,ethan.clark1967@shopmail.com,Singapore,2025-05-04,Standard,4567.22
1968,Sophia Wilson,sophia.wilson1968@shopmail.com,United States,2025-07-08,Standard,434.12
1969,Chen Lee,chen.lee1969@shopmail.com,India,2020-09-21,Standard,3091.14
1970,Charlotte Kim,charlotte.kim1970@shopmail.com,Singapore,2026-04-20,Standard,4637.99
1971,Leo Lee,leo.lee1971@shopmail.com,Australia,2022-11-27,Standard,555.31
1972,Ava Davis,ava.davis1972@shopmail.com,Australia,2023-10-25,Standard,3554.79
1973,Mason Davis,mason.davis1973@shopmail.com,India,2024-02-15,Standard,611.60
1974,Priya Kim,priya.kim1974@shopmail.com,India,2020-01-07,Standard,1491.83
1975,Hugo Andersen,hugo.andersen1975@shopmail.com,Australia,2024-05-08,Standard,4703.28
1976,Priya Nguyen,priya.nguyen1976@shopmail.com,Ireland,2021-06-01,Standard,2494.81
1977,Eva Lee,eva.lee1977@shopmail.com,Australia,2024-06-07,Standard,44.10
1978,Henry Hall,henry.hall1978@shopmail.com,Australia,2023-04-30,Standard,4018.64
1979,Oscar Rossi,oscar.rossi1979@shopmail.com,Australia,2023-03-06,Standard,700.18
1980,Liam Hall,liam.hall1980@shopmail.com,New Zealand,2025-08-19,Standard,4753.61
1981,Sophia Lewis,sophia.lewis1981@shopmail.com,Canada,2026-06-08,Standard,2295.76
1982,Amelia Cohen,amelia.cohen1982@shopmail.com,New Zealand,2024-03-22,Standard,282.30
1983,Chen Anderson,chen.anderson1983@shopmail.com,Canada,2022-05-12,Standard,4070.74
1984,Ethan Brown,ethan.brown1984@shopmail.com,Ireland,2022-01-03,Standard,4112.54
1985,Jack Walker,jack.walker1985@shopmail.com,Singapore,2021-10-14,Standard,4757.10
1986,Arjun Chen,arjun.chen1986@shopmail.com,United Kingdom,2024-09-26,Standard,3253.91
1987,Sofia Chen,sofia.chen1987@shopmail.com,United Kingdom,2020-10-21,Standard,2533.65
1988,Wei Young,wei.young1988@shopmail.com,Canada,2022-03-10,Standard,3365.32
1989,Arjun Chen,arjun.chen1989@shopmail.com,Australia,2021-06-20,Standard,1552.41
1990,Hugo Brown,hugo.brown1990@shopmail.com,Canada,2023-05-30,Standard,2196.16
1991,Lucas Costa,lucas.costa1991@shopmail.com,Australia,2024-12-14,Standard,3340.59
1992,Wei Anderson,wei.anderson1992@shopmail.com,Australia,2022-06-12,Standard,3860.92
1993,Mason Smith,mason.smith1993@shopmail.com,United Kingdom,2026-06-15,Standard,489.35
1994,Isabella Kim,isabella.kim1994@shopmail.com,United Kingdom,2021-11-20,Standard,4444.73
1995,Oliver Patel,oliver.patel1995@shopmail.com,United States,2022-01-05,Standard,4536.30
1996,Sophia Khan,sophia.khan1996@shopmail.com,Singapore,2023-10-18,Standard,2848.28
1997,Isabella Chen,isabella.chen1997@shopmail.com,Australia,2020-05-19,Standard,570.25
1998,Jack Cohen,jack.cohen1998@shopmail.com,New Zealand,2021-12-07,Standard,3133.43
1999,Charlotte Garcia,charlotte.garcia1999@shopmail.com,Ireland,2025-03-14,Standard,4151.50
2000,Charlotte Lewis,charlotte.lewis2000@shopmail.com,Singapore,2024-12-28,Standard,1763.15
2001,Sophia Davis,sophia.davis2001@shopmail.com,Australia,2021-05-14,Standard,2348.25
2002,Isla Lee,isla.lee2002@shopmail.com,Australia,2026-07-31,Standard,2750.31
2003,Nina Murphy,nina.murphy2003@shopmail.com,New Zealand,2021-01-22,Standard,3812.85
2004,Mia Kim,mia.kim2004@shopmail.com,United States,2024-11-11,Standard,1432.14
2005,Elijah Miller,elijah.miller2005@shopmail.com,United Kingdom,2020-09-17,Standard,3426.09
2006,Maya Taylor,maya.taylor2006@shopmail.com,United Kingdom,2020-03-21,Standard,1890.22
2007,Maya Nakamura,maya.nakamura2007@shopmail.com,United States,2020-09-18,Standard,2490.73
2008,Hugo Andersen,hugo.andersen2008@shopmail.com,Canada,2021-05-23,Standard,3616.84
2009,Amelia Davis,amelia.davis2009@shopmail.com,Australia,2022-01-07,Standard,25.56
2010,Chloe Hall,chloe.hall2010@shopmail.com,Australia,2020-06-09,Standard,618.32
2011,Amelia Thomas,amelia.thomas2011@shopmail.com,Australia,2026-04-22,Standard,1232.45
2012,Liam Garcia,liam.garcia2012@shopmail.com,Australia,2025-09-04,Standard,1433.17
2013,Maya Thomas,maya.thomas2013@shopmail.com,United Kingdom,2020-01-01,Standard,1192.02
2014,Liam Nakamura,liam.nakamura2014@shopmail.com,Ireland,2023-04-16,Standard,3163.96
2015,Chloe Wilson,chloe.wilson2015@shopmail.com,India,2025-07-01,Standard,3336.49
2016,Kai Patel,kai.patel2016@shopmail.com,India,2026-01-13,Standard,2450.83
2017,Oliver Williams,oliver.williams2017@shopmail.com,Australia,2020-05-30,Standard,902.75
2018,Yuki Martin,yuki.martin2018@shopmail.com,Australia,2026-03-11,Standard,1036.99
2019,Sofia Lewis,sofia.lewis2019@shopmail.com,Australia,2024-09-24,Standard,356.93
2020,Aarav Clark,aarav.clark2020@shopmail.com,United Kingdom,2021-10-30,Standard,1920.29
2021,Ava Clark,ava.clark2021@shopmail.com,Singapore,2024-10-08,Standard,4512.96
2022,Isabella Andersen,isabella.andersen2022@shopmail.com,Australia,2020-10-16,Standard,3021.93
2023,Zara Moore,zara.moore2023@shopmail.com,Canada,2024-03-04,Standard,2705.48
2024,Isla Thomas,isla.thomas2024@shopmail.com,United Kingdom,2021-09-20,Standard,1518.53
2025,Leo Kim,leo.kim2025@shopmail.com,Australia,2022-10-10,Standard,372.12
2026,Sophia Andersen,sophia.andersen2026@shopmail.com,Australia,2026-02-24,Standard,1952.55
2027,Chen Garcia,chen.garcia2027@shopmail.com,United Kingdom,2023-09-28,Standard,3734.74
2028,Isabella Lee,isabella.lee2028@shopmail.com,New Zealand,2020-02-10,Standard,470.14
2029,Ethan Kim,ethan.kim2029@shopmail.com,Australia,2021-05-20,Standard,843.51
2030,Yuki Cohen,yuki.cohen2030@shopmail.com,Australia,2025-12-06,Standard,1674.72
2031,Nina Young,nina.young2031@shopmail.com,United States,2023-01-15,Standard,2915.84
2032,Emma Thomas,emma.thomas2032@shopmail.com,United Kingdom,2024-05-14,Standard,867.23
2033,Maya Dubois,maya.dubois2033@shopmail.com,India,2024-07-07,Standard,2288.94
2034,Elijah Clark,elijah.clark2034@shopmail.com,Australia,2025-10-04,Standard,3423.47
2035,Elijah Anderson,elijah.anderson2035@shopmail.com,United Kingdom,2026-05-13,Standard,3530.03
2036,Emma Nguyen,emma.nguyen2036@shopmail.com,Canada,2022-10-17,Standard,3255.43
2037,Grace Rossi,grace.rossi2037@shopmail.com,Australia,2024-12-02,Standard,4733.98
2038,Henry Khan,henry.khan2038@shopmail.com,New Zealand,2023-02-03,Standard,4572.56
2039,Kai Lee,kai.lee2039@shopmail.com,New Zealand,2020-12-22,Standard,4547.78
2040,Grace Hall,grace.hall2040@shopmail.com,Australia,2020-11-21,Standard,368.13
2041,Harper Garcia,harper.garcia2041@shopmail.com,Australia,2026-06-14,Standard,275.58
2042,Wei Dubois,wei.dubois2042@shopmail.com,United States,2020-02-13,Standard,4618.40
2043,Leo Khan,leo.khan2043@shopmail.com,Canada,2021-07-12,Standard,2302.35
2044,Isla Andersen,isla.andersen2044@shopmail.com,Canada,2021-05-25,Standard,1946.26
2045,Samuel Moore,samuel.moore2045@shopmail.com,Canada,2020-01-30,Standard,3427.97
2046,Maya Patel,maya.patel2046@shopmail.com,Australia,2025-12-03,Standard,3283.57
2047,Liam Silva,liam.silva2047@shopmail.com,Australia,2025-11-14,Standard,4338.23
2048,Mia Jones,mia.jones2048@shopmail.com,United Kingdom,2021-06-30,Standard,2465.69
2049,Emma Kowalski,emma.kowalski2049@shopmail.com,United States,2024-04-01,Standard,818.32
2050,Sophia Allen,sophia.allen2050@shopmail.com,Singapore,2022-10-20,Standard,3992.29
2051,Sophia Young,sophia.young2051@shopmail.com,New Zealand,2025-06-01,Standard,1409.02
2052,Amelia Smith,amelia.smith2052@shopmail.com,Canada,2026-05-18,Standard,1889.38
2053,Yuki Khan,yuki.khan2053@shopmail.com,Australia,2025-03-11,Standard,4283.97
2054,Oscar Brown,oscar.brown2054@shopmail.com,United Kingdom,2020-01-25,Standard,2954.55
2055,Chen Walker,chen.walker2055@shopmail.com,United Kingdom,2021-03-14,Standard,24.74
2056,Mia Chen,mia.chen2056@shopmail.com,United Kingdom,2020-02-06,Standard,486.42
2057,Oscar Moore,oscar.moore2057@shopmail.com,Australia,2025-12-07,Standard,2468.73
2058,Isabella Singh,isabella.singh2058@shopmail.com,Australia,2025-06-19,Standard,33.17
2059,Aarav Lee,aarav.lee2059@shopmail.com,United States,2024-06-07,Standard,1796.69
2060,Mateo Kowalski,mateo.kowalski2060@shopmail.com,Australia,2026-01-06,Standard,3895.41
2061,Oliver Silva,oliver.silva2061@shopmail.com,Singapore,2024-12-04,Standard,776.80
2062,Sofia Kowalski,sofia.kowalski2062@shopmail.com,Australia,2024-01-11,Standard,4241.17
2063,Mason Davis,mason.davis2063@shopmail.com,Australia,2023-03-12,Standard,193.23
2064,Jack Singh,jack.singh2064@shopmail.com,Canada,2023-09-18,Standard,4324.79
2065,Lucas Moore,lucas.moore2065@shopmail.com,United States,2022-12-24,Standard,570.20
2066,Oscar Dubois,oscar.dubois2066@shopmail.com,United States,2021-06-05,Standard,1559.46
2067,Jack Khan,jack.khan2067@shopmail.com,Canada,2024-05-11,Standard,630.80
2068,Oliver Johnson,oliver.johnson2068@shopmail.com,Australia,2021-09-29,Standard,1651.78
2069,James Harris,james.harris2069@shopmail.com,Australia,2023-11-02,Standard,2062.39
2070,Eva Smith,eva.smith2070@shopmail.com,United Kingdom,2025-05-20,Standard,1389.44
2071,Oscar Garcia,oscar.garcia2071@shopmail.com,Ireland,2024-10-22,Standard,1189.19
2072,Isabella Khan,isabella.khan2072@shopmail.com,Australia,2022-10-18,Standard,1349.47
2073,Sophia Clark,sophia.clark2073@shopmail.com,Canada,2022-10-10,Standard,3198.39
2074,Leo Moore,leo.moore2074@shopmail.com,United States,2021-02-26,Standard,3365.50
2075,Isla Taylor,isla.taylor2075@shopmail.com,Australia,2021-09-01,Standard,1101.04
2076,Elijah Chen,elijah.chen2076@shopmail.com,Australia,2023-01-26,Standard,4753.91
2077,Isabella Kowalski,isabella.kowalski2077@shopmail.com,Australia,2022-03-28,Standard,436.49
2078,Emma Kim,emma.kim2078@shopmail.com,United Kingdom,2025-11-20,Standard,1470.94
2079,Ethan Lee,ethan.lee2079@shopmail.com,United Kingdom,2024-10-11,Standard,2300.14
2080,Isla Kowalski,isla.kowalski2080@shopmail.com,Singapore,2020-07-30,Standard,1460.59
2081,Zara Nguyen,zara.nguyen2081@shopmail.com,New Zealand,2023-12-08,Standard,3415.61
2082,Harper Hall,harper.hall2082@shopmail.com,Australia,2022-01-14,Standard,196.27
2083,Emma Hall,emma.hall2083@shopmail.com,Australia,2023-03-14,Standard,2265.88
2084,Eva Miller,eva.miller2084@shopmail.com,United Kingdom,2022-01-27,Standard,1210.86
2085,Oscar Nguyen,oscar.nguyen2085@shopmail.com,United Kingdom,2023-05-31,Standard,535.34
2086,James Dubois,james.dubois2086@shopmail.com,Ireland,2021-06-17,Standard,1589.82
2087,Mateo Nakamura,mateo.nakamura2087@shopmail.com,India,2024-03-02,Standard,1143.61
2088,Zara Martin,zara.martin2088@shopmail.com,India,2024-04-22,Standard,418.71
2089,Oliver Wilson,oliver.wilson2089@shopmail.com,Singapore,2021-05-07,Standard,196.99
2090,Mason Moore,mason.moore2090@shopmail.com,Canada,2024-12-30,Standard,4442.40
2091,Noah Andersen,noah.andersen2091@shopmail.com,India,2023-11-05,Standard,1447.09
2092,Ruby Moore,ruby.moore2092@shopmail.com,United States,2021-09-21,Standard,210.29
2093,Mason Singh,mason.singh2093@shopmail.com,United States,2022-10-31,Standard,4279.62
2094,Arjun Patel,arjun.patel2094@shopmail.com,United Kingdom,2025-01-10,Standard,3023.35
2095,Sophia Kowalski,sophia.kowalski2095@shopmail.com,Australia,2025-05-31,Standard,2011.22
2096,Isla Johnson,isla.johnson2096@shopmail.com,Australia,2023-01-27,Standard,3344.19
2097,Elijah Young,elijah.young2097@shopmail.com,Australia,2026-05-08,Standard,291.81
2098,Mason Chen,mason.chen2098@shopmail.com,United States,2025-12-20,Standard,4177.23
2099,Noah Thomas,noah.thomas2099@shopmail.com,United States,2025-09-17,Standard,1843.92
2100,Charlotte Chen,charlotte.chen2100@shopmail.com,India,2023-01-17,Standard,993.24
2101,James Thomas,james.thomas2101@shopmail.com,India,2022-06-11,Standard,2842.14
2102,James Khan,james.khan2102@shopmail.com,United States,2025-08-25,Standard,3397.22
2103,Kai Clark,kai.clark2103@shopmail.com,New Zealand,2022-06-21,Standard,1422.55
2104,Zara Dubois,zara.dubois2104@shopmail.com,Australia,2021-12-01,Standard,1074.86
2105,Maya Harris,maya.harris2105@shopmail.com,New Zealand,2020-06-09,Standard,3070.15
2106,Zara Wilson,zara.wilson2106@shopmail.com,New Zealand,2020-07-30,Standard,3083.58
2107,Harper Martin,harper.martin2107@shopmail.com,United States,2021-04-20,Standard,6.72
2108,Sofia Nguyen,sofia.nguyen2108@shopmail.com,United Kingdom,2020-12-06,Standard,4542.85
2109,Arjun Clark,arjun.clark2109@shopmail.com,Canada,2021-07-01,Standard,1960.05
2110,Samuel Young,samuel.young2110@shopmail.com,United Kingdom,2020-08-22,Standard,3004.59
2111,James Patel,james.patel2111@shopmail.com,Australia,2023-02-19,Standard,848.33
2112,Olivia Andersen,olivia.andersen2112@shopmail.com,Singapore,2026-07-17,Standard,510.93
2113,Charlotte Clark,charlotte.clark2113@shopmail.com,Singapore,2026-03-06,Standard,989.56
2114,Chloe Lee,chloe.lee2114@shopmail.com,United Kingdom,2023-01-05,Standard,978.81
2115,Jack Anderson,jack.anderson2115@shopmail.com,United States,2022-08-07,Standard,3503.10
2116,Leo Nguyen,leo.nguyen2116@shopmail.com,Australia,2025-05-16,Standard,449.72
2117,Mia Rossi,mia.rossi2117@shopmail.com,Australia,2021-12-22,Standard,906.53
2118,Oscar Taylor,oscar.taylor2118@shopmail.com,Singapore,2023-03-01,Standard,101.03
2119,Lucas Taylor,lucas.taylor2119@shopmail.com,United Kingdom,2022-02-08,Standard,333.38
2120,Noah Kowalski,noah.kowalski2120@shopmail.com,Australia,2025-02-06,Standard,4363.83
2121,Jack Miller,jack.miller2121@shopmail.com,Canada,2025-11-27,Standard,659.00
2122,James Miller,james.miller2122@shopmail.com,United Kingdom,2024-04-21,Standard,99.44
2123,James Williams,james.williams2123@shopmail.com,Australia,2022-10-14,Standard,3696.56
2124,Zara Anderson,zara.anderson2124@shopmail.com,Singapore,2020-02-25,Standard,3803.52
2125,James Miller,james.miller2125@shopmail.com,United States,2023-10-18,Standard,4093.06
2126,Ava Moore,ava.moore2126@shopmail.com,Australia,2025-05-21,Standard,3646.42
2127,Chloe Thomas,chloe.thomas2127@shopmail.com,New Zealand,2023-09-20,Standard,2298.76
2128,Harper Brown,harper.brown2128@shopmail.com,United States,2022-12-31,Standard,3011.93
2129,Sophia Johnson,sophia.johnson2129@shopmail.com,Australia,2021-02-25,Standard,2614.28
2130,Oliver Khan,oliver.khan2130@shopmail.com,United Kingdom,2021-08-03,Standard,5.81
2131,Ethan Johnson,ethan.johnson2131@shopmail.com,Australia,2024-10-15,Standard,1849.84
2132,Sofia Young,sofia.young2132@shopmail.com,Australia,2024-04-24,Standard,3296.48
2133,Sophia Cohen,sophia.cohen2133@shopmail.com,Australia,2021-03-27,Standard,1077.71
2134,Wei Patel,wei.patel2134@shopmail.com,Australia,2023-09-28,Standard,568.08
2135,Ava Williams,ava.williams2135@shopmail.com,India,2021-09-10,Standard,854.73
2136,Kai Allen,kai.allen2136@shopmail.com,India,2022-01-12,Standard,3261.28
2137,Isabella Walker,isabella.walker2137@shopmail.com,India,2023-03-21,Standard,1672.25
2138,Oliver Lewis,oliver.lewis2138@shopmail.com,United States,2024-02-20,Standard,4477.83
2139,Noah Smith,noah.smith2139@shopmail.com,Australia,2021-08-23,Standard,1537.23
2140,Charlotte Silva,charlotte.silva2140@shopmail.com,Canada,2025-05-13,Standard,3910.32
2141,Sophia Costa,sophia.costa2141@shopmail.com,United Kingdom,2023-02-14,Standard,694.41
2142,Priya Wilson,priya.wilson2142@shopmail.com,Australia,2024-04-26,Standard,1692.52
2143,Oscar Kowalski,oscar.kowalski2143@shopmail.com,United States,2024-08-22,Standard,2888.37
2144,Chen Wilson,chen.wilson2144@shopmail.com,Ireland,2022-10-04,Standard,1839.29
2145,Arjun Cohen,arjun.cohen2145@shopmail.com,United States,2025-12-26,Standard,2364.49
2146,Maya Lee,maya.lee2146@shopmail.com,United Kingdom,2020-12-08,Standard,2788.63
2147,Grace Nakamura,grace.nakamura2147@shopmail.com,India,2022-06-17,Standard,3374.85
2148,Harper Nguyen,harper.nguyen2148@shopmail.com,Australia,2022-04-12,Standard,4770.75
2149,Olivia Nguyen,olivia.nguyen2149@shopmail.com,United States,2025-04-25,Standard,4596.56
2150,Sophia Brown,sophia.brown2150@shopmail.com,United Kingdom,2024-01-18,Standard,4074.01
2151,Elijah Young,elijah.young2151@shopmail.com,United States,2021-08-13,Standard,4009.21
2152,Arjun Singh,arjun.singh2152@shopmail.com,Australia,2022-05-13,Standard,3973.54
2153,Emma Wilson,emma.wilson2153@shopmail.com,Australia,2021-08-09,Standard,1811.81
2154,Olivia Kowalski,olivia.kowalski2154@shopmail.com,United Kingdom,2020-08-09,Standard,3366.73
2155,Hugo Jones,hugo.jones2155@shopmail.com,United States,2021-10-09,Standard,144.89
2156,Mateo Anderson,mateo.anderson2156@shopmail.com,Australia,2022-09-30,Standard,369.91
2157,Nina Singh,nina.singh2157@shopmail.com,Australia,2022-01-17,Standard,2254.87
2158,Elijah Nakamura,elijah.nakamura2158@shopmail.com,Canada,2023-05-11,Standard,2256.89
2159,Chen Silva,chen.silva2159@shopmail.com,Ireland,2020-02-24,Standard,1376.49
2160,Isabella Brown,isabella.brown2160@shopmail.com,Singapore,2020-05-11,Standard,2900.03
2161,Mia Khan,mia.khan2161@shopmail.com,Australia,2020-02-14,Standard,1902.68
2162,Leo Rossi,leo.rossi2162@shopmail.com,United States,2022-11-22,Standard,4411.92
2163,Isla Walker,isla.walker2163@shopmail.com,Canada,2022-07-20,Standard,2033.62
2164,Lucas Lewis,lucas.lewis2164@shopmail.com,Australia,2025-11-06,Standard,1812.29
2165,Elijah Martin,elijah.martin2165@shopmail.com,United Kingdom,2020-08-17,Standard,1050.75
2166,Mia Dubois,mia.dubois2166@shopmail.com,India,2020-11-12,Standard,3919.48
2167,Henry Murphy,henry.murphy2167@shopmail.com,United Kingdom,2024-07-17,Standard,3970.82
2168,Lucas Brown,lucas.brown2168@shopmail.com,Ireland,2024-03-01,Standard,3103.91
2169,Mason Lewis,mason.lewis2169@shopmail.com,Australia,2021-03-03,Standard,373.48
2170,Eva Allen,eva.allen2170@shopmail.com,Australia,2022-09-08,Standard,1354.59
2171,Maya Miller,maya.miller2171@shopmail.com,Australia,2022-05-17,Standard,2866.13
2172,Yuki Moore,yuki.moore2172@shopmail.com,United States,2022-04-06,Standard,3064.27
2173,Liam Harris,liam.harris2173@shopmail.com,New Zealand,2020-12-14,Standard,4687.98
2174,Nina Williams,nina.williams2174@shopmail.com,India,2025-06-04,Standard,219.27
2175,Priya Garcia,priya.garcia2175@shopmail.com,New Zealand,2020-02-04,Standard,4706.60
2176,Wei Chen,wei.chen2176@shopmail.com,United States,2022-03-09,Standard,1509.47
2177,Jack Patel,jack.patel2177@shopmail.com,Australia,2021-02-02,Standard,1590.33
2178,Isla Miller,isla.miller2178@shopmail.com,United States,2021-09-07,Standard,113.69
2179,Charlotte Murphy,charlotte.murphy2179@shopmail.com,India,2020-06-02,Standard,1392.57
2180,Isabella Rossi,isabella.rossi2180@shopmail.com,Australia,2021-01-17,Standard,4573.53
2181,Ethan Martin,ethan.martin2181@shopmail.com,Ireland,2021-07-30,Standard,3690.36
2182,Lucas Khan,lucas.khan2182@shopmail.com,United States,2025-11-13,Standard,4465.09
2183,Chen Silva,chen.silva2183@shopmail.com,Ireland,2021-06-21,Standard,1627.30
2184,Mateo Kowalski,mateo.kowalski2184@shopmail.com,Australia,2024-05-06,Standard,1147.73
2185,Samuel Jones,samuel.jones2185@shopmail.com,Australia,2026-05-11,Standard,3013.39
2186,Oscar Miller,oscar.miller2186@shopmail.com,Ireland,2020-03-02,Standard,684.59
2187,Yuki Dubois,yuki.dubois2187@shopmail.com,Ireland,2020-12-23,Standard,2394.78
2188,Henry Hall,henry.hall2188@shopmail.com,Australia,2023-04-25,Standard,775.07
2189,Zara Costa,zara.costa2189@shopmail.com,United Kingdom,2023-12-18,Standard,428.30
2190,Mia Rossi,mia.rossi2190@shopmail.com,New Zealand,2025-04-22,Standard,4696.72
2191,Chloe Wilson,chloe.wilson2191@shopmail.com,Australia,2026-05-18,Standard,2343.64
2192,Mateo Young,mateo.young2192@shopmail.com,United Kingdom,2024-08-02,Standard,4113.60
2193,Elijah Silva,elijah.silva2193@shopmail.com,United Kingdom,2025-09-30,Standard,4055.21
2194,Priya Nguyen,priya.nguyen2194@shopmail.com,Australia,2024-08-19,Standard,2428.52
2195,Aarav Williams,aarav.williams2195@shopmail.com,India,2020-08-21,Standard,3557.00
2196,Harper Dubois,harper.dubois2196@shopmail.com,Australia,2021-09-25,Standard,4094.69
2197,Wei Kim,wei.kim2197@shopmail.com,Australia,2026-05-24,Standard,1916.55
2198,Noah Lee,noah.lee2198@shopmail.com,United Kingdom,2025-03-08,Standard,3211.92
2199,Sofia Rossi,sofia.rossi2199@shopmail.com,United States,2025-12-31,Standard,4320.61
2200,Henry Miller,henry.miller2200@shopmail.com,Australia,2022-01-08,Standard,3512.53
2201,Jack Kowalski,jack.kowalski2201@shopmail.com,Australia,2024-07-02,Standard,1577.86
2202,Priya Allen,priya.allen2202@shopmail.com,India,2025-06-14,Standard,1020.65
2203,Ruby Davis,ruby.davis2203@shopmail.com,New Zealand,2025-02-04,Standard,183.76
2204,Isabella Murphy,isabella.murphy2204@shopmail.com,Australia,2022-05-24,Standard,1536.90
2205,Liam Kim,liam.kim2205@shopmail.com,Australia,2024-01-20,Standard,3789.88
2206,Ruby Martin,ruby.martin2206@shopmail.com,Australia,2022-05-16,Standard,4166.50
2207,Leo Lewis,leo.lewis2207@shopmail.com,New Zealand,2021-12-22,Standard,401.24
2208,Noah Lewis,noah.lewis2208@shopmail.com,United Kingdom,2020-11-30,Standard,1432.02
2209,Chloe Singh,chloe.singh2209@shopmail.com,United States,2022-05-26,Standard,3214.29
2210,Aarav Taylor,aarav.taylor2210@shopmail.com,Australia,2021-01-13,Standard,4295.79
2211,Leo Allen,leo.allen2211@shopmail.com,Ireland,2023-05-01,Standard,789.76
2212,Sofia Singh,sofia.singh2212@shopmail.com,United States,2025-05-01,Standard,2570.43
2213,Lucas Kowalski,lucas.kowalski2213@shopmail.com,United Kingdom,2026-05-25,Standard,1867.86
2214,James Dubois,james.dubois2214@shopmail.com,Ireland,2022-03-24,Standard,373.48
2215,Hugo Anderson,hugo.anderson2215@shopmail.com,United Kingdom,2023-07-20,Standard,68.10
2216,Henry Anderson,henry.anderson2216@shopmail.com,United States,2023-07-20,Standard,545.31
2217,Grace Clark,grace.clark2217@shopmail.com,United States,2020-01-16,Standard,4743.55
2218,Elijah Silva,elijah.silva2218@shopmail.com,Singapore,2026-06-27,Standard,467.74
2219,Amelia Moore,amelia.moore2219@shopmail.com,United Kingdom,2026-02-14,Standard,3717.05
2220,Eva Kim,eva.kim2220@shopmail.com,Australia,2023-11-26,Standard,1006.86
2221,Mason Costa,mason.costa2221@shopmail.com,Australia,2024-02-25,Standard,3906.14
2222,Olivia Walker,olivia.walker2222@shopmail.com,New Zealand,2025-08-18,Standard,3931.45
2223,Sophia Cohen,sophia.cohen2223@shopmail.com,Singapore,2025-02-10,Standard,1987.46
2224,Sofia Patel,sofia.patel2224@shopmail.com,United States,2024-10-10,Standard,2511.22
2225,Chen Davis,chen.davis2225@shopmail.com,Australia,2025-02-22,Standard,2056.24
2226,Mia Dubois,mia.dubois2226@shopmail.com,India,2021-10-28,Standard,2605.26
2227,Charlotte Young,charlotte.young2227@shopmail.com,Singapore,2024-11-26,Standard,3043.71
2228,Samuel Miller,samuel.miller2228@shopmail.com,Australia,2021-03-01,Standard,430.26
2229,Olivia Singh,olivia.singh2229@shopmail.com,Australia,2025-07-26,Standard,3599.73
2230,Samuel Andersen,samuel.andersen2230@shopmail.com,Australia,2024-12-24,Standard,2416.14
2231,Liam Young,liam.young2231@shopmail.com,United Kingdom,2022-05-17,Standard,1069.82
2232,Henry Dubois,henry.dubois2232@shopmail.com,United Kingdom,2021-04-13,Standard,938.69
2233,Ruby Davis,ruby.davis2233@shopmail.com,United Kingdom,2025-03-15,Standard,1982.09
2234,Jack Smith,jack.smith2234@shopmail.com,United Kingdom,2022-07-06,Standard,2436.29
2235,Zara Clark,zara.clark2235@shopmail.com,New Zealand,2024-08-25,Standard,3231.84
2236,James Singh,james.singh2236@shopmail.com,Australia,2020-03-04,Standard,125.98
2237,Mateo Nakamura,mateo.nakamura2237@shopmail.com,Canada,2023-07-24,Standard,1608.43
2238,Nina Kowalski,nina.kowalski2238@shopmail.com,Australia,2026-03-26,Standard,4672.75
2239,Mason Chen,mason.chen2239@shopmail.com,Australia,2026-06-24,Standard,2059.69
2240,Charlotte Taylor,charlotte.taylor2240@shopmail.com,United Kingdom,2023-07-27,Standard,2482.93
2241,Leo Lee,leo.lee2241@shopmail.com,Australia,2021-06-01,Standard,2420.43
2242,Nina Chen,nina.chen2242@shopmail.com,Ireland,2022-12-01,Standard,4019.22
2243,Lucas Hall,lucas.hall2243@shopmail.com,Australia,2021-01-16,Standard,447.67
2244,Leo Smith,leo.smith2244@shopmail.com,Singapore,2021-09-18,Standard,133.53
2245,Maya Garcia,maya.garcia2245@shopmail.com,India,2024-04-15,Standard,121.39
2246,Elijah Rossi,elijah.rossi2246@shopmail.com,Singapore,2024-01-06,Standard,895.46
2247,Ethan Walker,ethan.walker2247@shopmail.com,Australia,2026-01-02,Standard,4034.19
2248,Charlotte Clark,charlotte.clark2248@shopmail.com,Singapore,2020-07-30,Standard,1319.83
2249,Isabella Johnson,isabella.johnson2249@shopmail.com,Singapore,2026-07-01,Standard,4161.31
2250,Sophia Rossi,sophia.rossi2250@shopmail.com,India,2021-05-17,Standard,513.97
2251,Wei Clark,wei.clark2251@shopmail.com,Australia,2021-01-15,Standard,371.43
2252,Mateo Martin,mateo.martin2252@shopmail.com,United Kingdom,2021-02-16,Standard,2356.98
2253,Olivia Singh,olivia.singh2253@shopmail.com,Australia,2025-06-15,Standard,4604.24
2254,Noah Martin,noah.martin2254@shopmail.com,Singapore,2024-09-15,Standard,1801.22
2255,Priya Silva,priya.silva2255@shopmail.com,Ireland,2021-10-21,Standard,863.07
2256,James Taylor,james.taylor2256@shopmail.com,Singapore,2026-05-12,Standard,3029.82
2257,Liam Davis,liam.davis2257@shopmail.com,United Kingdom,2023-11-21,Standard,2322.77
2258,Samuel Andersen,samuel.andersen2258@shopmail.com,Australia,2021-10-10,Standard,2504.39
2259,Aarav Davis,aarav.davis2259@shopmail.com,Australia,2020-05-01,Standard,2572.58
2260,Kai Khan,kai.khan2260@shopmail.com,Ireland,2021-09-16,Standard,1038.27
2261,Mateo Davis,mateo.davis2261@shopmail.com,Australia,2020-04-30,Standard,1572.19
2262,Ethan Garcia,ethan.garcia2262@shopmail.com,Canada,2021-06-02,Standard,1284.43
2263,Ruby Moore,ruby.moore2263@shopmail.com,Australia,2023-11-28,Standard,3398.80
2264,Wei Rossi,wei.rossi2264@shopmail.com,Canada,2025-07-23,Standard,2093.10
2265,Jack Moore,jack.moore2265@shopmail.com,New Zealand,2021-12-09,Standard,949.81
2266,Zara Chen,zara.chen2266@shopmail.com,Australia,2026-07-18,Standard,3807.14
2267,Hugo Walker,hugo.walker2267@shopmail.com,Australia,2022-04-23,Standard,4578.06
2268,Oscar Kowalski,oscar.kowalski2268@shopmail.com,United States,2024-10-01,Standard,2862.38
2269,Zara Hall,zara.hall2269@shopmail.com,India,2021-03-16,Standard,2915.02
2270,Leo Moore,leo.moore2270@shopmail.com,India,2023-12-16,Standard,1795.01
2271,Noah Silva,noah.silva2271@shopmail.com,Australia,2020-05-18,Standard,4598.87
2272,Aarav Singh,aarav.singh2272@shopmail.com,New Zealand,2025-12-12,Standard,1690.82
2273,Olivia Davis,olivia.davis2273@shopmail.com,Australia,2023-08-14,Standard,2061.06
2274,Mia Patel,mia.patel2274@shopmail.com,Australia,2020-10-24,Standard,1032.88
2275,Mateo Nguyen,mateo.nguyen2275@shopmail.com,Australia,2023-07-11,Standard,587.06
2276,Priya Smith,priya.smith2276@shopmail.com,Canada,2023-09-09,Standard,1026.11
2277,Nina Hall,nina.hall2277@shopmail.com,Australia,2026-04-19,Standard,317.93
2278,Wei Martin,wei.martin2278@shopmail.com,United States,2022-06-09,Standard,494.02
2279,Zara Jones,zara.jones2279@shopmail.com,India,2024-09-23,Standard,3274.23
2280,Leo Hall,leo.hall2280@shopmail.com,United Kingdom,2022-03-22,Standard,946.19
2281,Oscar Cohen,oscar.cohen2281@shopmail.com,Australia,2023-01-29,Standard,2021.94
2282,Sophia Silva,sophia.silva2282@shopmail.com,Australia,2023-08-31,Standard,2837.62
2283,Harper Costa,harper.costa2283@shopmail.com,Australia,2023-03-13,Standard,85.61
2284,Nina Smith,nina.smith2284@shopmail.com,United States,2023-03-10,Standard,629.08
2285,Jack Williams,jack.williams2285@shopmail.com,United States,2025-11-30,Standard,187.78
2286,Olivia Jones,olivia.jones2286@shopmail.com,United States,2021-01-24,Standard,3983.28
2287,Grace Walker,grace.walker2287@shopmail.com,New Zealand,2023-07-23,Standard,3617.72
2288,Jack Garcia,jack.garcia2288@shopmail.com,United States,2023-07-06,Standard,2370.33
2289,Emma Chen,emma.chen2289@shopmail.com,New Zealand,2025-02-04,Standard,2368.02
2290,Sophia Nguyen,sophia.nguyen2290@shopmail.com,India,2021-02-24,Standard,140.58
2291,Emma Smith,emma.smith2291@shopmail.com,Australia,2021-03-06,Standard,4768.99
2292,Leo Lee,leo.lee2292@shopmail.com,Australia,2020-12-26,Standard,917.57
2293,Mateo Andersen,mateo.andersen2293@shopmail.com,Australia,2020-08-03,Standard,1246.50
2294,Liam Davis,liam.davis2294@shopmail.com,Australia,2023-05-31,Standard,360.20
2295,Chen Kim,chen.kim2295@shopmail.com,New Zealand,2021-11-28,Standard,4439.32
2296,Hugo Rossi,hugo.rossi2296@shopmail.com,Australia,2021-06-01,Standard,1532.80
2297,Isabella Singh,isabella.singh2297@shopmail.com,Singapore,2025-01-04,Standard,3207.53
2298,Kai Nakamura,kai.nakamura2298@shopmail.com,Australia,2026-06-25,Standard,2294.05
2299,Oscar Lewis,oscar.lewis2299@shopmail.com,United Kingdom,2025-05-31,Standard,1083.99
2300,Aarav Young,aarav.young2300@shopmail.com,Canada,2020-12-05,Standard,1694.45
2301,Harper Martin,harper.martin2301@shopmail.com,Canada,2020-11-15,Standard,360.69
2302,Oscar Brown,oscar.brown2302@shopmail.com,Australia,2020-02-23,Standard,3218.39
2303,Henry Kim,henry.kim2303@shopmail.com,Australia,2025-06-20,Standard,501.77
2304,Amelia Nakamura,amelia.nakamura2304@shopmail.com,United States,2023-07-07,Standard,3650.34
2305,Yuki Rossi,yuki.rossi2305@shopmail.com,Singapore,2021-09-22,Standard,4069.47
2306,Oliver Wilson,oliver.wilson2306@shopmail.com,Australia,2024-01-29,Standard,1850.76
2307,Chloe Khan,chloe.khan2307@shopmail.com,Australia,2024-06-27,Standard,902.18
2308,Zara Kowalski,zara.kowalski2308@shopmail.com,Australia,2023-06-12,Standard,4567.17
2309,Nina Miller,nina.miller2309@shopmail.com,Australia,2025-03-03,Standard,4205.74
2310,Sophia Harris,sophia.harris2310@shopmail.com,Australia,2025-03-02,Standard,897.74
2311,Olivia Murphy,olivia.murphy2311@shopmail.com,Singapore,2025-12-14,Standard,2172.68
2312,Aarav Davis,aarav.davis2312@shopmail.com,United States,2020-12-10,Standard,1701.25
2313,Amelia Anderson,amelia.anderson2313@shopmail.com,United Kingdom,2025-08-18,Standard,2068.07
2314,Chen Brown,chen.brown2314@shopmail.com,United States,2023-01-21,Standard,1774.95
2315,Emma Kim,emma.kim2315@shopmail.com,Canada,2024-09-26,Standard,930.87
2316,Mason Chen,mason.chen2316@shopmail.com,Australia,2023-02-04,Standard,2541.90
2317,Oscar Nakamura,oscar.nakamura2317@shopmail.com,United Kingdom,2021-03-23,Standard,3269.57
2318,Harper Davis,harper.davis2318@shopmail.com,Australia,2021-04-16,Standard,255.06
2319,Liam Costa,liam.costa2319@shopmail.com,New Zealand,2022-09-04,Standard,316.07
2320,Oliver Lewis,oliver.lewis2320@shopmail.com,Australia,2024-07-15,Standard,1881.16
2321,Oliver Lee,oliver.lee2321@shopmail.com,Canada,2023-01-03,Standard,2376.82
2322,Lucas Martin,lucas.martin2322@shopmail.com,United Kingdom,2023-03-25,Standard,3388.10
2323,Wei Smith,wei.smith2323@shopmail.com,Australia,2022-01-28,Standard,2415.55
2324,Samuel Murphy,samuel.murphy2324@shopmail.com,Canada,2023-06-04,Standard,4092.31
2325,Harper Thomas,harper.thomas2325@shopmail.com,United Kingdom,2020-10-11,Standard,799.90
2326,Chen Rossi,chen.rossi2326@shopmail.com,Australia,2020-02-22,Standard,3196.95
2327,Leo Allen,leo.allen2327@shopmail.com,Australia,2021-12-28,Standard,4676.98
2328,Noah Thomas,noah.thomas2328@shopmail.com,Singapore,2020-02-09,Standard,2851.22
2329,Ruby Smith,ruby.smith2329@shopmail.com,United States,2022-10-10,Standard,2268.33
2330,Liam Johnson,liam.johnson2330@shopmail.com,India,2023-04-05,Standard,4009.72
2331,Kai Khan,kai.khan2331@shopmail.com,Australia,2021-08-23,Standard,3721.23
2332,Oliver Walker,oliver.walker2332@shopmail.com,Ireland,2023-10-06,Standard,2172.56
2333,Sofia Andersen,sofia.andersen2333@shopmail.com,New Zealand,2025-06-15,Standard,1216.98
2334,Henry Smith,henry.smith2334@shopmail.com,United Kingdom,2023-05-18,Standard,3408.75
2335,Kai Murphy,kai.murphy2335@shopmail.com,Australia,2023-01-10,Standard,3291.76
2336,Olivia Anderson,olivia.anderson2336@shopmail.com,United Kingdom,2022-06-21,Standard,3164.96
2337,Isabella Patel,isabella.patel2337@shopmail.com,United States,2020-05-06,Standard,1172.97
2338,Leo Nguyen,leo.nguyen2338@shopmail.com,Australia,2020-12-31,Standard,930.44
2339,Charlotte Miller,charlotte.miller2339@shopmail.com,New Zealand,2026-02-09,Standard,4316.26
2340,Chloe Nakamura,chloe.nakamura2340@shopmail.com,Australia,2022-12-22,Standard,4369.57
2341,Sofia Allen,sofia.allen2341@shopmail.com,United Kingdom,2026-08-10,Standard,2003.01
2342,Zara Walker,zara.walker2342@shopmail.com,Australia,2020-06-17,Standard,2781.68
2343,Chen Davis,chen.davis2343@shopmail.com,United Kingdom,2025-02-06,Standard,2719.98
2344,Sofia Young,sofia.young2344@shopmail.com,Australia,2020-02-04,Standard,2394.85
2345,Isabella Rossi,isabella.rossi2345@shopmail.com,Singapore,2021-09-07,Standard,2511.29
2346,Wei Dubois,wei.dubois2346@shopmail.com,Singapore,2021-10-28,Standard,1457.50
2347,Wei Jones,wei.jones2347@shopmail.com,Ireland,2023-04-22,Standard,74.84
2348,Liam Martin,liam.martin2348@shopmail.com,New Zealand,2021-05-20,Standard,255.33
2349,Yuki Smith,yuki.smith2349@shopmail.com,United Kingdom,2023-12-13,Standard,3169.22
2350,James Brown,james.brown2350@shopmail.com,New Zealand,2021-07-18,Standard,1681.05
2351,Wei Khan,wei.khan2351@shopmail.com,Singapore,2026-04-15,Standard,744.18
2352,Ava Lewis,ava.lewis2352@shopmail.com,Australia,2022-03-16,Standard,2073.84
2353,Ava Young,ava.young2353@shopmail.com,Australia,2020-05-11,Standard,2271.25
2354,Sofia Harris,sofia.harris2354@shopmail.com,Ireland,2024-05-01,Standard,2028.30
2355,Oliver Clark,oliver.clark2355@shopmail.com,New Zealand,2023-06-26,Standard,831.85
2356,Leo Hall,leo.hall2356@shopmail.com,Ireland,2026-06-26,Standard,668.05
2357,Mason Clark,mason.clark2357@shopmail.com,Australia,2024-09-01,Standard,2660.56
2358,Yuki Walker,yuki.walker2358@shopmail.com,Australia,2023-05-02,Standard,2719.99
2359,Henry Andersen,henry.andersen2359@shopmail.com,Australia,2024-03-19,Standard,3755.55
2360,Leo Miller,leo.miller2360@shopmail.com,Australia,2025-11-26,Standard,2121.13
2361,Priya Khan,priya.khan2361@shopmail.com,Singapore,2024-01-04,Standard,2248.22
2362,Leo Rossi,leo.rossi2362@shopmail.com,United Kingdom,2024-08-07,Standard,2214.16
2363,Arjun Johnson,arjun.johnson2363@shopmail.com,Ireland,2024-09-20,Standard,424.46
2364,Elijah Walker,elijah.walker2364@shopmail.com,Ireland,2022-09-20,Standard,2785.55
2365,Mateo Wilson,mateo.wilson2365@shopmail.com,India,2026-02-03,Standard,4319.58
2366,Wei Brown,wei.brown2366@shopmail.com,Ireland,2024-05-27,Standard,604.49
2367,James Rossi,james.rossi2367@shopmail.com,Ireland,2025-10-22,Standard,2209.06
2368,Emma Garcia,emma.garcia2368@shopmail.com,Australia,2023-01-11,Standard,3983.49
2369,Oliver Allen,oliver.allen2369@shopmail.com,India,2021-02-02,Standard,3945.31
2370,Nina Murphy,nina.murphy2370@shopmail.com,Canada,2023-09-19,Standard,4148.71
2371,Sophia Khan,sophia.khan2371@shopmail.com,Canada,2020-08-05,Standard,3367.55
2372,Kai Anderson,kai.anderson2372@shopmail.com,United States,2025-07-21,Standard,654.73
2373,Isabella Walker,isabella.walker2373@shopmail.com,Singapore,2023-06-27,Standard,3451.88
2374,James Cohen,james.cohen2374@shopmail.com,India,2022-04-02,Standard,550.60
2375,James Anderson,james.anderson2375@shopmail.com,India,2021-05-10,Standard,2495.15
2376,Harper Martin,harper.martin2376@shopmail.com,Australia,2025-04-24,Standard,118.35
2377,Isla Silva,isla.silva2377@shopmail.com,United Kingdom,2020-08-15,Standard,4445.01
2378,Yuki Chen,yuki.chen2378@shopmail.com,United States,2022-01-23,Standard,3937.30
2379,Maya Clark,maya.clark2379@shopmail.com,India,2024-12-03,Standard,4124.71
2380,Samuel Davis,samuel.davis2380@shopmail.com,United Kingdom,2021-08-22,Standard,3053.75
2381,Mia Anderson,mia.anderson2381@shopmail.com,Canada,2022-09-12,Standard,819.72
2382,Maya Moore,maya.moore2382@shopmail.com,United States,2025-05-21,Standard,1392.17
2383,Oliver Cohen,oliver.cohen2383@shopmail.com,United Kingdom,2023-02-01,Standard,1877.71
2384,Oliver Rossi,oliver.rossi2384@shopmail.com,United Kingdom,2024-10-06,Standard,711.20
2385,Wei Rossi,wei.rossi2385@shopmail.com,Australia,2026-04-30,Standard,1869.26
2386,Hugo Walker,hugo.walker2386@shopmail.com,Australia,2024-12-25,Standard,204.63
2387,Sofia Wilson,sofia.wilson2387@shopmail.com,United States,2025-02-20,Standard,1329.14
2388,Lucas Patel,lucas.patel2388@shopmail.com,United States,2025-08-23,Standard,1011.74
2389,Kai Kim,kai.kim2389@shopmail.com,United States,2020-09-14,Standard,837.59
2390,Isabella Patel,isabella.patel2390@shopmail.com,Singapore,2026-04-25,Standard,1628.60
2391,Elijah Lewis,elijah.lewis2391@shopmail.com,Ireland,2023-05-25,Standard,4432.69
2392,Noah Murphy,noah.murphy2392@shopmail.com,United Kingdom,2025-04-16,Standard,2908.04
2393,Mia Costa,mia.costa2393@shopmail.com,Canada,2025-09-07,Standard,3721.91
2394,Kai Clark,kai.clark2394@shopmail.com,Australia,2023-08-20,Standard,2826.49
2395,Hugo Patel,hugo.patel2395@shopmail.com,India,2024-07-11,Standard,324.34
2396,Olivia Thomas,olivia.thomas2396@shopmail.com,Australia,2021-01-30,Standard,3193.25
2397,Oscar Murphy,oscar.murphy2397@shopmail.com,United Kingdom,2022-08-06,Standard,4710.38
2398,Harper Miller,harper.miller2398@shopmail.com,Australia,2024-04-22,Standard,3627.91
2399,Grace Jones,grace.jones2399@shopmail.com,Australia,2022-10-22,Standard,549.47
2400,Noah Silva,noah.silva2400@shopmail.com,Ireland,2024-03-13,Standard,2911.36
2401,Olivia Taylor,olivia.taylor2401@shopmail.com,United Kingdom,2021-03-16,Standard,3353.88
2402,Charlotte Wilson,charlotte.wilson2402@shopmail.com,Singapore,2026-06-08,Standard,2671.05
2403,Mason Clark,mason.clark2403@shopmail.com,United States,2024-11-27,Standard,3258.48
2404,Ethan Moore,ethan.moore2404@shopmail.com,Canada,2021-10-25,Standard,2083.50
2405,Kai Moore,kai.moore2405@shopmail.com,Australia,2026-07-12,Standard,116.37
2406,Oliver Martin,oliver.martin2406@shopmail.com,Australia,2021-07-29,Standard,4287.80
2407,Mateo Singh,mateo.singh2407@shopmail.com,India,2026-02-16,Standard,4149.56
2408,Chen Taylor,chen.taylor2408@shopmail.com,Singapore,2025-12-03,Standard,2381.64
2409,Amelia Costa,amelia.costa2409@shopmail.com,United States,2025-08-13,Standard,1690.11
2410,Samuel Dubois,samuel.dubois2410@shopmail.com,Australia,2020-10-02,Standard,2106.61
2411,Charlotte Jones,charlotte.jones2411@shopmail.com,India,2020-11-16,Standard,610.52
2412,Kai Walker,kai.walker2412@shopmail.com,Australia,2021-04-28,Standard,2393.82
2413,Emma Andersen,emma.andersen2413@shopmail.com,United Kingdom,2020-04-02,Standard,1075.30
2414,Wei Clark,wei.clark2414@shopmail.com,United Kingdom,2024-01-05,Standard,326.17
2415,Lucas Young,lucas.young2415@shopmail.com,Australia,2025-12-28,Standard,2761.71
2416,Kai Khan,kai.khan2416@shopmail.com,New Zealand,2024-06-23,Standard,2969.50
2417,Maya Davis,maya.davis2417@shopmail.com,India,2025-04-13,Standard,4497.25
2418,Aarav Johnson,aarav.johnson2418@shopmail.com,Australia,2023-10-16,Standard,2022.75
2419,Mason Allen,mason.allen2419@shopmail.com,Ireland,2020-08-31,Standard,668.59
2420,Arjun Allen,arjun.allen2420@shopmail.com,Ireland,2020-09-12,Standard,1130.96
2421,Noah Costa,noah.costa2421@shopmail.com,India,2020-05-24,Standard,1660.06
2422,Noah Singh,noah.singh2422@shopmail.com,India,2020-11-26,Standard,4260.09
2423,Ruby Wilson,ruby.wilson2423@shopmail.com,New Zealand,2020-06-19,Standard,499.49
2424,Oscar Khan,oscar.khan2424@shopmail.com,Australia,2023-12-05,Standard,2071.27
2425,Yuki Lee,yuki.lee2425@shopmail.com,Australia,2020-08-14,Standard,126.50
2426,Mason Andersen,mason.andersen2426@shopmail.com,India,2024-04-02,Standard,3273.32
2427,Olivia Dubois,olivia.dubois2427@shopmail.com,United States,2020-08-01,Standard,1858.20
2428,Charlotte Wilson,charlotte.wilson2428@shopmail.com,United Kingdom,2024-10-14,Standard,2637.82
2429,Sophia Silva,sophia.silva2429@shopmail.com,Australia,2024-02-15,Standard,1688.59
2430,Chen Kowalski,chen.kowalski2430@shopmail.com,Australia,2022-09-02,Standard,1113.76
2431,Hugo Smith,hugo.smith2431@shopmail.com,Australia,2024-08-18,Standard,3587.88
2432,Maya Costa,maya.costa2432@shopmail.com,Australia,2020-03-02,Standard,4191.63
2433,Harper Brown,harper.brown2433@shopmail.com,Australia,2020-08-20,Standard,608.24
2434,Mia Young,mia.young2434@shopmail.com,Australia,2023-07-10,Standard,1678.40
2435,Harper Young,harper.young2435@shopmail.com,Australia,2024-06-17,Standard,2297.77
2436,Sophia Jones,sophia.jones2436@shopmail.com,Australia,2022-10-21,Standard,4504.18
2437,Amelia Cohen,amelia.cohen2437@shopmail.com,Canada,2024-01-02,Standard,4308.67
2438,Ethan Silva,ethan.silva2438@shopmail.com,Canada,2023-05-24,Standard,4518.85
2439,Arjun Young,arjun.young2439@shopmail.com,Singapore,2022-09-27,Standard,2528.85
2440,Zara Hall,zara.hall2440@shopmail.com,Canada,2026-01-26,Standard,2416.54
2441,Emma Patel,emma.patel2441@shopmail.com,United Kingdom,2025-06-14,Standard,1342.96
2442,Amelia Wilson,amelia.wilson2442@shopmail.com,United States,2022-08-02,Standard,1463.71
2443,Arjun Martin,arjun.martin2443@shopmail.com,Australia,2024-03-05,Standard,3479.57
2444,Isabella Williams,isabella.williams2444@shopmail.com,Australia,2024-12-08,Standard,3119.56
2445,Henry Davis,henry.davis2445@shopmail.com,Australia,2025-08-05,Standard,4014.36
2446,Zara Lewis,zara.lewis2446@shopmail.com,India,2024-04-22,Standard,1441.98
2447,Ava Brown,ava.brown2447@shopmail.com,New Zealand,2024-04-21,Standard,2377.72
2448,Charlotte Kim,charlotte.kim2448@shopmail.com,United States,2020-06-30,Standard,1077.35
2449,Charlotte Taylor,charlotte.taylor2449@shopmail.com,Singapore,2024-10-31,Standard,2555.96
2450,Yuki Williams,yuki.williams2450@shopmail.com,United States,2023-11-25,Standard,4498.67
2451,Eva Allen,eva.allen2451@shopmail.com,New Zealand,2022-06-05,Standard,3634.81
2452,Chen Kowalski,chen.kowalski2452@shopmail.com,United Kingdom,2020-08-21,Standard,3875.50
2453,Arjun Kim,arjun.kim2453@shopmail.com,Canada,2023-03-23,Standard,4120.87
2454,Maya Rossi,maya.rossi2454@shopmail.com,United Kingdom,2026-06-03,Standard,3452.26
2455,Kai Clark,kai.clark2455@shopmail.com,Australia,2024-04-10,Standard,2243.20
2456,Harper Wilson,harper.wilson2456@shopmail.com,Australia,2023-02-23,Standard,3838.03
2457,Zara Garcia,zara.garcia2457@shopmail.com,Australia,2026-02-01,Standard,1419.96
2458,Nina Chen,nina.chen2458@shopmail.com,Australia,2023-01-28,Standard,1736.14
2459,Aarav Smith,aarav.smith2459@shopmail.com,Australia,2023-06-11,Standard,2728.52
2460,Priya Clark,priya.clark2460@shopmail.com,Australia,2024-12-22,Standard,2221.08
2461,Chloe Smith,chloe.smith2461@shopmail.com,United States,2020-05-31,Standard,4636.25
2462,Ruby Dubois,ruby.dubois2462@shopmail.com,Australia,2024-07-31,Standard,281.21
2463,Ava Lewis,ava.lewis2463@shopmail.com,India,2026-03-08,Standard,1507.33
2464,Noah Silva,noah.silva2464@shopmail.com,Australia,2022-11-22,Standard,3676.69
2465,Zara Clark,zara.clark2465@shopmail.com,United States,2021-06-05,Standard,1091.61
2466,Mia Anderson,mia.anderson2466@shopmail.com,India,2020-07-22,Standard,1116.83
2467,Liam Taylor,liam.taylor2467@shopmail.com,Singapore,2025-09-06,Standard,4130.74
2468,Hugo Hall,hugo.hall2468@shopmail.com,Australia,2026-03-16,Standard,3443.32
2469,Emma Clark,emma.clark2469@shopmail.com,New Zealand,2020-03-07,Standard,3256.26
2470,Sofia Andersen,sofia.andersen2470@shopmail.com,Canada,2020-07-02,Standard,2882.78
2471,Sofia Miller,sofia.miller2471@shopmail.com,Australia,2025-09-07,Standard,2130.30
2472,Isla Jones,isla.jones2472@shopmail.com,Australia,2022-04-15,Standard,1563.79
2473,Mateo Singh,mateo.singh2473@shopmail.com,Australia,2024-10-12,Standard,4204.10
2474,Isabella Johnson,isabella.johnson2474@shopmail.com,United Kingdom,2024-01-15,Standard,1607.93
2475,Grace Nguyen,grace.nguyen2475@shopmail.com,United States,2023-04-19,Standard,2985.20
2476,Lucas Nguyen,lucas.nguyen2476@shopmail.com,Australia,2023-04-06,Standard,4465.48
2477,Hugo Johnson,hugo.johnson2477@shopmail.com,Australia,2022-05-16,Standard,3878.56
2478,Isla Khan,isla.khan2478@shopmail.com,Ireland,2026-07-09,Standard,3421.63
2479,Amelia Kim,amelia.kim2479@shopmail.com,India,2020-05-13,Standard,3153.88
2480,Isabella Kim,isabella.kim2480@shopmail.com,Ireland,2020-11-17,Standard,4584.86
2481,Ethan Costa,ethan.costa2481@shopmail.com,United States,2026-06-10,Standard,3025.56
2482,Grace Andersen,grace.andersen2482@shopmail.com,Canada,2021-05-11,Standard,4068.46
2483,Kai Brown,kai.brown2483@shopmail.com,India,2025-04-18,Standard,3164.15
2484,Kai Silva,kai.silva2484@shopmail.com,United Kingdom,2023-01-07,Standard,936.11
2485,Nina Young,nina.young2485@shopmail.com,Australia,2023-09-08,Standard,1166.75
2486,Mateo Lee,mateo.lee2486@shopmail.com,United States,2023-07-13,Standard,3591.30
2487,Sophia Harris,sophia.harris2487@shopmail.com,United States,2024-08-06,Standard,1737.03
2488,Sofia Dubois,sofia.dubois2488@shopmail.com,United States,2020-11-09,Standard,4390.25
2489,Ruby Lee,ruby.lee2489@shopmail.com,United States,2024-09-11,Standard,1102.86
2490,Elijah Andersen,elijah.andersen2490@shopmail.com,Australia,2024-07-27,Standard,3235.70
2491,Elijah Clark,elijah.clark2491@shopmail.com,Ireland,2023-03-21,Standard,1639.54
2492,Sophia Garcia,sophia.garcia2492@shopmail.com,United Kingdom,2024-09-20,Standard,2424.12
2493,Isabella Costa,isabella.costa2493@shopmail.com,United States,2022-03-22,Standard,4319.39
2494,Henry Smith,henry.smith2494@shopmail.com,Australia,2021-05-09,Standard,2009.40
2495,Arjun Murphy,arjun.murphy2495@shopmail.com,Canada,2021-02-17,Standard,606.71
2496,Liam Kowalski,liam.kowalski2496@shopmail.com,Australia,2021-11-14,Standard,4751.68
2497,Elijah Khan,elijah.khan2497@shopmail.com,United States,2024-05-08,Standard,4340.45
2498,Sofia Wilson,sofia.wilson2498@shopmail.com,United Kingdom,2026-03-31,Standard,1158.89
2499,Wei Davis,wei.davis2499@shopmail.com,United Kingdom,2023-10-10,Standard,2839.09
2500,Samuel Miller,samuel.miller2500@shopmail.com,Canada,2020-07-04,Standard,354.01
2501,Sofia Silva,sofia.silva2501@shopmail.com,United Kingdom,2025-01-16,Standard,3555.35
2502,Leo Young,leo.young2502@shopmail.com,Ireland,2025-05-08,Standard,3360.55
2503,Mia Khan,mia.khan2503@shopmail.com,Australia,2021-09-15,Standard,4298.88
2504,Hugo Nguyen,hugo.nguyen2504@shopmail.com,Singapore,2025-01-31,Standard,1821.00
2505,Chloe Taylor,chloe.taylor2505@shopmail.com,United States,2026-08-05,Standard,1340.64
2506,Oliver Lee,oliver.lee2506@shopmail.com,New Zealand,2025-07-13,Standard,1637.36
2507,Nina Nakamura,nina.nakamura2507@shopmail.com,United States,2026-07-02,Standard,2439.49
2508,Leo Young,leo.young2508@shopmail.com,United Kingdom,2024-04-22,Standard,1529.18
2509,Mia Anderson,mia.anderson2509@shopmail.com,Australia,2022-05-12,Standard,2066.58
2510,Zara Costa,zara.costa2510@shopmail.com,India,2023-07-11,Standard,477.44
2511,Wei Thomas,wei.thomas2511@shopmail.com,Australia,2023-03-25,Standard,1314.47
2512,Chloe Lee,chloe.lee2512@shopmail.com,Australia,2023-03-27,Standard,4508.18
2513,Aarav Miller,aarav.miller2513@shopmail.com,Australia,2023-02-15,Standard,676.82
2514,Amelia Dubois,amelia.dubois2514@shopmail.com,United States,2021-11-22,Standard,131.28
2515,Liam Andersen,liam.andersen2515@shopmail.com,United States,2022-03-10,Standard,31.99
2516,Olivia Nguyen,olivia.nguyen2516@shopmail.com,Australia,2023-02-28,Standard,4520.67
2517,Nina Kowalski,nina.kowalski2517@shopmail.com,Canada,2024-12-27,Standard,2500.29
2518,Henry Young,henry.young2518@shopmail.com,Australia,2021-05-06,Standard,2133.14
2519,Leo Cohen,leo.cohen2519@shopmail.com,New Zealand,2020-12-21,Standard,4149.61
2520,Zara Davis,zara.davis2520@shopmail.com,United Kingdom,2020-11-19,Standard,3572.53
2521,Ethan Jones,ethan.jones2521@shopmail.com,United Kingdom,2021-10-03,Standard,2433.89
2522,Zara Rossi,zara.rossi2522@shopmail.com,Singapore,2025-10-01,Standard,3225.99
2523,Noah Hall,noah.hall2523@shopmail.com,Australia,2024-11-10,Standard,482.11
2524,Kai Hall,kai.hall2524@shopmail.com,Australia,2026-04-05,Standard,3173.43
2525,Liam Smith,liam.smith2525@shopmail.com,Australia,2021-07-14,Standard,2814.45
2526,Ethan Moore,ethan.moore2526@shopmail.com,New Zealand,2025-04-09,Standard,726.88
2527,Mia Cohen,mia.cohen2527@shopmail.com,New Zealand,2021-06-23,Standard,953.15
2528,Ava Nakamura,ava.nakamura2528@shopmail.com,Canada,2022-05-27,Standard,15.35
2529,Noah Cohen,noah.cohen2529@shopmail.com,United States,2022-05-04,Standard,3407.95
2530,Liam Singh,liam.singh2530@shopmail.com,Canada,2022-12-13,Standard,2944.22
2531,Hugo Harris,hugo.harris2531@shopmail.com,Singapore,2023-11-29,Standard,2324.32
2532,Mia Walker,mia.walker2532@shopmail.com,Australia,2023-04-11,Standard,3206.28
2533,Oscar Chen,oscar.chen2533@shopmail.com,India,2024-01-02,Standard,2608.38
2534,Wei Miller,wei.miller2534@shopmail.com,Australia,2021-04-05,Standard,4622.01
2535,Wei Singh,wei.singh2535@shopmail.com,United States,2023-08-25,Standard,1187.50
2536,Leo Davis,leo.davis2536@shopmail.com,Australia,2025-03-18,Standard,4590.31
2537,Sophia Patel,sophia.patel2537@shopmail.com,Canada,2024-06-18,Standard,3383.13
2538,Ruby Cohen,ruby.cohen2538@shopmail.com,India,2024-08-14,Standard,3298.67
2539,Olivia Young,olivia.young2539@shopmail.com,New Zealand,2025-09-09,Standard,1032.51
2540,Grace Brown,grace.brown2540@shopmail.com,United States,2023-08-16,Standard,1255.71
2541,Priya Singh,priya.singh2541@shopmail.com,United Kingdom,2024-12-15,Standard,2040.96
2542,Aarav Brown,aarav.brown2542@shopmail.com,New Zealand,2025-06-11,Standard,3495.30
2543,Chen Williams,chen.williams2543@shopmail.com,New Zealand,2025-01-07,Standard,1967.10
2544,Nina Thomas,nina.thomas2544@shopmail.com,United States,2022-04-24,Standard,3741.85
2545,Sophia Allen,sophia.allen2545@shopmail.com,Australia,2026-01-19,Standard,95.62
2546,Olivia Kim,olivia.kim2546@shopmail.com,Australia,2023-09-27,Standard,4378.70
2547,Arjun Jones,arjun.jones2547@shopmail.com,Singapore,2020-07-20,Standard,2489.52
2548,Mateo Andersen,mateo.andersen2548@shopmail.com,Australia,2021-10-05,Standard,4023.12
2549,Jack Lee,jack.lee2549@shopmail.com,New Zealand,2021-10-23,Standard,4371.14
2550,Chen Singh,chen.singh2550@shopmail.com,Australia,2026-03-14,Standard,3520.00
2551,James Williams,james.williams2551@shopmail.com,Australia,2025-11-26,Standard,492.10
2552,Jack Cohen,jack.cohen2552@shopmail.com,Australia,2021-10-04,Standard,1358.83
2553,Olivia Lee,olivia.lee2553@shopmail.com,Singapore,2022-10-09,Standard,162.13
2554,Sophia Kim,sophia.kim2554@shopmail.com,Singapore,2024-06-29,Standard,629.73
2555,Zara Garcia,zara.garcia2555@shopmail.com,Australia,2020-10-29,Standard,2421.65
2556,Grace Johnson,grace.johnson2556@shopmail.com,Australia,2026-01-27,Standard,2903.38
2557,Isabella Miller,isabella.miller2557@shopmail.com,Canada,2026-08-06,Standard,3804.58
2558,Mason Walker,mason.walker2558@shopmail.com,Ireland,2023-08-18,Standard,2040.73
2559,Olivia Walker,olivia.walker2559@shopmail.com,New Zealand,2025-02-22,Standard,972.80
2560,Aarav Costa,aarav.costa2560@shopmail.com,United States,2024-03-22,Standard,1397.95
2561,Ava Lee,ava.lee2561@shopmail.com,United Kingdom,2026-04-16,Standard,1337.08
2562,Wei Andersen,wei.andersen2562@shopmail.com,United States,2022-09-28,Standard,1835.56
2563,Oscar Chen,oscar.chen2563@shopmail.com,United Kingdom,2026-02-16,Standard,3429.98
2564,Chloe Lee,chloe.lee2564@shopmail.com,India,2020-04-11,Standard,1907.27
2565,Ethan Silva,ethan.silva2565@shopmail.com,United Kingdom,2025-05-06,Standard,2703.14
2566,Yuki Allen,yuki.allen2566@shopmail.com,Australia,2020-12-08,Standard,457.87
2567,Lucas Martin,lucas.martin2567@shopmail.com,United States,2022-10-20,Standard,402.67
2568,Jack Murphy,jack.murphy2568@shopmail.com,United States,2026-05-09,Standard,3650.79
2569,Emma Cohen,emma.cohen2569@shopmail.com,New Zealand,2024-08-13,Standard,1494.98
2570,Chen Anderson,chen.anderson2570@shopmail.com,Australia,2023-08-09,Standard,3307.19
2571,Eva Singh,eva.singh2571@shopmail.com,Australia,2023-01-03,Standard,3313.91
2572,Arjun Cohen,arjun.cohen2572@shopmail.com,United States,2025-08-09,Standard,1502.48
2573,Harper Hall,harper.hall2573@shopmail.com,United States,2025-06-01,Standard,2469.27
2574,Ava Miller,ava.miller2574@shopmail.com,United Kingdom,2020-11-13,Standard,1803.29
2575,James Thomas,james.thomas2575@shopmail.com,United States,2021-05-12,Standard,797.75
2576,Chloe Davis,chloe.davis2576@shopmail.com,Australia,2024-10-03,Standard,2376.89
2577,Kai Cohen,kai.cohen2577@shopmail.com,Australia,2026-02-18,Standard,2007.11
2578,James Young,james.young2578@shopmail.com,Australia,2024-11-18,Standard,4779.57
2579,Zara Nakamura,zara.nakamura2579@shopmail.com,United Kingdom,2024-03-02,Standard,2706.29
2580,Lucas Anderson,lucas.anderson2580@shopmail.com,New Zealand,2025-11-13,Standard,3288.11
2581,Samuel Nguyen,samuel.nguyen2581@shopmail.com,United States,2022-10-26,Standard,2266.13
2582,Amelia Allen,amelia.allen2582@shopmail.com,Canada,2021-07-08,Standard,788.34
2583,Ruby Smith,ruby.smith2583@shopmail.com,United Kingdom,2024-09-01,Standard,860.28
2584,Ruby Jones,ruby.jones2584@shopmail.com,Australia,2023-07-01,Standard,3367.03
2585,Mason Miller,mason.miller2585@shopmail.com,United States,2025-02-21,Standard,1588.97
2586,Emma Rossi,emma.rossi2586@shopmail.com,India,2021-10-02,Standard,320.51
2587,Arjun Lee,arjun.lee2587@shopmail.com,United Kingdom,2020-02-27,Standard,4453.82
2588,Zara Young,zara.young2588@shopmail.com,United Kingdom,2026-07-21,Standard,3500.75
2589,Mateo Chen,mateo.chen2589@shopmail.com,New Zealand,2026-04-17,Standard,2596.88
2590,Mason Jones,mason.jones2590@shopmail.com,India,2021-09-16,Standard,494.29
2591,Amelia Lewis,amelia.lewis2591@shopmail.com,Australia,2022-12-12,Standard,2705.57
2592,Elijah Nakamura,elijah.nakamura2592@shopmail.com,India,2024-04-17,Standard,1584.77
2593,Hugo Lewis,hugo.lewis2593@shopmail.com,Ireland,2025-04-23,Standard,1004.67
2594,James Lee,james.lee2594@shopmail.com,Australia,2021-01-09,Standard,4461.83
2595,Samuel Anderson,samuel.anderson2595@shopmail.com,Australia,2021-11-06,Standard,2282.23
2596,James Hall,james.hall2596@shopmail.com,Australia,2020-08-01,Standard,657.48
2597,Chloe Kowalski,chloe.kowalski2597@shopmail.com,Singapore,2025-04-16,Standard,1570.03
2598,Isla Davis,isla.davis2598@shopmail.com,Australia,2026-04-13,Standard,1887.58
2599,Charlotte Murphy,charlotte.murphy2599@shopmail.com,United Kingdom,2023-06-30,Standard,4025.52
2600,Priya Nakamura,priya.nakamura2600@shopmail.com,Australia,2022-05-26,Standard,4585.73
2601,Zara Anderson,zara.anderson2601@shopmail.com,United Kingdom,2026-04-14,Standard,2119.90
2602,Aarav Davis,aarav.davis2602@shopmail.com,United States,2024-11-18,Standard,3130.04
2603,Mia Johnson,mia.johnson2603@shopmail.com,United Kingdom,2025-03-24,Standard,3699.57
2604,Sofia Kowalski,sofia.kowalski2604@shopmail.com,Australia,2026-04-11,Standard,4206.22
2605,Mason Kim,mason.kim2605@shopmail.com,United Kingdom,2022-01-03,Standard,4479.32
2606,James Moore,james.moore2606@shopmail.com,United States,2024-01-18,Standard,2524.81
2607,James Walker,james.walker2607@shopmail.com,United Kingdom,2021-01-20,Standard,4373.00
2608,Aarav Khan,aarav.khan2608@shopmail.com,Australia,2023-01-23,Standard,160.94
2609,Zara Murphy,zara.murphy2609@shopmail.com,United Kingdom,2020-06-28,Standard,4779.54
2610,Aarav Lewis,aarav.lewis2610@shopmail.com,Singapore,2020-08-22,Standard,4661.48
2611,Olivia Murphy,olivia.murphy2611@shopmail.com,India,2025-02-04,Standard,2353.44
2612,Ruby Andersen,ruby.andersen2612@shopmail.com,Ireland,2021-03-01,Standard,183.33
2613,Olivia Anderson,olivia.anderson2613@shopmail.com,Canada,2021-12-25,Standard,4180.38
2614,Elijah Garcia,elijah.garcia2614@shopmail.com,United Kingdom,2021-05-04,Standard,269.03
2615,Emma Hall,emma.hall2615@shopmail.com,Australia,2026-02-06,Standard,1331.90
2616,Mason Johnson,mason.johnson2616@shopmail.com,United Kingdom,2023-07-20,Standard,4309.14
2617,Lucas Nguyen,lucas.nguyen2617@shopmail.com,United States,2020-02-28,Standard,4514.62
2618,Jack Singh,jack.singh2618@shopmail.com,Singapore,2020-09-08,Standard,311.78
2619,Isla Anderson,isla.anderson2619@shopmail.com,Canada,2022-12-28,Standard,403.05
2620,Chloe Williams,chloe.williams2620@shopmail.com,New Zealand,2022-03-24,Standard,3305.84
2621,Grace Taylor,grace.taylor2621@shopmail.com,Singapore,2020-01-14,Standard,1493.59
2622,Arjun Patel,arjun.patel2622@shopmail.com,Australia,2023-10-30,Standard,2238.01
2623,Ava Costa,ava.costa2623@shopmail.com,United States,2020-12-27,Standard,558.06
2624,Ava Taylor,ava.taylor2624@shopmail.com,Canada,2020-12-19,Standard,891.16
2625,Hugo Johnson,hugo.johnson2625@shopmail.com,Ireland,2021-11-24,Standard,3785.94
2626,Amelia Nguyen,amelia.nguyen2626@shopmail.com,United States,2020-11-28,Standard,4210.55
2627,Harper Walker,harper.walker2627@shopmail.com,Singapore,2022-02-21,Standard,3587.56
2628,Elijah Walker,elijah.walker2628@shopmail.com,Australia,2024-04-02,Standard,3388.39
2629,Mia Lewis,mia.lewis2629@shopmail.com,Australia,2026-05-03,Standard,1514.60
2630,Ethan Moore,ethan.moore2630@shopmail.com,New Zealand,2022-03-27,Standard,850.14
2631,Wei Clark,wei.clark2631@shopmail.com,Canada,2024-12-05,Standard,1269.82
2632,Oscar Patel,oscar.patel2632@shopmail.com,India,2024-01-29,Standard,1674.52
2633,Kai Silva,kai.silva2633@shopmail.com,Singapore,2021-11-29,Standard,176.31
2634,Hugo Kim,hugo.kim2634@shopmail.com,Australia,2026-01-12,Standard,2729.81
2635,Leo Patel,leo.patel2635@shopmail.com,Singapore,2023-03-28,Standard,995.75
2636,Isla Dubois,isla.dubois2636@shopmail.com,Canada,2023-01-06,Standard,435.64
2637,Amelia Clark,amelia.clark2637@shopmail.com,Australia,2025-03-30,Standard,1252.06
2638,Sophia Nakamura,sophia.nakamura2638@shopmail.com,Singapore,2022-02-02,Standard,2281.01
2639,Henry Hall,henry.hall2639@shopmail.com,United Kingdom,2026-04-28,Standard,1813.97
2640,Hugo Williams,hugo.williams2640@shopmail.com,United Kingdom,2021-03-04,Standard,3021.47
2641,James Thomas,james.thomas2641@shopmail.com,United Kingdom,2025-05-01,Standard,1606.62
2642,Oliver Taylor,oliver.taylor2642@shopmail.com,United Kingdom,2023-06-08,Standard,781.18
2643,Maya Taylor,maya.taylor2643@shopmail.com,Ireland,2020-03-30,Standard,2107.24
2644,Samuel Rossi,samuel.rossi2644@shopmail.com,India,2026-06-17,Standard,3333.59
2645,Jack Murphy,jack.murphy2645@shopmail.com,Australia,2022-10-31,Standard,3472.19
2646,Eva Allen,eva.allen2646@shopmail.com,United States,2024-07-01,Standard,1440.83
2647,Ethan Khan,ethan.khan2647@shopmail.com,Australia,2024-09-20,Standard,2044.29
2648,Zara Costa,zara.costa2648@shopmail.com,United Kingdom,2020-04-26,Standard,787.32
2649,Lucas Walker,lucas.walker2649@shopmail.com,India,2025-11-16,Standard,952.62
2650,Nina Wilson,nina.wilson2650@shopmail.com,Australia,2023-09-26,Standard,3785.13
2651,Emma Garcia,emma.garcia2651@shopmail.com,New Zealand,2021-08-02,Standard,3847.15
2652,Henry Chen,henry.chen2652@shopmail.com,Australia,2025-03-01,Standard,4.05
2653,Isabella Moore,isabella.moore2653@shopmail.com,Australia,2023-05-19,Standard,1476.13
2654,Mia Harris,mia.harris2654@shopmail.com,Australia,2024-11-23,Standard,432.80
2655,Harper Anderson,harper.anderson2655@shopmail.com,Singapore,2026-03-24,Standard,4059.21
2656,Mateo Smith,mateo.smith2656@shopmail.com,United States,2021-10-14,Standard,1654.62
2657,Ruby Dubois,ruby.dubois2657@shopmail.com,Singapore,2024-06-02,Standard,3354.14
2658,Ruby Kim,ruby.kim2658@shopmail.com,United States,2022-09-21,Standard,3662.67
2659,Oliver Kim,oliver.kim2659@shopmail.com,Australia,2023-07-27,Standard,3662.61
2660,Elijah Chen,elijah.chen2660@shopmail.com,Ireland,2023-09-01,Standard,4310.50
2661,Leo Chen,leo.chen2661@shopmail.com,United States,2020-10-20,Standard,1664.96
2662,Hugo Johnson,hugo.johnson2662@shopmail.com,Australia,2021-12-30,Standard,3685.65
2663,Mateo Nguyen,mateo.nguyen2663@shopmail.com,United Kingdom,2025-08-15,Standard,3951.54
2664,Samuel Chen,samuel.chen2664@shopmail.com,Australia,2022-07-31,Standard,662.78
2665,Mason Williams,mason.williams2665@shopmail.com,Australia,2023-05-21,Standard,2089.92
2666,Chen Kim,chen.kim2666@shopmail.com,Singapore,2022-01-06,Standard,2043.41
2667,Wei Walker,wei.walker2667@shopmail.com,United Kingdom,2025-05-22,Standard,167.17
2668,Grace Taylor,grace.taylor2668@shopmail.com,Australia,2024-06-19,Standard,3275.23
2669,Oliver Rossi,oliver.rossi2669@shopmail.com,Ireland,2020-12-04,Standard,1662.18
2670,Oliver Chen,oliver.chen2670@shopmail.com,Ireland,2020-02-20,Standard,772.24
2671,Elijah Costa,elijah.costa2671@shopmail.com,United States,2024-04-21,Standard,3294.23
2672,James Cohen,james.cohen2672@shopmail.com,Singapore,2024-07-03,Standard,2027.79
2673,Emma Walker,emma.walker2673@shopmail.com,United Kingdom,2022-11-25,Standard,3561.91
2674,Sophia Silva,sophia.silva2674@shopmail.com,United States,2024-03-07,Standard,3748.82
2675,Chen Andersen,chen.andersen2675@shopmail.com,United Kingdom,2021-04-02,Standard,3770.37
2676,Leo Andersen,leo.andersen2676@shopmail.com,Ireland,2024-04-19,Standard,4177.51
2677,Ava Anderson,ava.anderson2677@shopmail.com,Australia,2023-10-12,Standard,4551.37
2678,Hugo Clark,hugo.clark2678@shopmail.com,Australia,2025-10-10,Standard,3901.61
2679,Henry Kowalski,henry.kowalski2679@shopmail.com,Australia,2025-03-18,Standard,1352.23
2680,Sophia Cohen,sophia.cohen2680@shopmail.com,United States,2024-02-12,Standard,240.35
2681,Eva Nguyen,eva.nguyen2681@shopmail.com,New Zealand,2024-10-09,Standard,1619.82
2682,Wei Johnson,wei.johnson2682@shopmail.com,United States,2022-12-30,Standard,857.90
2683,Sofia Singh,sofia.singh2683@shopmail.com,Australia,2025-01-03,Standard,1558.24
2684,Liam Davis,liam.davis2684@shopmail.com,United Kingdom,2020-05-29,Standard,2550.09
2685,Jack Harris,jack.harris2685@shopmail.com,Australia,2020-12-10,Standard,2567.93
2686,Elijah Anderson,elijah.anderson2686@shopmail.com,Singapore,2025-07-14,Standard,2069.28
2687,Zara Patel,zara.patel2687@shopmail.com,United States,2022-09-26,Standard,4410.12
2688,Kai Costa,kai.costa2688@shopmail.com,United States,2020-06-15,Standard,367.37
2689,Mateo Williams,mateo.williams2689@shopmail.com,Australia,2021-02-18,Standard,1833.18
2690,Ava Allen,ava.allen2690@shopmail.com,Singapore,2023-05-21,Standard,2028.14
2691,Olivia Taylor,olivia.taylor2691@shopmail.com,Canada,2022-11-18,Standard,3463.65
2692,Ava Kowalski,ava.kowalski2692@shopmail.com,Australia,2022-02-23,Standard,2740.30
2693,Yuki Khan,yuki.khan2693@shopmail.com,United States,2022-09-25,Standard,3332.43
2694,Emma Nguyen,emma.nguyen2694@shopmail.com,India,2025-04-21,Standard,1033.00
2695,Leo Lewis,leo.lewis2695@shopmail.com,Canada,2022-01-30,Standard,1328.90
2696,Liam Chen,liam.chen2696@shopmail.com,Australia,2023-03-13,Standard,1308.86
2697,Grace Martin,grace.martin2697@shopmail.com,Australia,2024-08-24,Standard,3154.62
2698,Zara Lewis,zara.lewis2698@shopmail.com,United States,2023-07-27,Standard,466.31
2699,Ethan Johnson,ethan.johnson2699@shopmail.com,Canada,2023-08-22,Standard,1061.08
2700,Samuel Young,samuel.young2700@shopmail.com,Canada,2025-03-01,Standard,2821.99
2701,Eva Allen,eva.allen2701@shopmail.com,United States,2024-05-12,Standard,2282.89
2702,Arjun Smith,arjun.smith2702@shopmail.com,United Kingdom,2023-10-27,Standard,1534.29
2703,Chloe Anderson,chloe.anderson2703@shopmail.com,United States,2025-08-05,Standard,1011.06
2704,Lucas Kim,lucas.kim2704@shopmail.com,New Zealand,2024-07-08,Standard,154.88
2705,Nina Garcia,nina.garcia2705@shopmail.com,Singapore,2025-06-15,Standard,2694.36
2706,Sofia Garcia,sofia.garcia2706@shopmail.com,Australia,2025-12-09,Standard,1772.12
2707,Wei Hall,wei.hall2707@shopmail.com,United States,2025-03-29,Standard,141.91
2708,Samuel Thomas,samuel.thomas2708@shopmail.com,India,2023-12-11,Standard,2711.48
2709,Grace Johnson,grace.johnson2709@shopmail.com,Ireland,2023-03-08,Standard,2670.91
2710,Oscar Harris,oscar.harris2710@shopmail.com,United Kingdom,2026-01-10,Standard,632.15
2711,Eva Davis,eva.davis2711@shopmail.com,Australia,2024-06-08,Standard,1047.87
2712,Sophia Costa,sophia.costa2712@shopmail.com,New Zealand,2022-01-01,Standard,4151.49
2713,Jack Dubois,jack.dubois2713@shopmail.com,United Kingdom,2023-12-12,Standard,3606.15
2714,Grace Lewis,grace.lewis2714@shopmail.com,United Kingdom,2024-01-27,Standard,3025.32
2715,Priya Khan,priya.khan2715@shopmail.com,United States,2025-12-21,Standard,1882.43
2716,Jack Cohen,jack.cohen2716@shopmail.com,Ireland,2025-03-15,Standard,1374.16
2717,Chloe Thomas,chloe.thomas2717@shopmail.com,Australia,2024-06-26,Standard,1384.36
2718,Maya Allen,maya.allen2718@shopmail.com,Ireland,2025-03-15,Standard,3149.71
2719,Oliver Kim,oliver.kim2719@shopmail.com,India,2024-09-08,Standard,4676.39
2720,Grace Moore,grace.moore2720@shopmail.com,Singapore,2020-04-28,Standard,2970.60
2721,Elijah Khan,elijah.khan2721@shopmail.com,Australia,2026-05-26,Standard,3514.31
2722,Olivia Hall,olivia.hall2722@shopmail.com,India,2022-10-20,Standard,799.00
2723,Ruby Garcia,ruby.garcia2723@shopmail.com,United Kingdom,2020-04-03,Standard,3566.23
2724,Charlotte Dubois,charlotte.dubois2724@shopmail.com,United States,2022-03-01,Standard,4081.48
2725,Lucas Rossi,lucas.rossi2725@shopmail.com,United Kingdom,2022-09-07,Standard,841.01
2726,Mason Hall,mason.hall2726@shopmail.com,Australia,2023-04-15,Standard,311.10
2727,Olivia Martin,olivia.martin2727@shopmail.com,India,2025-03-03,Standard,2204.13
2728,Eva Silva,eva.silva2728@shopmail.com,Australia,2021-12-25,Standard,4669.47
2729,Isla Davis,isla.davis2729@shopmail.com,Ireland,2023-09-18,Standard,4186.01
2730,Lucas Harris,lucas.harris2730@shopmail.com,United States,2020-10-13,Standard,33.04
2731,Liam Singh,liam.singh2731@shopmail.com,United States,2025-04-09,Standard,4138.41
2732,Noah Singh,noah.singh2732@shopmail.com,New Zealand,2026-01-09,Standard,580.71
2733,Eva Andersen,eva.andersen2733@shopmail.com,Canada,2020-04-07,Standard,2104.90
2734,Emma Young,emma.young2734@shopmail.com,Ireland,2024-06-19,Standard,3975.88
2735,Liam Nguyen,liam.nguyen2735@shopmail.com,United Kingdom,2025-09-26,Standard,3020.49
2736,Chloe Kowalski,chloe.kowalski2736@shopmail.com,Ireland,2021-05-23,Standard,497.39
2737,Aarav Davis,aarav.davis2737@shopmail.com,Canada,2021-11-23,Standard,1759.03
2738,Chen Anderson,chen.anderson2738@shopmail.com,Australia,2025-05-30,Standard,1008.41
2739,Oliver Allen,oliver.allen2739@shopmail.com,Singapore,2020-10-30,Standard,2199.56
2740,Oscar Harris,oscar.harris2740@shopmail.com,Ireland,2022-11-30,Standard,1643.73
2741,Chloe Allen,chloe.allen2741@shopmail.com,Ireland,2025-01-18,Standard,3357.90
2742,Nina Lewis,nina.lewis2742@shopmail.com,India,2020-05-26,Standard,3654.35
2743,Isabella Nakamura,isabella.nakamura2743@shopmail.com,New Zealand,2020-04-16,Standard,1060.90
2744,Mateo Costa,mateo.costa2744@shopmail.com,United Kingdom,2023-04-07,Standard,1471.98
2745,Lucas Costa,lucas.costa2745@shopmail.com,Singapore,2023-06-02,Standard,2281.37
2746,Chloe Young,chloe.young2746@shopmail.com,Australia,2021-06-10,Standard,703.33
2747,Wei Kim,wei.kim2747@shopmail.com,New Zealand,2022-07-22,Standard,134.42
2748,Amelia Walker,amelia.walker2748@shopmail.com,Australia,2026-07-21,Standard,57.92
2749,Mateo Khan,mateo.khan2749@shopmail.com,Canada,2025-10-17,Standard,1948.05
2750,Samuel Thomas,samuel.thomas2750@shopmail.com,United Kingdom,2021-09-30,Standard,2818.25
2751,Isla Hall,isla.hall2751@shopmail.com,United States,2024-03-13,Standard,1814.30
2752,Oscar Thomas,oscar.thomas2752@shopmail.com,United States,2025-05-28,Standard,841.86
2753,Charlotte Smith,charlotte.smith2753@shopmail.com,Singapore,2020-09-22,Standard,1643.36
2754,Yuki Martin,yuki.martin2754@shopmail.com,Australia,2021-09-06,Standard,1335.91
2755,Sophia Moore,sophia.moore2755@shopmail.com,United Kingdom,2025-08-05,Standard,2204.74
2756,James Nakamura,james.nakamura2756@shopmail.com,Australia,2022-04-09,Standard,1745.09
2757,Liam Chen,liam.chen2757@shopmail.com,Singapore,2021-02-08,Standard,4569.74
2758,Isla Jones,isla.jones2758@shopmail.com,New Zealand,2026-03-16,Standard,4615.95
2759,Maya Garcia,maya.garcia2759@shopmail.com,Ireland,2020-08-17,Standard,2143.84
2760,Kai Harris,kai.harris2760@shopmail.com,Australia,2022-11-14,Standard,3826.90
2761,Mia Harris,mia.harris2761@shopmail.com,Australia,2025-02-11,Standard,851.67
2762,Eva Lewis,eva.lewis2762@shopmail.com,United States,2023-02-10,Standard,438.52
2763,Mason Jones,mason.jones2763@shopmail.com,Australia,2025-11-10,Standard,1453.25
2764,Amelia Lee,amelia.lee2764@shopmail.com,Australia,2026-07-26,Standard,3656.07
2765,Ruby Rossi,ruby.rossi2765@shopmail.com,Australia,2026-01-08,Standard,4231.88
2766,Emma Hall,emma.hall2766@shopmail.com,Ireland,2020-10-26,Standard,942.84
2767,Sophia Silva,sophia.silva2767@shopmail.com,Australia,2025-05-03,Standard,947.50
2768,Maya Martin,maya.martin2768@shopmail.com,India,2025-06-18,Standard,1439.81
2769,James Kowalski,james.kowalski2769@shopmail.com,Australia,2024-12-18,Standard,3731.50
2770,Mason Rossi,mason.rossi2770@shopmail.com,Australia,2022-10-28,Standard,3621.89
2771,Eva Lewis,eva.lewis2771@shopmail.com,United States,2021-12-24,Standard,1577.47
2772,Ruby Khan,ruby.khan2772@shopmail.com,New Zealand,2023-05-12,Standard,1268.16
2773,Maya Harris,maya.harris2773@shopmail.com,United Kingdom,2023-02-01,Standard,3253.64
2774,Isla Walker,isla.walker2774@shopmail.com,Singapore,2024-12-07,Standard,535.06
2775,Mia Cohen,mia.cohen2775@shopmail.com,Australia,2023-07-31,Standard,4288.16
2776,Isla Murphy,isla.murphy2776@shopmail.com,United States,2021-10-30,Standard,858.22
2777,Leo Walker,leo.walker2777@shopmail.com,Australia,2024-12-20,Standard,1643.67
2778,Maya Taylor,maya.taylor2778@shopmail.com,Australia,2021-03-21,Standard,3661.69
2779,Amelia Walker,amelia.walker2779@shopmail.com,United States,2023-06-04,Standard,1536.08
2780,Kai Murphy,kai.murphy2780@shopmail.com,Australia,2023-05-14,Standard,4452.25
2781,Amelia Costa,amelia.costa2781@shopmail.com,Singapore,2021-09-25,Standard,1554.07
2782,Mason Chen,mason.chen2782@shopmail.com,Ireland,2021-12-04,Standard,4091.31
2783,Samuel Thomas,samuel.thomas2783@shopmail.com,United Kingdom,2025-10-16,Standard,4709.54
2784,Eva Singh,eva.singh2784@shopmail.com,Ireland,2023-01-08,Standard,1097.87
2785,Aarav Murphy,aarav.murphy2785@shopmail.com,New Zealand,2024-02-27,Standard,695.94
2786,Chen Patel,chen.patel2786@shopmail.com,Canada,2023-07-15,Standard,2158.60
2787,Leo Costa,leo.costa2787@shopmail.com,United Kingdom,2024-09-04,Standard,27.23
2788,Jack Brown,jack.brown2788@shopmail.com,United Kingdom,2023-12-19,Standard,3099.81
2789,Elijah Rossi,elijah.rossi2789@shopmail.com,Ireland,2023-01-28,Standard,93.50
2790,Mason Martin,mason.martin2790@shopmail.com,Singapore,2022-11-14,Standard,1415.03
2791,Mateo Johnson,mateo.johnson2791@shopmail.com,United Kingdom,2024-10-17,Standard,3796.42
2792,Priya Dubois,priya.dubois2792@shopmail.com,United States,2022-03-27,Standard,3827.88
2793,Samuel Khan,samuel.khan2793@shopmail.com,United States,2023-01-27,Standard,512.81
2794,Harper Thomas,harper.thomas2794@shopmail.com,United Kingdom,2025-05-18,Standard,4519.17
2795,Hugo Murphy,hugo.murphy2795@shopmail.com,Australia,2024-05-16,Standard,3301.44
2796,Oscar Harris,oscar.harris2796@shopmail.com,New Zealand,2026-07-28,Standard,1800.09
2797,Oliver Brown,oliver.brown2797@shopmail.com,Singapore,2023-11-04,Standard,1325.02
2798,Mateo Silva,mateo.silva2798@shopmail.com,New Zealand,2021-03-30,Standard,2264.84
2799,Noah Hall,noah.hall2799@shopmail.com,Ireland,2024-08-21,Standard,3956.69
2800,Isabella Walker,isabella.walker2800@shopmail.com,India,2022-03-30,Standard,2696.81
2801,Chloe Harris,chloe.harris2801@shopmail.com,United Kingdom,2026-06-03,Standard,2623.61
2802,Aarav Dubois,aarav.dubois2802@shopmail.com,United States,2023-04-08,Standard,3309.94
2803,Elijah Jones,elijah.jones2803@shopmail.com,Ireland,2023-07-09,Standard,4594.56
2804,Mateo Silva,mateo.silva2804@shopmail.com,Canada,2022-05-29,Standard,883.87
2805,Henry Lee,henry.lee2805@shopmail.com,United States,2024-01-23,Standard,1598.46
2806,Aarav Clark,aarav.clark2806@shopmail.com,India,2020-04-04,Standard,673.30
2807,Grace Kowalski,grace.kowalski2807@shopmail.com,United Kingdom,2025-06-15,Standard,3830.87
2808,Kai Brown,kai.brown2808@shopmail.com,United States,2024-03-09,Standard,77.77
2809,Leo Williams,leo.williams2809@shopmail.com,United States,2023-09-01,Standard,3792.66
2810,Oscar Young,oscar.young2810@shopmail.com,India,2023-09-29,Standard,3044.99
2811,Noah Costa,noah.costa2811@shopmail.com,Australia,2026-04-05,Standard,3746.82
2812,Maya Thomas,maya.thomas2812@shopmail.com,Ireland,2025-10-04,Standard,4062.24
2813,Ava Costa,ava.costa2813@shopmail.com,United States,2022-02-20,Standard,3609.16
2814,Leo Lewis,leo.lewis2814@shopmail.com,United States,2025-01-22,Standard,4268.91
2815,Isabella Allen,isabella.allen2815@shopmail.com,Australia,2022-01-14,Standard,3109.63
2816,Chen Rossi,chen.rossi2816@shopmail.com,United States,2024-11-06,Standard,4269.11
2817,Jack Costa,jack.costa2817@shopmail.com,New Zealand,2020-01-27,Standard,2993.71
2818,Charlotte Johnson,charlotte.johnson2818@shopmail.com,Australia,2022-07-11,Standard,1547.44
2819,Isabella Clark,isabella.clark2819@shopmail.com,Australia,2026-07-21,Standard,3237.78
2820,Priya Andersen,priya.andersen2820@shopmail.com,United States,2022-03-31,Standard,3695.65
2821,Nina Patel,nina.patel2821@shopmail.com,Canada,2026-06-20,Standard,732.50
2822,Isabella Martin,isabella.martin2822@shopmail.com,New Zealand,2022-01-13,Standard,484.30
2823,Maya Williams,maya.williams2823@shopmail.com,Ireland,2021-06-05,Standard,2592.37
2824,Noah Hall,noah.hall2824@shopmail.com,United Kingdom,2022-07-31,Standard,3159.20
2825,Mason Walker,mason.walker2825@shopmail.com,Australia,2024-10-03,Standard,4756.82
2826,Ethan Martin,ethan.martin2826@shopmail.com,Ireland,2023-12-26,Standard,131.02
2827,Chloe Davis,chloe.davis2827@shopmail.com,United Kingdom,2020-04-14,Standard,2130.97
2828,Amelia Kim,amelia.kim2828@shopmail.com,Australia,2025-01-04,Standard,2105.02
2829,Mason Martin,mason.martin2829@shopmail.com,Ireland,2024-04-07,Standard,2833.04
2830,Sophia Garcia,sophia.garcia2830@shopmail.com,Australia,2025-09-06,Standard,4383.76
2831,Kai Davis,kai.davis2831@shopmail.com,Australia,2022-05-08,Standard,577.72
2832,Oscar Patel,oscar.patel2832@shopmail.com,Canada,2023-07-21,Standard,1992.61
2833,Amelia Garcia,amelia.garcia2833@shopmail.com,Ireland,2025-09-07,Standard,1727.32
2834,Aarav Khan,aarav.khan2834@shopmail.com,Australia,2025-02-14,Standard,77.50
2835,Charlotte Singh,charlotte.singh2835@shopmail.com,United Kingdom,2021-02-13,Standard,1702.47
2836,Yuki Jones,yuki.jones2836@shopmail.com,United Kingdom,2023-05-16,Standard,1100.92
2837,Ava Kim,ava.kim2837@shopmail.com,United States,2020-03-05,Standard,4566.28
2838,Zara Hall,zara.hall2838@shopmail.com,Australia,2021-07-30,Standard,4067.59
2839,Mia Costa,mia.costa2839@shopmail.com,Australia,2021-06-08,Standard,2489.39
2840,Elijah Murphy,elijah.murphy2840@shopmail.com,Ireland,2020-06-08,Standard,293.67
2841,Amelia Young,amelia.young2841@shopmail.com,United Kingdom,2024-08-26,Standard,3951.60
2842,Grace Taylor,grace.taylor2842@shopmail.com,Australia,2025-10-25,Standard,4633.44
2843,Mia Nguyen,mia.nguyen2843@shopmail.com,Australia,2021-10-27,Standard,143.90
2844,Amelia Walker,amelia.walker2844@shopmail.com,United Kingdom,2024-03-08,Standard,4363.11
2845,Aarav Hall,aarav.hall2845@shopmail.com,Australia,2020-04-15,Standard,1591.59
2846,Ruby Williams,ruby.williams2846@shopmail.com,Canada,2021-08-14,Standard,4385.17
2847,Liam Andersen,liam.andersen2847@shopmail.com,United Kingdom,2025-11-21,Standard,814.75
2848,Oliver Smith,oliver.smith2848@shopmail.com,United Kingdom,2022-07-01,Standard,442.19
2849,Noah Davis,noah.davis2849@shopmail.com,United States,2025-03-17,Standard,4720.17
2850,Maya Silva,maya.silva2850@shopmail.com,Australia,2020-01-03,Standard,1494.87
2851,Ruby Clark,ruby.clark2851@shopmail.com,Australia,2023-08-15,Standard,3150.60
2852,Mateo Miller,mateo.miller2852@shopmail.com,United States,2025-07-11,Standard,3593.85
2853,Nina Moore,nina.moore2853@shopmail.com,Australia,2022-06-17,Standard,2470.72
2854,Isabella Lee,isabella.lee2854@shopmail.com,Singapore,2020-12-02,Standard,3567.29
2855,Jack Young,jack.young2855@shopmail.com,India,2021-03-07,Standard,1198.94
2856,Aarav Taylor,aarav.taylor2856@shopmail.com,Canada,2023-05-18,Standard,1577.40
2857,Henry Nakamura,henry.nakamura2857@shopmail.com,United States,2026-06-22,Standard,4740.69
2858,Zara Wilson,zara.wilson2858@shopmail.com,United Kingdom,2024-09-24,Standard,1798.90
2859,Isabella Williams,isabella.williams2859@shopmail.com,Canada,2024-04-26,Standard,3033.03
2860,Mason Taylor,mason.taylor2860@shopmail.com,Australia,2021-08-08,Standard,3046.23
2861,Harper Thomas,harper.thomas2861@shopmail.com,United Kingdom,2023-08-14,Standard,56.22
2862,Ruby Murphy,ruby.murphy2862@shopmail.com,United Kingdom,2022-02-08,Standard,3017.82
2863,Nina Chen,nina.chen2863@shopmail.com,United States,2022-05-29,Standard,2175.33
2864,Aarav Andersen,aarav.andersen2864@shopmail.com,United States,2021-04-27,Standard,3575.81
2865,Isla Allen,isla.allen2865@shopmail.com,United Kingdom,2022-02-02,Standard,1225.37
2866,Oscar Dubois,oscar.dubois2866@shopmail.com,United States,2021-01-30,Standard,3206.46
2867,Chen Nakamura,chen.nakamura2867@shopmail.com,New Zealand,2020-09-15,Standard,3753.38
2868,Leo Johnson,leo.johnson2868@shopmail.com,United States,2021-06-01,Standard,454.00
2869,Henry Davis,henry.davis2869@shopmail.com,Australia,2026-03-04,Standard,3420.94
2870,Elijah Patel,elijah.patel2870@shopmail.com,New Zealand,2025-01-27,Standard,2093.59
2871,Ava Khan,ava.khan2871@shopmail.com,Australia,2024-06-16,Standard,3936.13
2872,Isla Moore,isla.moore2872@shopmail.com,Australia,2022-06-27,Standard,3724.37
2873,Mason Patel,mason.patel2873@shopmail.com,United States,2021-09-13,Standard,2701.84
2874,Kai Nakamura,kai.nakamura2874@shopmail.com,Australia,2025-12-23,Standard,1740.75
2875,Ethan Nakamura,ethan.nakamura2875@shopmail.com,Australia,2024-03-13,Standard,762.00
2876,Lucas Lee,lucas.lee2876@shopmail.com,Ireland,2021-09-14,Standard,2595.94
2877,Samuel Kowalski,samuel.kowalski2877@shopmail.com,Australia,2023-02-14,Standard,234.78
2878,Jack Young,jack.young2878@shopmail.com,United Kingdom,2025-11-07,Standard,4665.64
2879,Ruby Rossi,ruby.rossi2879@shopmail.com,United Kingdom,2021-07-11,Standard,3463.43
2880,Yuki Smith,yuki.smith2880@shopmail.com,Australia,2022-10-26,Standard,3400.04
2881,Yuki Martin,yuki.martin2881@shopmail.com,Canada,2020-09-30,Standard,284.27
2882,Grace Wilson,grace.wilson2882@shopmail.com,Australia,2025-05-23,Standard,3947.72
2883,Harper Chen,harper.chen2883@shopmail.com,Ireland,2021-10-15,Standard,3101.21
2884,Jack Moore,jack.moore2884@shopmail.com,Australia,2023-12-06,Standard,338.55
2885,Zara Wilson,zara.wilson2885@shopmail.com,United Kingdom,2021-05-20,Standard,3484.70
2886,Hugo Anderson,hugo.anderson2886@shopmail.com,Australia,2024-12-21,Standard,683.56
2887,Zara Hall,zara.hall2887@shopmail.com,Australia,2021-04-25,Standard,2498.98
2888,Kai Miller,kai.miller2888@shopmail.com,Ireland,2025-04-13,Standard,1114.47
2889,Chloe Walker,chloe.walker2889@shopmail.com,Australia,2026-01-25,Standard,3565.98
2890,Henry Anderson,henry.anderson2890@shopmail.com,Australia,2023-10-30,Standard,4201.13
2891,Liam Kim,liam.kim2891@shopmail.com,New Zealand,2021-04-07,Standard,3009.11
2892,Leo Thomas,leo.thomas2892@shopmail.com,Canada,2025-06-18,Standard,3640.61
2893,Ethan Nakamura,ethan.nakamura2893@shopmail.com,Australia,2020-12-28,Standard,4788.51
2894,Eva Nguyen,eva.nguyen2894@shopmail.com,Australia,2025-07-18,Standard,4016.20
2895,Leo Singh,leo.singh2895@shopmail.com,Australia,2021-03-06,Standard,4152.80
2896,Zara Lewis,zara.lewis2896@shopmail.com,New Zealand,2025-09-11,Standard,1578.38
2897,Aarav Patel,aarav.patel2897@shopmail.com,Australia,2020-02-22,Standard,485.43
2898,Oscar Harris,oscar.harris2898@shopmail.com,India,2025-07-20,Standard,1062.66
2899,Leo Lewis,leo.lewis2899@shopmail.com,Australia,2025-06-21,Standard,2691.22
2900,Nina Kim,nina.kim2900@shopmail.com,India,2025-10-26,Standard,4177.89
2901,Charlotte Williams,charlotte.williams2901@shopmail.com,India,2021-03-17,Standard,2833.65
2902,Oliver Costa,oliver.costa2902@shopmail.com,Australia,2021-04-26,Standard,4640.30
2903,Harper Nguyen,harper.nguyen2903@shopmail.com,India,2024-09-23,Standard,3913.36
2904,Liam Patel,liam.patel2904@shopmail.com,Singapore,2024-12-08,Standard,4090.72
2905,Nina Nakamura,nina.nakamura2905@shopmail.com,Australia,2024-06-21,Standard,3903.17
2906,Leo Johnson,leo.johnson2906@shopmail.com,Australia,2026-05-11,Standard,867.54
2907,Chen Miller,chen.miller2907@shopmail.com,New Zealand,2024-08-15,Standard,3849.10
2908,Henry Clark,henry.clark2908@shopmail.com,United Kingdom,2023-11-10,Standard,1691.42
2909,Harper Lewis,harper.lewis2909@shopmail.com,United States,2020-07-14,Standard,1557.66
2910,Aarav Thomas,aarav.thomas2910@shopmail.com,Australia,2026-04-06,Standard,3699.88
2911,Arjun Hall,arjun.hall2911@shopmail.com,Canada,2024-07-01,Standard,3615.93
2912,Mia Cohen,mia.cohen2912@shopmail.com,Australia,2023-09-29,Standard,1688.66
2913,Maya Lee,maya.lee2913@shopmail.com,United Kingdom,2023-06-06,Standard,486.23
2914,Ava Chen,ava.chen2914@shopmail.com,United Kingdom,2025-07-29,Standard,3069.48
2915,Charlotte Moore,charlotte.moore2915@shopmail.com,New Zealand,2025-06-11,Standard,1682.85
2916,Chloe Nguyen,chloe.nguyen2916@shopmail.com,Ireland,2021-10-14,Standard,4604.68
2917,Priya Johnson,priya.johnson2917@shopmail.com,Australia,2022-02-16,Standard,2792.86
2918,Isla Dubois,isla.dubois2918@shopmail.com,New Zealand,2026-04-12,Standard,2583.62
2919,Jack Jones,jack.jones2919@shopmail.com,Australia,2021-01-17,Standard,434.60
2920,Eva Chen,eva.chen2920@shopmail.com,New Zealand,2021-08-20,Standard,3436.26
2921,Maya Patel,maya.patel2921@shopmail.com,United Kingdom,2021-06-28,Standard,4422.04
2922,Oliver Young,oliver.young2922@shopmail.com,India,2026-05-24,Standard,4659.58
2923,Priya Lee,priya.lee2923@shopmail.com,United States,2020-06-16,Standard,1180.34
2924,Isabella Lewis,isabella.lewis2924@shopmail.com,Australia,2025-07-18,Standard,1077.45
2925,Ethan Harris,ethan.harris2925@shopmail.com,Australia,2024-12-08,Standard,3109.90
2926,Amelia Anderson,amelia.anderson2926@shopmail.com,Australia,2023-04-30,Standard,1169.66
2927,Olivia Murphy,olivia.murphy2927@shopmail.com,United States,2024-08-24,Standard,2670.35
2928,Nina Moore,nina.moore2928@shopmail.com,United Kingdom,2022-02-01,Standard,4069.94
2929,Hugo Chen,hugo.chen2929@shopmail.com,Singapore,2026-06-15,Standard,4265.30
2930,Charlotte Clark,charlotte.clark2930@shopmail.com,Canada,2024-01-30,Standard,3856.45
2931,Aarav Kowalski,aarav.kowalski2931@shopmail.com,United Kingdom,2024-02-02,Standard,4320.25
2932,Harper Hall,harper.hall2932@shopmail.com,United States,2024-01-02,Standard,369.79
2933,Elijah Hall,elijah.hall2933@shopmail.com,Canada,2022-10-08,Standard,3818.67
2934,Hugo Wilson,hugo.wilson2934@shopmail.com,Australia,2025-09-09,Standard,3400.10
2935,Maya Hall,maya.hall2935@shopmail.com,Australia,2022-07-22,Standard,3456.51
2936,Arjun Lee,arjun.lee2936@shopmail.com,United States,2023-01-07,Standard,2756.44
2937,Emma Rossi,emma.rossi2937@shopmail.com,India,2024-11-28,Standard,2386.24
2938,Leo Jones,leo.jones2938@shopmail.com,Australia,2020-03-31,Standard,2687.80
2939,Arjun Brown,arjun.brown2939@shopmail.com,United Kingdom,2025-05-06,Standard,4164.37
2940,Isabella Jones,isabella.jones2940@shopmail.com,Singapore,2023-12-22,Standard,313.98
2941,Zara Costa,zara.costa2941@shopmail.com,New Zealand,2020-04-22,Standard,3425.34
2942,Oscar Kowalski,oscar.kowalski2942@shopmail.com,Canada,2021-06-30,Standard,4733.79
2943,Amelia Silva,amelia.silva2943@shopmail.com,New Zealand,2026-01-14,Standard,3346.59
2944,Yuki Allen,yuki.allen2944@shopmail.com,Australia,2026-05-23,Standard,3832.40
2945,Isla Singh,isla.singh2945@shopmail.com,Australia,2026-01-19,Standard,4704.86
2946,Hugo Hall,hugo.hall2946@shopmail.com,Australia,2020-08-04,Standard,3418.15
2947,Sofia Davis,sofia.davis2947@shopmail.com,Ireland,2020-10-17,Standard,2946.48
2948,Kai Singh,kai.singh2948@shopmail.com,Canada,2021-10-22,Standard,3516.27
2949,Harper Taylor,harper.taylor2949@shopmail.com,Australia,2020-04-30,Standard,3117.15
2950,Oscar Davis,oscar.davis2950@shopmail.com,United Kingdom,2020-12-30,Standard,451.97
2951,Jack Costa,jack.costa2951@shopmail.com,Canada,2024-05-05,Standard,3863.59
2952,Charlotte Murphy,charlotte.murphy2952@shopmail.com,Australia,2023-11-07,Standard,878.35
2953,Yuki Patel,yuki.patel2953@shopmail.com,Australia,2024-10-28,Standard,4219.51
2954,Oscar Garcia,oscar.garcia2954@shopmail.com,Australia,2022-12-03,Standard,1926.85
2955,Ethan Patel,ethan.patel2955@shopmail.com,Singapore,2020-11-30,Standard,1630.66
2956,Oliver Nakamura,oliver.nakamura2956@shopmail.com,New Zealand,2020-03-24,Standard,4220.65
2957,Emma Dubois,emma.dubois2957@shopmail.com,Australia,2024-03-08,Standard,458.35
2958,James Nakamura,james.nakamura2958@shopmail.com,Australia,2020-01-20,Standard,1568.93
2959,Yuki Johnson,yuki.johnson2959@shopmail.com,Ireland,2026-05-15,Standard,2704.15
2960,Noah Taylor,noah.taylor2960@shopmail.com,Australia,2025-08-02,Standard,872.58
2961,Amelia Patel,amelia.patel2961@shopmail.com,Australia,2021-09-25,Standard,2878.65
2962,Nina Taylor,nina.taylor2962@shopmail.com,United States,2021-12-28,Standard,2435.18
2963,Chloe Johnson,chloe.johnson2963@shopmail.com,India,2020-06-07,Standard,4489.41
2964,Sophia Walker,sophia.walker2964@shopmail.com,New Zealand,2021-03-17,Standard,1675.46
2965,Mia Nakamura,mia.nakamura2965@shopmail.com,Australia,2021-02-12,Standard,2388.73
2966,Eva Anderson,eva.anderson2966@shopmail.com,India,2023-10-13,Standard,4501.53
2967,Arjun Kim,arjun.kim2967@shopmail.com,Ireland,2025-01-08,Standard,4531.25
2968,Arjun Jones,arjun.jones2968@shopmail.com,United Kingdom,2022-10-05,Standard,1755.33
2969,Harper Cohen,harper.cohen2969@shopmail.com,Australia,2024-07-13,Standard,199.63
2970,Emma Murphy,emma.murphy2970@shopmail.com,Ireland,2021-02-08,Standard,4069.32
2971,Ava Hall,ava.hall2971@shopmail.com,United States,2026-04-25,Standard,2760.42
2972,Maya Nakamura,maya.nakamura2972@shopmail.com,United Kingdom,2026-02-15,Standard,3087.35
2973,Wei Hall,wei.hall2973@shopmail.com,Australia,2025-01-08,Standard,3664.91
2974,Wei Kowalski,wei.kowalski2974@shopmail.com,United Kingdom,2024-11-17,Standard,1809.92
2975,Oscar Johnson,oscar.johnson2975@shopmail.com,United States,2021-03-03,Standard,1543.27
2976,Ruby Kim,ruby.kim2976@shopmail.com,New Zealand,2025-07-31,Standard,4762.98
2977,Wei Brown,wei.brown2977@shopmail.com,United States,2020-06-19,Standard,902.78
2978,Ava Walker,ava.walker2978@shopmail.com,India,2026-05-28,Standard,2605.38
2979,Priya Brown,priya.brown2979@shopmail.com,United States,2020-04-24,Standard,226.60
2980,Yuki Kim,yuki.kim2980@shopmail.com,Australia,2023-12-11,Standard,4628.10
2981,Emma Kowalski,emma.kowalski2981@shopmail.com,Canada,2025-09-13,Standard,2515.13
2982,Mia Khan,mia.khan2982@shopmail.com,United Kingdom,2020-07-02,Standard,4371.18
2983,Oliver Rossi,oliver.rossi2983@shopmail.com,Australia,2022-06-26,Standard,3419.57
2984,Noah Martin,noah.martin2984@shopmail.com,United States,2022-04-26,Standard,2741.50
2985,Samuel Smith,samuel.smith2985@shopmail.com,Australia,2024-04-11,Standard,988.94
2986,Sophia Young,sophia.young2986@shopmail.com,Australia,2022-09-11,Standard,3166.05
2987,Chen Taylor,chen.taylor2987@shopmail.com,United Kingdom,2022-07-24,Standard,1784.56
2988,Jack Williams,jack.williams2988@shopmail.com,Australia,2021-08-03,Standard,2874.01
2989,Samuel Clark,samuel.clark2989@shopmail.com,United Kingdom,2026-05-25,Standard,3408.83
2990,Yuki Martin,yuki.martin2990@shopmail.com,Singapore,2023-01-21,Standard,1964.18
2991,James Singh,james.singh2991@shopmail.com,United Kingdom,2024-03-24,Standard,1334.82
2992,Mason Cohen,mason.cohen2992@shopmail.com,New Zealand,2020-02-12,Standard,3007.38
2993,Jack Williams,jack.williams2993@shopmail.com,Canada,2025-01-13,Standard,618.66
2994,Ethan Jones,ethan.jones2994@shopmail.com,Singapore,2021-04-13,Standard,553.34
2995,Oscar Jones,oscar.jones2995@shopmail.com,Australia,2026-01-08,Standard,1571.42
2996,Aarav Chen,aarav.chen2996@shopmail.com,New Zealand,2026-01-05,Standard,1374.91
2997,Nina Clark,nina.clark2997@shopmail.com,Australia,2021-05-04,Standard,1895.55
2998,Mason Garcia,mason.garcia2998@shopmail.com,United States,2025-08-01,Standard,963.78
2999,Kai Williams,kai.williams2999@shopmail.com,United States,2025-05-15,Standard,524.85
3000,Ethan Williams,ethan.williams3000@shopmail.com,United Kingdom,2022-01-25,Standard,401.32
3001,Noah Harris,noah.harris3001@shopmail.com,United Kingdom,2024-02-28,Standard,2102.92
3002,Isabella Silva,isabella.silva3002@shopmail.com,India,2020-06-17,Standard,3181.81
3003,Isla Moore,isla.moore3003@shopmail.com,Ireland,2022-05-11,Standard,3479.57
3004,Liam Costa,liam.costa3004@shopmail.com,Australia,2021-09-17,Standard,1638.47
3005,Aarav Taylor,aarav.taylor3005@shopmail.com,United Kingdom,2025-03-07,Standard,963.12
3006,Emma Chen,emma.chen3006@shopmail.com,United Kingdom,2021-09-19,Standard,4544.74
3007,Isla Jones,isla.jones3007@shopmail.com,Australia,2022-01-23,Standard,3010.63
3008,Chen Silva,chen.silva3008@shopmail.com,Australia,2024-12-09,Standard,333.04
3009,Harper Nakamura,harper.nakamura3009@shopmail.com,New Zealand,2026-03-30,Standard,773.27
3010,Arjun Hall,arjun.hall3010@shopmail.com,Australia,2021-04-01,Standard,3286.86
3011,Grace Nakamura,grace.nakamura3011@shopmail.com,United States,2020-03-12,Standard,2969.21
3012,Lucas Hall,lucas.hall3012@shopmail.com,United Kingdom,2020-06-06,Standard,688.74
3013,Oliver Lee,oliver.lee3013@shopmail.com,Australia,2024-04-10,Standard,16.42
3014,Emma Kim,emma.kim3014@shopmail.com,Ireland,2026-05-11,Standard,574.28
3015,Ethan Williams,ethan.williams3015@shopmail.com,India,2026-02-12,Standard,354.84
3016,Ruby Costa,ruby.costa3016@shopmail.com,Singapore,2024-04-30,Standard,1355.85
3017,Samuel Kim,samuel.kim3017@shopmail.com,United States,2022-08-31,Standard,3277.83
3018,Samuel Clark,samuel.clark3018@shopmail.com,United Kingdom,2025-02-06,Standard,2299.82
3019,Isabella Rossi,isabella.rossi3019@shopmail.com,United States,2024-01-15,Standard,1074.43
3020,Wei Taylor,wei.taylor3020@shopmail.com,United Kingdom,2022-11-19,Standard,4233.30
3021,Mateo Johnson,mateo.johnson3021@shopmail.com,United Kingdom,2023-05-13,Standard,691.12
3022,Henry Singh,henry.singh3022@shopmail.com,Canada,2026-01-26,Standard,4088.08
3023,Jack Wilson,jack.wilson3023@shopmail.com,Singapore,2023-12-16,Standard,998.88
3024,Jack Singh,jack.singh3024@shopmail.com,United Kingdom,2025-03-01,Standard,3520.56
3025,Chloe Kim,chloe.kim3025@shopmail.com,United States,2024-01-29,Standard,1621.45
3026,Jack Wilson,jack.wilson3026@shopmail.com,Canada,2025-12-10,Standard,988.39
3027,Amelia Moore,amelia.moore3027@shopmail.com,India,2022-03-08,Standard,4550.42
3028,Samuel Nguyen,samuel.nguyen3028@shopmail.com,United States,2026-02-23,Standard,4139.71
3029,Grace Nguyen,grace.nguyen3029@shopmail.com,Singapore,2023-06-11,Standard,1024.87
3030,Isabella Murphy,isabella.murphy3030@shopmail.com,Australia,2026-02-01,Standard,3130.74
3031,Yuki Singh,yuki.singh3031@shopmail.com,Australia,2022-03-27,Standard,1042.46
3032,Arjun Thomas,arjun.thomas3032@shopmail.com,Singapore,2024-04-23,Standard,4498.19
3033,Leo Taylor,leo.taylor3033@shopmail.com,United States,2020-04-07,Standard,3331.05
3034,Charlotte Costa,charlotte.costa3034@shopmail.com,Singapore,2021-12-06,Standard,1311.94
3035,Nina Anderson,nina.anderson3035@shopmail.com,Singapore,2024-07-04,Standard,2760.33
3036,Mason Anderson,mason.anderson3036@shopmail.com,United Kingdom,2023-07-20,Standard,2249.18
3037,Elijah Cohen,elijah.cohen3037@shopmail.com,United Kingdom,2025-12-13,Standard,3529.52
3038,Liam Miller,liam.miller3038@shopmail.com,Ireland,2020-09-24,Standard,411.60
3039,James Brown,james.brown3039@shopmail.com,United Kingdom,2021-01-03,Standard,1503.81
3040,Sofia Moore,sofia.moore3040@shopmail.com,Canada,2021-09-08,Standard,4598.19
3041,Yuki Jones,yuki.jones3041@shopmail.com,United Kingdom,2023-07-16,Standard,2800.55
3042,Chloe Murphy,chloe.murphy3042@shopmail.com,United Kingdom,2021-12-18,Standard,1390.76
3043,Oliver Dubois,oliver.dubois3043@shopmail.com,Australia,2021-09-14,Standard,783.63
3044,Sophia Andersen,sophia.andersen3044@shopmail.com,India,2024-08-05,Standard,759.75
3045,Arjun Murphy,arjun.murphy3045@shopmail.com,Canada,2023-02-25,Standard,3311.83
3046,Harper Davis,harper.davis3046@shopmail.com,Singapore,2021-08-23,Standard,4364.09
3047,Oliver Williams,oliver.williams3047@shopmail.com,Australia,2024-04-09,Standard,2269.50
3048,Ruby Thomas,ruby.thomas3048@shopmail.com,Ireland,2020-03-22,Standard,2813.64
3049,Mateo Silva,mateo.silva3049@shopmail.com,India,2026-05-31,Standard,872.80
3050,Olivia Cohen,olivia.cohen3050@shopmail.com,Singapore,2026-05-10,Standard,1650.38
3051,Chen Garcia,chen.garcia3051@shopmail.com,United Kingdom,2020-10-09,Standard,850.73
3052,Samuel Walker,samuel.walker3052@shopmail.com,Singapore,2024-05-31,Standard,4400.47
3053,Sophia Moore,sophia.moore3053@shopmail.com,Singapore,2023-08-06,Standard,1403.28
3054,Ava Patel,ava.patel3054@shopmail.com,India,2025-07-19,Standard,76.59
3055,Hugo Singh,hugo.singh3055@shopmail.com,Australia,2024-02-04,Standard,4086.01
3056,Mason Khan,mason.khan3056@shopmail.com,New Zealand,2025-11-01,Standard,4340.54
3057,Olivia Cohen,olivia.cohen3057@shopmail.com,United Kingdom,2021-11-14,Standard,249.65
3058,Harper Walker,harper.walker3058@shopmail.com,New Zealand,2025-01-12,Standard,4781.54
3059,Chen Williams,chen.williams3059@shopmail.com,New Zealand,2025-02-19,Standard,3165.17
3060,Chen Dubois,chen.dubois3060@shopmail.com,Australia,2021-06-19,Standard,4185.79
3061,Samuel Smith,samuel.smith3061@shopmail.com,Canada,2026-06-07,Standard,92.22
3062,Charlotte Moore,charlotte.moore3062@shopmail.com,United States,2024-04-05,Standard,1864.31
3063,Zara Kim,zara.kim3063@shopmail.com,United Kingdom,2024-02-11,Standard,3855.10
3064,Leo Singh,leo.singh3064@shopmail.com,Canada,2023-11-02,Standard,635.23
3065,Sofia Clark,sofia.clark3065@shopmail.com,United States,2022-03-01,Standard,2346.39
3066,Zara Garcia,zara.garcia3066@shopmail.com,United States,2020-12-13,Standard,3866.28
3067,Priya Khan,priya.khan3067@shopmail.com,Australia,2020-04-04,Standard,3891.62
3068,Oliver Harris,oliver.harris3068@shopmail.com,Australia,2021-12-26,Standard,1792.26
3069,Isabella Costa,isabella.costa3069@shopmail.com,Ireland,2022-08-28,Standard,3738.61
3070,Noah Smith,noah.smith3070@shopmail.com,Canada,2020-02-25,Standard,3535.22
3071,Chen Jones,chen.jones3071@shopmail.com,Australia,2026-07-14,Standard,3005.41
3072,Henry Allen,henry.allen3072@shopmail.com,Ireland,2021-03-09,Standard,2940.31
3073,Emma Wilson,emma.wilson3073@shopmail.com,Australia,2020-11-28,Standard,890.76
3074,Ava Smith,ava.smith3074@shopmail.com,United Kingdom,2022-08-12,Standard,1009.05
3075,Ava Kim,ava.kim3075@shopmail.com,United Kingdom,2025-12-08,Standard,924.67
3076,Mason Cohen,mason.cohen3076@shopmail.com,India,2022-02-01,Standard,2252.21
3077,Hugo Brown,hugo.brown3077@shopmail.com,United States,2022-01-27,Standard,2436.41
3078,Ava Taylor,ava.taylor3078@shopmail.com,Australia,2022-12-14,Standard,690.69
3079,Maya Costa,maya.costa3079@shopmail.com,Australia,2021-05-22,Standard,3373.77
3080,Noah Moore,noah.moore3080@shopmail.com,Australia,2023-08-09,Standard,3630.17
3081,Ethan Thomas,ethan.thomas3081@shopmail.com,United Kingdom,2023-04-30,Standard,2887.46
3082,Isla Young,isla.young3082@shopmail.com,Australia,2024-10-13,Standard,1204.56
3083,Sofia Harris,sofia.harris3083@shopmail.com,United States,2020-01-29,Standard,3143.24
3084,Aarav Young,aarav.young3084@shopmail.com,Ireland,2021-10-22,Standard,310.34
3085,Noah Cohen,noah.cohen3085@shopmail.com,United Kingdom,2020-09-04,Standard,2975.26
3086,Leo Garcia,leo.garcia3086@shopmail.com,Singapore,2024-12-31,Standard,57.59
3087,Ava Hall,ava.hall3087@shopmail.com,India,2024-01-20,Standard,3350.76
3088,Eva Jones,eva.jones3088@shopmail.com,India,2022-12-10,Standard,3490.31
3089,Priya Silva,priya.silva3089@shopmail.com,United Kingdom,2025-05-21,Standard,1778.13
3090,Yuki Cohen,yuki.cohen3090@shopmail.com,United Kingdom,2026-02-14,Standard,4795.67
3091,Mason Lee,mason.lee3091@shopmail.com,India,2021-11-29,Standard,204.96
3092,Sofia Singh,sofia.singh3092@shopmail.com,United States,2025-03-05,Standard,1556.97
3093,Jack Rossi,jack.rossi3093@shopmail.com,United States,2025-01-26,Standard,732.89
3094,Charlotte Singh,charlotte.singh3094@shopmail.com,Australia,2021-07-25,Standard,3783.67
3095,Charlotte Anderson,charlotte.anderson3095@shopmail.com,United Kingdom,2024-02-06,Standard,66.96
3096,Mia Anderson,mia.anderson3096@shopmail.com,India,2022-01-23,Standard,1041.57
3097,Olivia Chen,olivia.chen3097@shopmail.com,United States,2021-09-05,Standard,1300.27
3098,Mason Johnson,mason.johnson3098@shopmail.com,United States,2024-05-25,Standard,759.92
3099,Arjun Lewis,arjun.lewis3099@shopmail.com,Australia,2022-02-17,Standard,2335.37
3100,Oscar Kowalski,oscar.kowalski3100@shopmail.com,United Kingdom,2021-10-16,Standard,2339.24
3101,Emma Patel,emma.patel3101@shopmail.com,Australia,2020-10-01,Standard,4574.16
3102,Ruby Young,ruby.young3102@shopmail.com,Australia,2022-08-21,Standard,2490.06
3103,Oscar Martin,oscar.martin3103@shopmail.com,United Kingdom,2025-07-02,Standard,62.24
3104,Yuki Thomas,yuki.thomas3104@shopmail.com,United Kingdom,2023-06-26,Standard,3283.48
3105,Leo Davis,leo.davis3105@shopmail.com,India,2021-06-14,Standard,2542.26
3106,Chen Nguyen,chen.nguyen3106@shopmail.com,Ireland,2021-06-08,Standard,1773.92
3107,Ruby Jones,ruby.jones3107@shopmail.com,Australia,2025-01-05,Standard,1776.04
3108,Harper Martin,harper.martin3108@shopmail.com,United Kingdom,2022-08-14,Standard,4368.70
3109,Priya Murphy,priya.murphy3109@shopmail.com,Ireland,2023-02-23,Standard,2663.98
3110,Nina Allen,nina.allen3110@shopmail.com,Canada,2022-03-07,Standard,4328.91
3111,Priya Costa,priya.costa3111@shopmail.com,Australia,2022-08-28,Standard,3903.95
3112,Harper Cohen,harper.cohen3112@shopmail.com,India,2025-04-08,Standard,4274.67
3113,Priya Khan,priya.khan3113@shopmail.com,Australia,2024-04-22,Standard,3600.92
3114,Samuel Hall,samuel.hall3114@shopmail.com,Australia,2025-12-07,Standard,2356.51
3115,Eva Lewis,eva.lewis3115@shopmail.com,Australia,2025-01-15,Standard,1869.97
3116,Mason Lewis,mason.lewis3116@shopmail.com,Canada,2021-08-09,Standard,1746.16
3117,Emma Murphy,emma.murphy3117@shopmail.com,Australia,2022-07-03,Standard,3038.74
3118,Priya Patel,priya.patel3118@shopmail.com,India,2025-05-30,Standard,2697.01
3119,Zara Hall,zara.hall3119@shopmail.com,United States,2023-07-10,Standard,2902.90
3120,Maya Moore,maya.moore3120@shopmail.com,Ireland,2022-02-09,Standard,4597.08
3121,Eva Davis,eva.davis3121@shopmail.com,New Zealand,2020-09-05,Standard,3530.38
3122,Mason Nakamura,mason.nakamura3122@shopmail.com,Ireland,2025-08-26,Standard,1355.79
3123,Charlotte Kowalski,charlotte.kowalski3123@shopmail.com,Canada,2020-02-14,Standard,1431.25
3124,Amelia Anderson,amelia.anderson3124@shopmail.com,New Zealand,2020-04-13,Standard,138.34
3125,Grace Garcia,grace.garcia3125@shopmail.com,United Kingdom,2025-03-19,Standard,3723.83
3126,Isabella Silva,isabella.silva3126@shopmail.com,Singapore,2024-04-13,Standard,2665.27
3127,Eva Silva,eva.silva3127@shopmail.com,Ireland,2023-07-10,Standard,517.18
3128,Zara Rossi,zara.rossi3128@shopmail.com,New Zealand,2022-03-21,Standard,3390.22
3129,Henry Young,henry.young3129@shopmail.com,Australia,2026-07-30,Standard,616.97
3130,Olivia Davis,olivia.davis3130@shopmail.com,Australia,2023-08-30,Standard,2652.36
3131,Mateo Anderson,mateo.anderson3131@shopmail.com,United Kingdom,2024-03-16,Standard,2640.61
3132,Leo Hall,leo.hall3132@shopmail.com,United Kingdom,2021-12-30,Standard,1567.73
3133,Liam Young,liam.young3133@shopmail.com,United Kingdom,2026-05-05,Standard,3631.16
3134,Liam Khan,liam.khan3134@shopmail.com,Australia,2021-06-24,Standard,2384.05
3135,Noah Wilson,noah.wilson3135@shopmail.com,Australia,2021-02-22,Standard,2509.35
3136,Harper Garcia,harper.garcia3136@shopmail.com,Ireland,2024-01-15,Standard,4667.13
3137,Chen Garcia,chen.garcia3137@shopmail.com,United Kingdom,2023-11-08,Standard,3604.08
3138,Oscar Chen,oscar.chen3138@shopmail.com,United States,2020-09-11,Standard,2518.46
3139,Jack Anderson,jack.anderson3139@shopmail.com,United States,2021-01-01,Standard,3908.95
3140,Chloe Thomas,chloe.thomas3140@shopmail.com,Australia,2022-12-04,Standard,1091.50
3141,Emma Dubois,emma.dubois3141@shopmail.com,Australia,2020-08-02,Standard,3085.93
3142,Ethan Murphy,ethan.murphy3142@shopmail.com,Australia,2020-06-21,Standard,1051.20
3143,Ethan Anderson,ethan.anderson3143@shopmail.com,Australia,2025-08-12,Standard,1533.40
3144,Charlotte Chen,charlotte.chen3144@shopmail.com,Australia,2025-09-20,Standard,3674.58
3145,Oscar Johnson,oscar.johnson3145@shopmail.com,Singapore,2024-08-26,Standard,2640.15
3146,Liam Moore,liam.moore3146@shopmail.com,India,2020-05-27,Standard,1002.42
3147,Hugo Cohen,hugo.cohen3147@shopmail.com,Australia,2023-12-02,Standard,3368.76
3148,Hugo Nguyen,hugo.nguyen3148@shopmail.com,United States,2021-11-03,Standard,1906.47
3149,Isabella Andersen,isabella.andersen3149@shopmail.com,Australia,2023-02-26,Standard,1275.10
3150,Mateo Khan,mateo.khan3150@shopmail.com,United Kingdom,2021-10-16,Standard,4007.15
3151,Eva Clark,eva.clark3151@shopmail.com,United Kingdom,2022-03-12,Standard,1569.88
3152,Aarav Chen,aarav.chen3152@shopmail.com,Australia,2023-03-14,Standard,2167.92
3153,Chloe Khan,chloe.khan3153@shopmail.com,Ireland,2024-07-19,Standard,982.03
3154,Sophia Williams,sophia.williams3154@shopmail.com,United Kingdom,2021-03-13,Standard,3565.50
3155,Amelia Moore,amelia.moore3155@shopmail.com,Ireland,2026-05-24,Standard,3531.37
3156,Yuki Martin,yuki.martin3156@shopmail.com,India,2023-05-27,Standard,1732.50
3157,Emma Lee,emma.lee3157@shopmail.com,India,2022-10-30,Standard,1040.67
3158,Olivia Walker,olivia.walker3158@shopmail.com,Australia,2022-06-05,Standard,3982.02
3159,Chen Martin,chen.martin3159@shopmail.com,United States,2024-05-10,Standard,3455.85
3160,Henry Chen,henry.chen3160@shopmail.com,India,2021-11-07,Standard,4419.93
3161,Ruby Dubois,ruby.dubois3161@shopmail.com,India,2023-03-14,Standard,3816.02
3162,Harper Jones,harper.jones3162@shopmail.com,India,2021-03-15,Standard,4245.18
3163,Olivia Brown,olivia.brown3163@shopmail.com,Australia,2023-01-28,Standard,4464.77
3164,Yuki Silva,yuki.silva3164@shopmail.com,United Kingdom,2026-05-15,Standard,4613.80
3165,Oliver Brown,oliver.brown3165@shopmail.com,United Kingdom,2022-05-31,Standard,3099.71
3166,Leo Nguyen,leo.nguyen3166@shopmail.com,Australia,2023-02-20,Standard,2003.94
3167,Olivia Walker,olivia.walker3167@shopmail.com,Ireland,2020-05-23,Standard,4312.90
3168,Yuki Anderson,yuki.anderson3168@shopmail.com,New Zealand,2025-02-14,Standard,4464.60
3169,Amelia Davis,amelia.davis3169@shopmail.com,Singapore,2020-05-04,Standard,4225.39
3170,Ruby Taylor,ruby.taylor3170@shopmail.com,Australia,2021-04-06,Standard,413.26
3171,Harper Rossi,harper.rossi3171@shopmail.com,India,2026-04-02,Standard,1311.05
3172,Olivia Costa,olivia.costa3172@shopmail.com,United States,2020-09-16,Standard,3510.88
3173,Isabella Martin,isabella.martin3173@shopmail.com,Australia,2024-06-16,Standard,3254.49
3174,Olivia Williams,olivia.williams3174@shopmail.com,United States,2024-11-06,Standard,3986.17
3175,Grace Taylor,grace.taylor3175@shopmail.com,Australia,2026-06-20,Standard,4307.56
3176,Noah Lewis,noah.lewis3176@shopmail.com,Canada,2023-02-27,Standard,3450.58
3177,Mason Lewis,mason.lewis3177@shopmail.com,Australia,2023-01-18,Standard,4623.31
3178,Mason Harris,mason.harris3178@shopmail.com,Canada,2025-01-08,Standard,3889.70
3179,Liam Costa,liam.costa3179@shopmail.com,United Kingdom,2026-04-08,Standard,4570.30
3180,Oscar Lee,oscar.lee3180@shopmail.com,Canada,2020-07-12,Standard,1375.28
3181,Ava Nguyen,ava.nguyen3181@shopmail.com,United States,2025-04-19,Standard,2614.04
3182,Mateo Nguyen,mateo.nguyen3182@shopmail.com,Canada,2026-03-06,Standard,2595.68
3183,Priya Patel,priya.patel3183@shopmail.com,United Kingdom,2021-12-13,Standard,2785.02
3184,Mateo Rossi,mateo.rossi3184@shopmail.com,United Kingdom,2023-04-12,Standard,708.64
3185,Oscar Andersen,oscar.andersen3185@shopmail.com,United Kingdom,2024-01-15,Standard,4614.65
3186,Ava Clark,ava.clark3186@shopmail.com,Australia,2023-09-25,Standard,4438.65
3187,Henry Silva,henry.silva3187@shopmail.com,Ireland,2026-01-17,Standard,4136.64
3188,Lucas Williams,lucas.williams3188@shopmail.com,United Kingdom,2025-09-05,Standard,4407.83
3189,Isabella Allen,isabella.allen3189@shopmail.com,United States,2021-10-15,Standard,4085.27
3190,Nina Wilson,nina.wilson3190@shopmail.com,Ireland,2022-04-23,Standard,3958.49
3191,Jack Garcia,jack.garcia3191@shopmail.com,United Kingdom,2021-04-03,Standard,4754.42
3192,Maya Williams,maya.williams3192@shopmail.com,United States,2021-03-01,Standard,2762.23
3193,Aarav Dubois,aarav.dubois3193@shopmail.com,Singapore,2021-11-05,Standard,3550.61
3194,Chen Cohen,chen.cohen3194@shopmail.com,Australia,2023-08-26,Standard,3512.90
3195,Mateo Dubois,mateo.dubois3195@shopmail.com,United Kingdom,2025-11-12,Standard,3153.08
3196,Jack Lee,jack.lee3196@shopmail.com,India,2023-12-09,Standard,3599.17
3197,Oliver Lee,oliver.lee3197@shopmail.com,Singapore,2025-02-01,Standard,747.37
3198,Mason Smith,mason.smith3198@shopmail.com,Ireland,2025-08-28,Standard,3839.69
3199,Oscar Anderson,oscar.anderson3199@shopmail.com,Australia,2023-06-09,Standard,1160.80
3200,Jack Walker,jack.walker3200@shopmail.com,Australia,2026-01-28,Standard,3063.59
3201,Mason Johnson,mason.johnson3201@shopmail.com,Australia,2020-05-07,Standard,1419.76
3202,Amelia Taylor,amelia.taylor3202@shopmail.com,Ireland,2020-10-19,Standard,321.70
3203,Chloe Davis,chloe.davis3203@shopmail.com,United Kingdom,2024-01-04,Standard,3175.61
3204,James Walker,james.walker3204@shopmail.com,United Kingdom,2024-05-07,Standard,1799.60
3205,Yuki Kowalski,yuki.kowalski3205@shopmail.com,India,2026-08-12,Standard,4413.87
3206,Samuel Williams,samuel.williams3206@shopmail.com,Singapore,2025-07-05,Standard,4689.66
3207,Oscar Hall,oscar.hall3207@shopmail.com,United Kingdom,2020-05-07,Standard,1227.75
3208,Ruby Kim,ruby.kim3208@shopmail.com,Ireland,2026-01-16,Standard,3694.98
3209,Leo Patel,leo.patel3209@shopmail.com,Singapore,2025-07-01,Standard,4774.26
3210,Charlotte Williams,charlotte.williams3210@shopmail.com,United States,2020-12-21,Standard,2279.38
3211,Maya Garcia,maya.garcia3211@shopmail.com,Australia,2022-10-02,Standard,3476.54
3212,Oliver Rossi,oliver.rossi3212@shopmail.com,United Kingdom,2023-10-13,Standard,1158.62
3213,Ruby Williams,ruby.williams3213@shopmail.com,United Kingdom,2023-06-22,Standard,2652.60
3214,Chloe Martin,chloe.martin3214@shopmail.com,India,2024-08-08,Standard,455.78
3215,Elijah Johnson,elijah.johnson3215@shopmail.com,United States,2024-12-25,Standard,331.68
3216,Mia Rossi,mia.rossi3216@shopmail.com,New Zealand,2026-05-03,Standard,1863.25
3217,Maya Brown,maya.brown3217@shopmail.com,New Zealand,2026-07-26,Standard,564.81
3218,Kai Cohen,kai.cohen3218@shopmail.com,Australia,2025-01-24,Standard,1408.27
3219,Lucas Williams,lucas.williams3219@shopmail.com,New Zealand,2023-09-19,Standard,2048.31
3220,Isabella Jones,isabella.jones3220@shopmail.com,Australia,2025-05-28,Standard,2333.99
3221,James Kim,james.kim3221@shopmail.com,Ireland,2021-12-24,Standard,3707.82
3222,Liam Walker,liam.walker3222@shopmail.com,Australia,2022-07-04,Standard,1632.34
3223,Hugo Cohen,hugo.cohen3223@shopmail.com,Australia,2024-12-26,Standard,3880.41
3224,Sophia Miller,sophia.miller3224@shopmail.com,Australia,2021-07-24,Standard,633.60
3225,Eva Costa,eva.costa3225@shopmail.com,Australia,2024-11-29,Standard,2381.50
3226,Leo Johnson,leo.johnson3226@shopmail.com,Canada,2025-11-21,Standard,4308.91
3227,Mateo Andersen,mateo.andersen3227@shopmail.com,Australia,2024-09-10,Standard,2273.56
3228,Zara Kowalski,zara.kowalski3228@shopmail.com,United States,2024-09-25,Standard,321.31
3229,Ava Clark,ava.clark3229@shopmail.com,Singapore,2024-01-04,Standard,2278.20
3230,Isla Harris,isla.harris3230@shopmail.com,Australia,2021-05-10,Standard,115.72
3231,Ava Costa,ava.costa3231@shopmail.com,Australia,2022-03-15,Standard,2141.29
3232,Maya Nguyen,maya.nguyen3232@shopmail.com,United States,2022-12-13,Standard,2293.82
3233,Mia Singh,mia.singh3233@shopmail.com,Australia,2026-04-11,Standard,190.83
3234,Mason Anderson,mason.anderson3234@shopmail.com,New Zealand,2021-06-29,Standard,3583.88
3235,Jack Smith,jack.smith3235@shopmail.com,United Kingdom,2020-09-02,Standard,2448.94
3236,James Davis,james.davis3236@shopmail.com,United States,2022-12-25,Standard,2810.75
3237,James Walker,james.walker3237@shopmail.com,Ireland,2021-07-15,Standard,1533.74
3238,Harper Murphy,harper.murphy3238@shopmail.com,Ireland,2022-05-24,Standard,905.60
3239,Ruby Murphy,ruby.murphy3239@shopmail.com,United States,2022-05-27,Standard,475.43
3240,Charlotte Dubois,charlotte.dubois3240@shopmail.com,Singapore,2026-01-26,Standard,4121.73
3241,Noah Anderson,noah.anderson3241@shopmail.com,Singapore,2021-06-04,Standard,4117.66
3242,Isabella Jones,isabella.jones3242@shopmail.com,United States,2025-10-03,Standard,4751.36
3243,Noah Costa,noah.costa3243@shopmail.com,Australia,2022-10-08,Standard,3009.32
3244,Grace Nguyen,grace.nguyen3244@shopmail.com,Australia,2022-12-11,Standard,1950.68
3245,Leo Williams,leo.williams3245@shopmail.com,United Kingdom,2024-06-04,Standard,132.79
3246,Mateo Chen,mateo.chen3246@shopmail.com,United States,2022-07-09,Standard,3593.32
3247,Elijah Murphy,elijah.murphy3247@shopmail.com,India,2025-09-18,Standard,4265.97
3248,Lucas Harris,lucas.harris3248@shopmail.com,India,2025-11-05,Standard,1380.61
3249,Noah Kowalski,noah.kowalski3249@shopmail.com,India,2020-05-06,Standard,2003.12
3250,Arjun Garcia,arjun.garcia3250@shopmail.com,Canada,2021-08-19,Standard,3710.01
3251,Liam Nguyen,liam.nguyen3251@shopmail.com,New Zealand,2024-05-29,Standard,1348.00
3252,Chen Walker,chen.walker3252@shopmail.com,United States,2023-09-01,Standard,4412.77
3253,Ruby Khan,ruby.khan3253@shopmail.com,United States,2024-04-30,Standard,3635.60
3254,Hugo Dubois,hugo.dubois3254@shopmail.com,Singapore,2026-06-09,Standard,658.88
3255,Chen Garcia,chen.garcia3255@shopmail.com,Canada,2025-06-28,Standard,4681.09
3256,Maya Nakamura,maya.nakamura3256@shopmail.com,India,2020-09-14,Standard,1207.65
3257,Zara Lewis,zara.lewis3257@shopmail.com,New Zealand,2025-10-04,Standard,1093.64
3258,Priya Harris,priya.harris3258@shopmail.com,India,2022-02-22,Standard,1672.86
3259,Yuki Moore,yuki.moore3259@shopmail.com,United Kingdom,2025-10-21,Standard,3245.28
3260,Zara Clark,zara.clark3260@shopmail.com,India,2024-10-02,Standard,3214.49
3261,Mason Wilson,mason.wilson3261@shopmail.com,Ireland,2023-04-23,Standard,911.84
3262,Mateo Andersen,mateo.andersen3262@shopmail.com,United States,2023-08-08,Standard,981.43
3263,Henry Nakamura,henry.nakamura3263@shopmail.com,Australia,2021-04-25,Standard,3478.04
3264,Wei Harris,wei.harris3264@shopmail.com,Australia,2023-10-13,Standard,878.77
3265,Oscar Nguyen,oscar.nguyen3265@shopmail.com,Australia,2024-05-23,Standard,2324.85
3266,Zara Costa,zara.costa3266@shopmail.com,United States,2026-01-10,Standard,1638.72
3267,Aarav Jones,aarav.jones3267@shopmail.com,New Zealand,2021-05-24,Standard,4639.27
3268,Arjun Chen,arjun.chen3268@shopmail.com,Australia,2020-09-29,Standard,906.85
3269,Aarav Cohen,aarav.cohen3269@shopmail.com,United States,2026-03-05,Standard,2801.20
3270,Zara Khan,zara.khan3270@shopmail.com,India,2024-09-18,Standard,956.11
3271,Emma Kowalski,emma.kowalski3271@shopmail.com,Singapore,2025-06-28,Standard,2857.30
3272,Ruby Kowalski,ruby.kowalski3272@shopmail.com,United Kingdom,2023-07-06,Standard,573.33
3273,Mia Davis,mia.davis3273@shopmail.com,United Kingdom,2020-08-11,Standard,196.97
3274,Noah Lewis,noah.lewis3274@shopmail.com,Australia,2026-02-24,Standard,2569.07
3275,Elijah Miller,elijah.miller3275@shopmail.com,Canada,2024-09-29,Standard,983.49
3276,Nina Brown,nina.brown3276@shopmail.com,Australia,2021-04-01,Standard,1620.51
3277,Samuel Lewis,samuel.lewis3277@shopmail.com,New Zealand,2024-10-26,Standard,1155.27
3278,Ethan Costa,ethan.costa3278@shopmail.com,Ireland,2022-12-28,Standard,4453.69
3279,Sofia Harris,sofia.harris3279@shopmail.com,Australia,2020-04-04,Standard,2657.81
3280,Priya Lee,priya.lee3280@shopmail.com,Australia,2024-04-18,Standard,975.08
3281,Samuel Johnson,samuel.johnson3281@shopmail.com,Australia,2021-01-08,Standard,2741.95
3282,Samuel Lewis,samuel.lewis3282@shopmail.com,Ireland,2025-06-14,Standard,597.90
3283,Harper Singh,harper.singh3283@shopmail.com,Australia,2022-09-18,Standard,2205.63
3284,Lucas Taylor,lucas.taylor3284@shopmail.com,Australia,2023-02-18,Standard,515.46
3285,Harper Walker,harper.walker3285@shopmail.com,United Kingdom,2026-07-02,Standard,4132.30
3286,Charlotte Silva,charlotte.silva3286@shopmail.com,Australia,2022-08-09,Standard,481.76
3287,Ava Singh,ava.singh3287@shopmail.com,Canada,2024-12-24,Standard,2124.13
3288,Charlotte Kim,charlotte.kim3288@shopmail.com,Australia,2026-01-26,Standard,3672.27
3289,Amelia Cohen,amelia.cohen3289@shopmail.com,United Kingdom,2025-11-16,Standard,1642.99
3290,Olivia Cohen,olivia.cohen3290@shopmail.com,United States,2024-05-07,Standard,4023.45
3291,Eva Martin,eva.martin3291@shopmail.com,United Kingdom,2021-08-14,Standard,3376.59
3292,Eva Kim,eva.kim3292@shopmail.com,Australia,2024-07-12,Standard,994.23
3293,Priya Patel,priya.patel3293@shopmail.com,United Kingdom,2023-01-27,Standard,1194.08
3294,Wei Lee,wei.lee3294@shopmail.com,United Kingdom,2025-04-07,Standard,4611.14
3295,Nina Harris,nina.harris3295@shopmail.com,Singapore,2020-09-21,Standard,2170.78
3296,Olivia Kim,olivia.kim3296@shopmail.com,India,2023-11-14,Standard,1725.70
3297,Olivia Cohen,olivia.cohen3297@shopmail.com,United Kingdom,2024-12-29,Standard,4364.10
3298,Ava Kowalski,ava.kowalski3298@shopmail.com,New Zealand,2023-11-27,Standard,1097.07
3299,Mateo Clark,mateo.clark3299@shopmail.com,United States,2021-10-09,Standard,809.00
3300,Hugo Nakamura,hugo.nakamura3300@shopmail.com,India,2025-12-14,Standard,3888.68
3301,Liam Kim,liam.kim3301@shopmail.com,United Kingdom,2020-07-15,Standard,3651.41
3302,Ava Thomas,ava.thomas3302@shopmail.com,Australia,2026-03-14,Standard,240.31
3303,Ava Nakamura,ava.nakamura3303@shopmail.com,New Zealand,2025-01-29,Standard,715.34
3304,Isabella Kowalski,isabella.kowalski3304@shopmail.com,New Zealand,2022-01-31,Standard,1099.63
3305,Yuki Thomas,yuki.thomas3305@shopmail.com,United States,2020-09-30,Standard,1112.72
3306,Ava Brown,ava.brown3306@shopmail.com,India,2021-12-21,Standard,1383.57
3307,Ruby Kowalski,ruby.kowalski3307@shopmail.com,Australia,2022-08-25,Standard,82.47
3308,Mason Jones,mason.jones3308@shopmail.com,Australia,2021-02-19,Standard,1291.41
3309,Mia Andersen,mia.andersen3309@shopmail.com,Australia,2025-03-09,Standard,2656.51
3310,Mateo Taylor,mateo.taylor3310@shopmail.com,Australia,2025-12-25,Standard,4474.32
3311,Harper Smith,harper.smith3311@shopmail.com,United Kingdom,2021-12-04,Standard,3678.48
3312,Isla Johnson,isla.johnson3312@shopmail.com,United States,2025-08-28,Standard,4295.22
3313,Jack Wilson,jack.wilson3313@shopmail.com,Australia,2020-07-17,Standard,2251.52
3314,Elijah Harris,elijah.harris3314@shopmail.com,India,2024-02-13,Standard,2754.55
3315,Zara Rossi,zara.rossi3315@shopmail.com,Australia,2025-02-06,Standard,840.70
3316,Sophia Harris,sophia.harris3316@shopmail.com,Australia,2020-06-22,Standard,321.96
3317,Charlotte Wilson,charlotte.wilson3317@shopmail.com,Australia,2023-03-22,Standard,2211.71
3318,Oscar Chen,oscar.chen3318@shopmail.com,United States,2026-01-26,Standard,3485.93
3319,Kai Rossi,kai.rossi3319@shopmail.com,Singapore,2025-10-29,Standard,1698.89
3320,Eva Costa,eva.costa3320@shopmail.com,Canada,2024-07-17,Standard,3607.83
3321,Kai Singh,kai.singh3321@shopmail.com,Australia,2025-08-22,Standard,4118.05
3322,Elijah Williams,elijah.williams3322@shopmail.com,Australia,2020-10-27,Standard,2879.03
3323,Mateo Walker,mateo.walker3323@shopmail.com,Australia,2024-08-16,Standard,1836.35
3324,Yuki Nguyen,yuki.nguyen3324@shopmail.com,Australia,2023-07-12,Standard,2338.66
3325,Olivia Martin,olivia.martin3325@shopmail.com,United Kingdom,2021-08-25,Standard,2159.71
3326,Hugo Wilson,hugo.wilson3326@shopmail.com,Singapore,2023-05-21,Standard,1902.53
3327,Isabella Johnson,isabella.johnson3327@shopmail.com,Australia,2024-12-03,Standard,1214.02
3328,Jack Rossi,jack.rossi3328@shopmail.com,Canada,2025-03-20,Standard,1783.52
3329,Amelia Rossi,amelia.rossi3329@shopmail.com,Australia,2024-08-30,Standard,4606.17
3330,Harper Anderson,harper.anderson3330@shopmail.com,Singapore,2021-02-18,Standard,1418.01
3331,Emma Patel,emma.patel3331@shopmail.com,United States,2024-05-02,Standard,4257.82
3332,Leo Jones,leo.jones3332@shopmail.com,India,2023-04-19,Standard,1702.92
3333,Isla Dubois,isla.dubois3333@shopmail.com,United States,2020-06-14,Standard,4483.09
3334,Ruby Jones,ruby.jones3334@shopmail.com,United Kingdom,2023-09-19,Standard,928.70
3335,Isla Thomas,isla.thomas3335@shopmail.com,Australia,2021-02-18,Standard,700.51
3336,Arjun Lewis,arjun.lewis3336@shopmail.com,Australia,2020-04-11,Standard,2445.63
3337,Kai Nguyen,kai.nguyen3337@shopmail.com,Australia,2025-01-10,Standard,1936.38
3338,Samuel Rossi,samuel.rossi3338@shopmail.com,United Kingdom,2023-08-30,Standard,1367.65
3339,Emma Nakamura,emma.nakamura3339@shopmail.com,India,2021-05-20,Standard,4240.96
3340,Oscar Kowalski,oscar.kowalski3340@shopmail.com,Ireland,2025-10-06,Standard,173.55
3341,Arjun Costa,arjun.costa3341@shopmail.com,United States,2020-10-02,Standard,4793.49
3342,Isabella Kim,isabella.kim3342@shopmail.com,United Kingdom,2024-12-06,Standard,3510.96
3343,Zara Anderson,zara.anderson3343@shopmail.com,Australia,2022-03-15,Standard,447.31
3344,Charlotte Lewis,charlotte.lewis3344@shopmail.com,United Kingdom,2022-06-21,Standard,201.08
3345,Yuki Smith,yuki.smith3345@shopmail.com,Australia,2022-03-07,Standard,2008.20
3346,Mason Singh,mason.singh3346@shopmail.com,Ireland,2021-09-13,Standard,2049.18
3347,Nina Clark,nina.clark3347@shopmail.com,Australia,2020-01-03,Standard,4756.93
3348,Lucas Williams,lucas.williams3348@shopmail.com,New Zealand,2025-05-30,Standard,3777.66
3349,Ethan Rossi,ethan.rossi3349@shopmail.com,Australia,2025-07-14,Standard,548.34
3350,Henry Allen,henry.allen3350@shopmail.com,India,2024-03-04,Standard,4082.85
3351,Aarav Costa,aarav.costa3351@shopmail.com,United States,2026-02-22,Standard,4268.02
3352,Chen Hall,chen.hall3352@shopmail.com,United States,2021-09-29,Standard,3205.21
3353,Hugo Nakamura,hugo.nakamura3353@shopmail.com,Singapore,2023-02-16,Standard,3869.71
3354,Harper Lee,harper.lee3354@shopmail.com,Australia,2024-11-12,Standard,2320.30
3355,Chen Khan,chen.khan3355@shopmail.com,New Zealand,2025-08-05,Standard,4669.25
3356,Jack Brown,jack.brown3356@shopmail.com,India,2023-05-15,Standard,3848.03
3357,Aarav Miller,aarav.miller3357@shopmail.com,Australia,2026-03-23,Standard,1073.40
3358,Ethan Harris,ethan.harris3358@shopmail.com,United States,2021-09-19,Standard,4445.05
3359,Maya Khan,maya.khan3359@shopmail.com,United Kingdom,2024-08-17,Standard,3564.11
3360,Grace Costa,grace.costa3360@shopmail.com,United Kingdom,2023-05-10,Standard,389.42
3361,Lucas Murphy,lucas.murphy3361@shopmail.com,Singapore,2020-09-28,Standard,3719.84
3362,Emma Kowalski,emma.kowalski3362@shopmail.com,United Kingdom,2024-11-05,Standard,739.42
3363,Ruby Johnson,ruby.johnson3363@shopmail.com,United Kingdom,2024-02-26,Standard,567.49
3364,Harper Cohen,harper.cohen3364@shopmail.com,United States,2024-06-11,Standard,2824.43
3365,Jack Kowalski,jack.kowalski3365@shopmail.com,Australia,2023-03-19,Standard,1167.53
3366,Lucas Allen,lucas.allen3366@shopmail.com,Australia,2023-09-01,Standard,2848.54
3367,Ava Miller,ava.miller3367@shopmail.com,Australia,2020-12-03,Standard,3821.73
3368,James Anderson,james.anderson3368@shopmail.com,United States,2024-10-21,Standard,2364.71
3369,Ava Anderson,ava.anderson3369@shopmail.com,Australia,2020-01-09,Standard,2261.80
3370,Liam Wilson,liam.wilson3370@shopmail.com,New Zealand,2024-02-11,Standard,3257.95
3371,Sofia Costa,sofia.costa3371@shopmail.com,Australia,2020-06-14,Standard,793.06
3372,Yuki Allen,yuki.allen3372@shopmail.com,Australia,2020-06-08,Standard,4782.31
3373,Ava Williams,ava.williams3373@shopmail.com,India,2020-01-01,Standard,3942.86
3374,Mason Thomas,mason.thomas3374@shopmail.com,United Kingdom,2025-07-01,Standard,516.18
3375,Hugo Young,hugo.young3375@shopmail.com,India,2025-11-24,Standard,344.08
3376,Samuel Young,samuel.young3376@shopmail.com,Australia,2020-09-23,Standard,2219.22
3377,Aarav Thomas,aarav.thomas3377@shopmail.com,Singapore,2025-10-09,Standard,461.38
3378,Eva Lee,eva.lee3378@shopmail.com,Canada,2023-03-08,Standard,153.76
3379,Chen Thomas,chen.thomas3379@shopmail.com,Canada,2025-04-20,Standard,3889.30
3380,Sofia Khan,sofia.khan3380@shopmail.com,New Zealand,2023-04-17,Standard,3136.75
3381,Jack Singh,jack.singh3381@shopmail.com,Ireland,2022-08-21,Standard,3812.44
3382,Yuki Hall,yuki.hall3382@shopmail.com,Australia,2022-09-12,Standard,2214.18
3383,Isabella Williams,isabella.williams3383@shopmail.com,Australia,2020-08-28,Standard,2820.88
3384,Sophia Anderson,sophia.anderson3384@shopmail.com,Australia,2025-01-12,Standard,605.33
3385,Noah Young,noah.young3385@shopmail.com,Ireland,2023-09-24,Standard,3301.08
3386,Hugo Harris,hugo.harris3386@shopmail.com,Canada,2025-05-26,Standard,2089.61
3387,Sophia Dubois,sophia.dubois3387@shopmail.com,Canada,2026-08-04,Standard,1452.22
3388,Amelia Murphy,amelia.murphy3388@shopmail.com,Singapore,2020-05-18,Standard,1748.20
3389,Jack Moore,jack.moore3389@shopmail.com,United Kingdom,2020-09-27,Standard,234.78
3390,Aarav Kim,aarav.kim3390@shopmail.com,Australia,2025-07-31,Standard,2224.82
3391,Jack Hall,jack.hall3391@shopmail.com,United States,2021-06-28,Standard,3915.75
3392,Leo Hall,leo.hall3392@shopmail.com,Ireland,2026-05-09,Standard,4167.04
3393,Mia Smith,mia.smith3393@shopmail.com,Ireland,2021-11-03,Standard,4580.59
3394,Grace Garcia,grace.garcia3394@shopmail.com,United States,2023-10-02,Standard,711.21
3395,Elijah Harris,elijah.harris3395@shopmail.com,United States,2025-07-21,Standard,4593.90
3396,Mason Taylor,mason.taylor3396@shopmail.com,United Kingdom,2020-06-06,Standard,3700.13
3397,Mateo Allen,mateo.allen3397@shopmail.com,Ireland,2024-03-07,Standard,1618.46
3398,Oliver Murphy,oliver.murphy3398@shopmail.com,Ireland,2025-08-14,Standard,968.22
3399,Isabella Allen,isabella.allen3399@shopmail.com,Singapore,2025-08-30,Standard,1312.54
3400,Jack Nakamura,jack.nakamura3400@shopmail.com,India,2022-03-16,Standard,2087.70
3401,Liam Rossi,liam.rossi3401@shopmail.com,Canada,2026-02-19,Standard,1392.93
3402,Henry Williams,henry.williams3402@shopmail.com,New Zealand,2023-09-24,Standard,85.99
3403,Hugo Jones,hugo.jones3403@shopmail.com,United States,2024-09-05,Standard,4459.43
3404,Eva Costa,eva.costa3404@shopmail.com,Australia,2023-07-14,Standard,4007.05
3405,Ethan Silva,ethan.silva3405@shopmail.com,New Zealand,2023-05-14,Standard,4279.26
3406,Liam Lee,liam.lee3406@shopmail.com,Singapore,2026-07-01,Standard,1219.88
3407,Aarav Smith,aarav.smith3407@shopmail.com,United States,2022-07-27,Standard,194.61
3408,Chloe Harris,chloe.harris3408@shopmail.com,United Kingdom,2020-01-10,Standard,2064.05
3409,Noah Lewis,noah.lewis3409@shopmail.com,United States,2026-02-16,Standard,4511.60
3410,Olivia Khan,olivia.khan3410@shopmail.com,Canada,2023-06-08,Standard,3690.72
3411,Emma Cohen,emma.cohen3411@shopmail.com,India,2022-05-24,Standard,2563.63
3412,Arjun Young,arjun.young3412@shopmail.com,Ireland,2021-04-19,Standard,4105.12
3413,Charlotte Dubois,charlotte.dubois3413@shopmail.com,Canada,2023-09-07,Standard,850.74
3414,Mason Smith,mason.smith3414@shopmail.com,Singapore,2024-10-25,Standard,382.45
3415,Harper Murphy,harper.murphy3415@shopmail.com,Australia,2021-02-11,Standard,623.41
3416,Aarav Thomas,aarav.thomas3416@shopmail.com,Singapore,2023-04-12,Standard,3224.69
3417,Grace Thomas,grace.thomas3417@shopmail.com,United Kingdom,2022-04-15,Standard,3499.98
3418,Mateo Miller,mateo.miller3418@shopmail.com,Ireland,2023-03-28,Standard,1485.56
3419,Maya Dubois,maya.dubois3419@shopmail.com,Singapore,2020-10-07,Standard,365.88
3420,Isabella Davis,isabella.davis3420@shopmail.com,Australia,2022-09-08,Standard,316.71
3421,Zara Taylor,zara.taylor3421@shopmail.com,Australia,2025-01-22,Standard,1620.14
3422,Isla Andersen,isla.andersen3422@shopmail.com,United States,2025-09-23,Standard,586.07
3423,Samuel Lewis,samuel.lewis3423@shopmail.com,Ireland,2020-12-07,Standard,1710.04
3424,Ava Patel,ava.patel3424@shopmail.com,Australia,2024-05-07,Standard,3871.69
3425,Maya Clark,maya.clark3425@shopmail.com,Canada,2020-03-15,Standard,4372.42
3426,Samuel Garcia,samuel.garcia3426@shopmail.com,Australia,2021-10-26,Standard,699.90
3427,Lucas Nakamura,lucas.nakamura3427@shopmail.com,Canada,2025-12-30,Standard,932.02
3428,Sofia Johnson,sofia.johnson3428@shopmail.com,United Kingdom,2024-05-13,Standard,3804.79
3429,Leo Miller,leo.miller3429@shopmail.com,Ireland,2025-09-29,Standard,3724.14
3430,Jack Martin,jack.martin3430@shopmail.com,Australia,2022-02-17,Standard,2981.16
3431,Ruby Jones,ruby.jones3431@shopmail.com,Canada,2022-07-17,Standard,4005.65
3432,Oscar Dubois,oscar.dubois3432@shopmail.com,Ireland,2025-02-18,Standard,1858.92
3433,Mateo Moore,mateo.moore3433@shopmail.com,Australia,2020-05-29,Standard,2173.97
3434,James Costa,james.costa3434@shopmail.com,United Kingdom,2020-03-11,Standard,4740.78
3435,Mateo Allen,mateo.allen3435@shopmail.com,United Kingdom,2020-01-31,Standard,4654.00
3436,Henry Garcia,henry.garcia3436@shopmail.com,Australia,2021-01-28,Standard,2854.31
3437,Arjun Davis,arjun.davis3437@shopmail.com,India,2021-07-10,Standard,2272.46
3438,Arjun Dubois,arjun.dubois3438@shopmail.com,Canada,2023-10-27,Standard,574.81
3439,Liam Hall,liam.hall3439@shopmail.com,Australia,2023-07-02,Standard,2577.99
3440,Leo Young,leo.young3440@shopmail.com,Australia,2021-03-12,Standard,263.58
3441,Yuki Wilson,yuki.wilson3441@shopmail.com,Canada,2022-11-23,Standard,3915.33
3442,Isabella Lewis,isabella.lewis3442@shopmail.com,United Kingdom,2024-08-14,Standard,4710.29
3443,Kai Nguyen,kai.nguyen3443@shopmail.com,Australia,2025-08-02,Standard,1480.25
3444,Yuki Singh,yuki.singh3444@shopmail.com,Australia,2020-04-17,Standard,4710.02
3445,Priya Taylor,priya.taylor3445@shopmail.com,Canada,2021-01-16,Standard,4173.62
3446,Kai Miller,kai.miller3446@shopmail.com,United Kingdom,2021-04-09,Standard,456.75
3447,Aarav Allen,aarav.allen3447@shopmail.com,United Kingdom,2021-05-21,Standard,876.57
3448,Amelia Garcia,amelia.garcia3448@shopmail.com,Australia,2020-07-20,Standard,1327.27
3449,Arjun Andersen,arjun.andersen3449@shopmail.com,Australia,2026-02-26,Standard,4489.00
3450,Maya Walker,maya.walker3450@shopmail.com,United States,2023-05-03,Standard,482.09
3451,Jack Williams,jack.williams3451@shopmail.com,New Zealand,2024-09-17,Standard,446.24
3452,Chen Lewis,chen.lewis3452@shopmail.com,Canada,2020-08-01,Standard,657.08
3453,Oliver Smith,oliver.smith3453@shopmail.com,Australia,2025-05-07,Standard,204.12
3454,Mateo Chen,mateo.chen3454@shopmail.com,United States,2021-03-13,Standard,1268.55
3455,Hugo Dubois,hugo.dubois3455@shopmail.com,Ireland,2022-10-11,Standard,393.64
3456,Lucas Taylor,lucas.taylor3456@shopmail.com,Singapore,2026-05-19,Standard,3363.35
3457,Oliver Johnson,oliver.johnson3457@shopmail.com,United States,2022-06-13,Standard,3497.99
3458,Elijah Thomas,elijah.thomas3458@shopmail.com,Canada,2025-09-18,Standard,1145.22
3459,Grace Smith,grace.smith3459@shopmail.com,Singapore,2025-11-12,Standard,4200.35
3460,Nina Moore,nina.moore3460@shopmail.com,United States,2026-02-20,Standard,1141.98
3461,Leo Martin,leo.martin3461@shopmail.com,India,2024-05-10,Standard,923.86
3462,Kai Young,kai.young3462@shopmail.com,United Kingdom,2021-07-11,Standard,1941.70
3463,Hugo Singh,hugo.singh3463@shopmail.com,India,2023-03-24,Standard,1292.93
3464,Samuel Davis,samuel.davis3464@shopmail.com,Canada,2024-09-17,Standard,1224.00
3465,Eva Cohen,eva.cohen3465@shopmail.com,Australia,2021-04-14,Standard,1946.62
3466,Mason Clark,mason.clark3466@shopmail.com,Canada,2021-06-09,Standard,2767.76
3467,Hugo Davis,hugo.davis3467@shopmail.com,Singapore,2022-10-16,Standard,635.75
3468,Liam Lee,liam.lee3468@shopmail.com,Australia,2020-07-09,Standard,3510.01
3469,Jack Wilson,jack.wilson3469@shopmail.com,Australia,2023-02-06,Standard,4605.12
3470,Nina Smith,nina.smith3470@shopmail.com,Singapore,2022-05-10,Standard,3442.74
3471,James Singh,james.singh3471@shopmail.com,Australia,2023-10-30,Standard,990.40
3472,Isabella Anderson,isabella.anderson3472@shopmail.com,Canada,2021-05-19,Standard,4170.25
3473,Priya Singh,priya.singh3473@shopmail.com,United Kingdom,2025-10-26,Standard,3265.51
3474,Chloe Moore,chloe.moore3474@shopmail.com,Singapore,2021-08-20,Standard,992.55
3475,Sofia Moore,sofia.moore3475@shopmail.com,Singapore,2022-09-21,Standard,2351.58
3476,Zara Kowalski,zara.kowalski3476@shopmail.com,Australia,2022-10-29,Standard,14.68
3477,Henry Thomas,henry.thomas3477@shopmail.com,Australia,2020-09-01,Standard,3591.96
3478,Kai Young,kai.young3478@shopmail.com,Australia,2024-08-20,Standard,530.00
3479,Wei Anderson,wei.anderson3479@shopmail.com,New Zealand,2023-02-18,Standard,849.89
3480,James Murphy,james.murphy3480@shopmail.com,Ireland,2025-12-09,Standard,313.42
3481,Henry Patel,henry.patel3481@shopmail.com,New Zealand,2022-07-07,Standard,2156.85
3482,Zara Murphy,zara.murphy3482@shopmail.com,United Kingdom,2023-01-09,Standard,770.20
3483,Ethan Silva,ethan.silva3483@shopmail.com,Australia,2020-03-11,Standard,3748.84
3484,Oscar Kim,oscar.kim3484@shopmail.com,Australia,2026-03-09,Standard,2446.55
3485,Isabella Davis,isabella.davis3485@shopmail.com,New Zealand,2024-02-27,Standard,2505.74
3486,Oliver Lewis,oliver.lewis3486@shopmail.com,Singapore,2025-10-16,Standard,3837.41
3487,Jack Johnson,jack.johnson3487@shopmail.com,Australia,2026-05-12,Standard,4594.34
3488,Oliver Harris,oliver.harris3488@shopmail.com,New Zealand,2022-10-29,Standard,3886.61
3489,Arjun Costa,arjun.costa3489@shopmail.com,Ireland,2025-12-10,Standard,4424.77
3490,Oscar Nakamura,oscar.nakamura3490@shopmail.com,Australia,2021-09-02,Standard,4601.38
3491,Priya Dubois,priya.dubois3491@shopmail.com,United Kingdom,2026-05-15,Standard,1638.22
3492,Ruby Moore,ruby.moore3492@shopmail.com,Australia,2021-03-20,Standard,3516.57
3493,Leo Clark,leo.clark3493@shopmail.com,Canada,2023-01-18,Standard,2813.72
3494,Jack Costa,jack.costa3494@shopmail.com,India,2024-01-01,Standard,461.23
3495,Ruby Moore,ruby.moore3495@shopmail.com,Australia,2023-08-23,Standard,219.86
3496,Chen Patel,chen.patel3496@shopmail.com,United States,2022-09-14,Standard,2555.93
3497,Oscar Lee,oscar.lee3497@shopmail.com,United Kingdom,2026-04-22,Standard,78.87
3498,Noah Miller,noah.miller3498@shopmail.com,India,2021-07-15,Standard,1110.26
3499,Liam Martin,liam.martin3499@shopmail.com,United States,2024-08-16,Standard,2567.91
3500,Noah Miller,noah.miller3500@shopmail.com,Singapore,2026-02-24,Standard,2118.15
3501,Elijah Lee,elijah.lee3501@shopmail.com,Canada,2022-05-28,Standard,1048.66
3502,Oliver Williams,oliver.williams3502@shopmail.com,New Zealand,2020-02-17,Standard,4407.38
3503,Grace Davis,grace.davis3503@shopmail.com,New Zealand,2026-08-08,Standard,4271.05
3504,Amelia Garcia,amelia.garcia3504@shopmail.com,United Kingdom,2022-08-27,Standard,2936.52
3505,Ava Clark,ava.clark3505@shopmail.com,Ireland,2026-01-08,Standard,3582.81
3506,Harper Williams,harper.williams3506@shopmail.com,United States,2023-02-08,Standard,2597.16
3507,James Cohen,james.cohen3507@shopmail.com,Australia,2024-08-13,Standard,4259.85
3508,Oliver Garcia,oliver.garcia3508@shopmail.com,United States,2026-07-15,Standard,1100.78
3509,Nina Lewis,nina.lewis3509@shopmail.com,Australia,2024-10-15,Standard,3342.62
3510,Sofia Silva,sofia.silva3510@shopmail.com,United States,2021-11-03,Standard,129.12
3511,Oliver Costa,oliver.costa3511@shopmail.com,Australia,2023-02-01,Standard,924.21
3512,Lucas Lee,lucas.lee3512@shopmail.com,Canada,2020-07-04,Standard,3515.71
3513,Mason Martin,mason.martin3513@shopmail.com,Australia,2021-06-27,Standard,1416.00
3514,Emma Silva,emma.silva3514@shopmail.com,Australia,2021-07-04,Standard,151.16
3515,Amelia Nguyen,amelia.nguyen3515@shopmail.com,Singapore,2023-05-12,Standard,4006.78
3516,Leo Anderson,leo.anderson3516@shopmail.com,Canada,2020-09-16,Standard,4001.37
3517,Lucas Murphy,lucas.murphy3517@shopmail.com,United Kingdom,2020-02-01,Standard,822.60
3518,Liam Andersen,liam.andersen3518@shopmail.com,Australia,2024-09-17,Standard,520.92
3519,Lucas Martin,lucas.martin3519@shopmail.com,Australia,2021-09-21,Standard,1992.25
3520,Leo Lee,leo.lee3520@shopmail.com,Canada,2021-11-11,Standard,1277.47
3521,Kai Dubois,kai.dubois3521@shopmail.com,Singapore,2025-12-14,Standard,4559.84
3522,Hugo Allen,hugo.allen3522@shopmail.com,United States,2021-10-06,Standard,3978.12
3523,Eva Andersen,eva.andersen3523@shopmail.com,Singapore,2026-05-12,Standard,1034.82
3524,Chloe Kowalski,chloe.kowalski3524@shopmail.com,Australia,2024-12-28,Standard,1340.04
3525,Aarav Martin,aarav.martin3525@shopmail.com,Canada,2020-03-23,Standard,942.09
3526,Wei Kim,wei.kim3526@shopmail.com,Ireland,2026-01-02,Standard,2231.37
3527,Ava Davis,ava.davis3527@shopmail.com,Ireland,2021-06-03,Standard,4323.99
3528,Ethan Andersen,ethan.andersen3528@shopmail.com,Australia,2026-04-13,Standard,2300.74
3529,Hugo Wilson,hugo.wilson3529@shopmail.com,Australia,2025-10-22,Standard,863.00
3530,Ethan Wilson,ethan.wilson3530@shopmail.com,Australia,2020-07-26,Standard,2440.40
3531,Eva Andersen,eva.andersen3531@shopmail.com,Australia,2022-09-16,Standard,2587.21
3532,Ava Allen,ava.allen3532@shopmail.com,United States,2026-01-10,Standard,448.98
3533,Aarav Allen,aarav.allen3533@shopmail.com,United States,2021-07-11,Standard,3974.93
3534,Liam Kowalski,liam.kowalski3534@shopmail.com,United States,2022-04-20,Standard,670.62
3535,Ethan Garcia,ethan.garcia3535@shopmail.com,United States,2021-08-28,Standard,2999.23
3536,Noah Kowalski,noah.kowalski3536@shopmail.com,Canada,2026-02-17,Standard,384.75
3537,Priya Rossi,priya.rossi3537@shopmail.com,Australia,2023-02-05,Standard,4765.21
3538,Chen Johnson,chen.johnson3538@shopmail.com,Australia,2020-02-17,Standard,3744.23
3539,Olivia Johnson,olivia.johnson3539@shopmail.com,Australia,2023-08-13,Standard,791.63
3540,Hugo Garcia,hugo.garcia3540@shopmail.com,Australia,2022-02-18,Standard,2307.74
3541,Oliver Silva,oliver.silva3541@shopmail.com,Ireland,2026-01-16,Standard,3108.23
3542,Emma Johnson,emma.johnson3542@shopmail.com,Canada,2021-09-05,Standard,4744.33
3543,Priya Kim,priya.kim3543@shopmail.com,Singapore,2021-04-16,Standard,3814.51
3544,Isla Young,isla.young3544@shopmail.com,Ireland,2023-04-11,Standard,1251.86
3545,Ava Andersen,ava.andersen3545@shopmail.com,Australia,2026-06-18,Standard,2592.06
3546,Wei Cohen,wei.cohen3546@shopmail.com,United States,2020-11-09,Standard,722.77
3547,Wei Khan,wei.khan3547@shopmail.com,India,2020-06-22,Standard,1507.75
3548,Ruby Williams,ruby.williams3548@shopmail.com,United States,2024-11-15,Standard,2243.10
3549,Liam Brown,liam.brown3549@shopmail.com,Australia,2022-12-06,Standard,4251.81
3550,Charlotte Patel,charlotte.patel3550@shopmail.com,Singapore,2023-10-30,Standard,425.71
3551,Kai Lewis,kai.lewis3551@shopmail.com,United States,2021-09-06,Standard,1944.88
3552,Nina Davis,nina.davis3552@shopmail.com,Australia,2024-08-18,Standard,716.51
3553,Zara Khan,zara.khan3553@shopmail.com,Australia,2023-08-10,Standard,1773.92
3554,Emma Nguyen,emma.nguyen3554@shopmail.com,New Zealand,2021-11-28,Standard,3768.67
3555,Charlotte Williams,charlotte.williams3555@shopmail.com,United States,2020-06-10,Standard,3000.08
3556,Emma Singh,emma.singh3556@shopmail.com,Australia,2022-09-11,Standard,1968.88
3557,Samuel Dubois,samuel.dubois3557@shopmail.com,United States,2023-12-25,Standard,3775.31
3558,Olivia Nakamura,olivia.nakamura3558@shopmail.com,Australia,2021-05-30,Standard,309.67
3559,Zara Brown,zara.brown3559@shopmail.com,Australia,2024-05-23,Standard,1213.51
3560,Kai Davis,kai.davis3560@shopmail.com,United States,2025-12-07,Standard,3544.83
3561,Aarav Clark,aarav.clark3561@shopmail.com,Singapore,2021-12-27,Standard,2627.89
3562,Ruby Cohen,ruby.cohen3562@shopmail.com,Australia,2025-10-13,Standard,930.51
3563,Mason Nakamura,mason.nakamura3563@shopmail.com,Singapore,2020-09-19,Standard,1918.60
3564,Harper Anderson,harper.anderson3564@shopmail.com,Singapore,2020-09-25,Standard,679.20
3565,Jack Young,jack.young3565@shopmail.com,Canada,2021-11-30,Standard,2504.27
3566,Yuki Singh,yuki.singh3566@shopmail.com,New Zealand,2021-10-11,Standard,99.40
3567,Grace Wilson,grace.wilson3567@shopmail.com,United Kingdom,2025-12-04,Standard,2068.27
3568,Oliver Walker,oliver.walker3568@shopmail.com,Ireland,2022-10-28,Standard,394.41
3569,Liam Kim,liam.kim3569@shopmail.com,New Zealand,2024-05-15,Standard,752.03
3570,Mateo Young,mateo.young3570@shopmail.com,Australia,2022-02-03,Standard,1935.74
3571,Ethan Nguyen,ethan.nguyen3571@shopmail.com,United Kingdom,2026-02-04,Standard,3279.28
3572,Wei Moore,wei.moore3572@shopmail.com,Canada,2020-04-05,Standard,3209.59
3573,Ruby Kim,ruby.kim3573@shopmail.com,New Zealand,2024-08-11,Standard,3802.05
3574,Wei Khan,wei.khan3574@shopmail.com,India,2025-12-12,Standard,2425.04
3575,Olivia Lee,olivia.lee3575@shopmail.com,Canada,2021-03-22,Standard,1768.18
3576,Arjun Khan,arjun.khan3576@shopmail.com,United States,2021-12-31,Standard,3986.00
3577,Zara Allen,zara.allen3577@shopmail.com,Canada,2021-07-03,Standard,2235.28
3578,Emma Allen,emma.allen3578@shopmail.com,Australia,2023-04-01,Standard,3296.77
3579,Emma Young,emma.young3579@shopmail.com,Australia,2022-04-18,Standard,4399.13
3580,Amelia Patel,amelia.patel3580@shopmail.com,Australia,2025-11-25,Standard,1237.04
3581,Priya Davis,priya.davis3581@shopmail.com,United Kingdom,2022-06-27,Standard,3872.18
3582,Oliver Garcia,oliver.garcia3582@shopmail.com,Australia,2025-02-05,Standard,2525.81
3583,Sophia Andersen,sophia.andersen3583@shopmail.com,Australia,2022-03-24,Standard,1157.26
3584,Ava Moore,ava.moore3584@shopmail.com,United States,2022-06-06,Standard,646.59
3585,Priya Lee,priya.lee3585@shopmail.com,Australia,2024-07-23,Standard,4103.10
3586,Noah Garcia,noah.garcia3586@shopmail.com,Ireland,2025-08-30,Standard,2384.00
3587,Priya Kim,priya.kim3587@shopmail.com,Australia,2025-03-06,Standard,4611.55
3588,Grace Dubois,grace.dubois3588@shopmail.com,Canada,2025-11-18,Standard,4280.75
3589,James Taylor,james.taylor3589@shopmail.com,Australia,2020-04-18,Standard,4786.86
3590,Olivia Miller,olivia.miller3590@shopmail.com,United Kingdom,2024-08-26,Standard,537.67
3591,Elijah Nakamura,elijah.nakamura3591@shopmail.com,Australia,2022-09-28,Standard,3304.30
3592,Chen Murphy,chen.murphy3592@shopmail.com,Singapore,2025-07-30,Standard,1266.66
3593,Wei Davis,wei.davis3593@shopmail.com,Canada,2024-08-28,Standard,4400.03
3594,Samuel Martin,samuel.martin3594@shopmail.com,United Kingdom,2024-02-15,Standard,2926.76
3595,Sofia Wilson,sofia.wilson3595@shopmail.com,Australia,2020-11-08,Standard,1493.89
3596,Noah Davis,noah.davis3596@shopmail.com,United States,2026-06-13,Standard,1376.81
3597,Maya Young,maya.young3597@shopmail.com,Australia,2022-08-05,Standard,1905.61
3598,Ruby Allen,ruby.allen3598@shopmail.com,Australia,2026-07-30,Standard,668.61
3599,Grace Moore,grace.moore3599@shopmail.com,Australia,2021-10-07,Standard,4519.68
3600,Eva Khan,eva.khan3600@shopmail.com,Australia,2020-10-28,Standard,1152.68
3601,Zara Allen,zara.allen3601@shopmail.com,United Kingdom,2024-09-09,Standard,368.37
3602,Aarav Williams,aarav.williams3602@shopmail.com,Canada,2023-04-19,Standard,624.25
3603,Maya Singh,maya.singh3603@shopmail.com,Canada,2020-06-24,Standard,3982.00
3604,Olivia Allen,olivia.allen3604@shopmail.com,Australia,2025-07-09,Standard,4490.84
3605,Leo Kowalski,leo.kowalski3605@shopmail.com,Ireland,2020-07-08,Standard,2492.83
3606,Oliver Davis,oliver.davis3606@shopmail.com,Canada,2021-06-11,Standard,2047.28
3607,Olivia Williams,olivia.williams3607@shopmail.com,Australia,2020-08-14,Standard,2497.23
3608,Amelia Nguyen,amelia.nguyen3608@shopmail.com,United Kingdom,2024-06-17,Standard,4245.79
3609,Ava Johnson,ava.johnson3609@shopmail.com,United Kingdom,2021-09-22,Standard,3287.56
3610,Noah Hall,noah.hall3610@shopmail.com,Canada,2022-05-21,Standard,479.74
3611,Mia Martin,mia.martin3611@shopmail.com,New Zealand,2023-10-26,Standard,1707.82
3612,Leo Khan,leo.khan3612@shopmail.com,United States,2022-01-21,Standard,2093.95
3613,Oliver Cohen,oliver.cohen3613@shopmail.com,Singapore,2025-06-10,Standard,2037.47
3614,Arjun Anderson,arjun.anderson3614@shopmail.com,India,2022-05-13,Standard,4722.82
3615,Aarav Young,aarav.young3615@shopmail.com,Canada,2020-06-14,Standard,555.98
3616,Yuki Dubois,yuki.dubois3616@shopmail.com,Australia,2025-12-01,Standard,4728.71
3617,Mason Allen,mason.allen3617@shopmail.com,New Zealand,2022-08-30,Standard,2289.06
3618,Arjun Nakamura,arjun.nakamura3618@shopmail.com,Australia,2024-07-26,Standard,221.38
3619,Ethan Nguyen,ethan.nguyen3619@shopmail.com,India,2021-05-23,Standard,256.32
3620,Mateo Silva,mateo.silva3620@shopmail.com,Canada,2020-03-14,Standard,2907.27
3621,Emma Khan,emma.khan3621@shopmail.com,United Kingdom,2026-05-01,Standard,2788.05
3622,Noah Young,noah.young3622@shopmail.com,New Zealand,2026-06-09,Standard,872.53
3623,Olivia Silva,olivia.silva3623@shopmail.com,New Zealand,2026-07-15,Standard,3875.16
3624,Jack Costa,jack.costa3624@shopmail.com,India,2024-09-19,Standard,3679.82
3625,Nina Kim,nina.kim3625@shopmail.com,Ireland,2023-04-29,Standard,3985.35
3626,Eva Rossi,eva.rossi3626@shopmail.com,Australia,2025-11-08,Standard,1418.63
3627,Maya Nguyen,maya.nguyen3627@shopmail.com,India,2024-04-22,Standard,3056.53
3628,Nina Harris,nina.harris3628@shopmail.com,Australia,2023-09-15,Standard,2713.63
3629,Wei Johnson,wei.johnson3629@shopmail.com,Ireland,2025-08-11,Standard,4259.22
3630,Nina Moore,nina.moore3630@shopmail.com,Australia,2022-02-18,Standard,520.10
3631,Ethan Young,ethan.young3631@shopmail.com,Ireland,2021-08-01,Standard,3726.09
3632,Leo Chen,leo.chen3632@shopmail.com,India,2026-04-12,Standard,4611.01
3633,Emma Singh,emma.singh3633@shopmail.com,India,2020-04-04,Standard,4752.11
3634,Ruby Anderson,ruby.anderson3634@shopmail.com,United Kingdom,2021-04-27,Standard,2194.47
3635,Grace Johnson,grace.johnson3635@shopmail.com,Singapore,2024-12-15,Standard,834.79
3636,Amelia Walker,amelia.walker3636@shopmail.com,United States,2022-07-23,Standard,2495.97
3637,Ethan Hall,ethan.hall3637@shopmail.com,Singapore,2024-01-21,Standard,3120.91
3638,Kai Wilson,kai.wilson3638@shopmail.com,Singapore,2026-04-17,Standard,3633.66
3639,Wei Smith,wei.smith3639@shopmail.com,United Kingdom,2024-07-27,Standard,4258.96
3640,Sophia Anderson,sophia.anderson3640@shopmail.com,Canada,2026-05-08,Standard,2928.03
3641,Chen Johnson,chen.johnson3641@shopmail.com,United States,2021-08-26,Standard,1949.91
3642,Sofia Andersen,sofia.andersen3642@shopmail.com,Singapore,2021-08-23,Standard,2083.90
3643,Zara Garcia,zara.garcia3643@shopmail.com,Ireland,2026-03-05,Standard,1835.68
3644,Charlotte Patel,charlotte.patel3644@shopmail.com,United Kingdom,2020-10-25,Standard,4432.61
3645,Amelia Smith,amelia.smith3645@shopmail.com,United States,2025-05-27,Standard,3881.96
3646,Oliver Anderson,oliver.anderson3646@shopmail.com,Ireland,2022-02-18,Standard,3874.72
3647,Priya Costa,priya.costa3647@shopmail.com,United Kingdom,2021-05-07,Standard,1209.27
3648,Mason Lewis,mason.lewis3648@shopmail.com,United Kingdom,2026-01-26,Standard,714.97
3649,Hugo Walker,hugo.walker3649@shopmail.com,United States,2023-01-18,Standard,3005.00
3650,Liam Johnson,liam.johnson3650@shopmail.com,Australia,2025-05-13,Standard,3611.20
3651,James Smith,james.smith3651@shopmail.com,Singapore,2025-10-05,Standard,2084.39
3652,Jack Kim,jack.kim3652@shopmail.com,Australia,2020-08-13,Standard,560.56
3653,Charlotte Khan,charlotte.khan3653@shopmail.com,Australia,2020-11-03,Standard,389.83
3654,Mason Allen,mason.allen3654@shopmail.com,Australia,2020-07-15,Standard,4537.65
3655,Charlotte Nakamura,charlotte.nakamura3655@shopmail.com,Australia,2023-02-17,Standard,384.50
3656,Eva Jones,eva.jones3656@shopmail.com,Canada,2023-08-09,Standard,260.75
3657,Grace Taylor,grace.taylor3657@shopmail.com,Singapore,2025-11-07,Standard,940.32
3658,Hugo Silva,hugo.silva3658@shopmail.com,Singapore,2024-08-11,Standard,3009.49
3659,Emma Nguyen,emma.nguyen3659@shopmail.com,Australia,2023-02-20,Standard,1296.58
3660,Oscar Silva,oscar.silva3660@shopmail.com,United States,2023-02-27,Standard,1875.54
3661,Emma Silva,emma.silva3661@shopmail.com,Australia,2024-07-09,Standard,3662.24
3662,Grace Wilson,grace.wilson3662@shopmail.com,India,2021-07-15,Standard,1653.84
3663,Arjun Garcia,arjun.garcia3663@shopmail.com,Canada,2025-07-08,Standard,3479.94
3664,Ruby Kim,ruby.kim3664@shopmail.com,Australia,2021-10-21,Standard,2714.02
3665,Eva Jones,eva.jones3665@shopmail.com,Ireland,2022-12-15,Standard,109.13
3666,Kai Andersen,kai.andersen3666@shopmail.com,New Zealand,2020-10-02,Standard,4657.43
3667,Mason Moore,mason.moore3667@shopmail.com,United States,2022-08-08,Standard,428.10
3668,Elijah Hall,elijah.hall3668@shopmail.com,United Kingdom,2021-12-02,Standard,972.57
3669,Jack Miller,jack.miller3669@shopmail.com,United States,2026-02-09,Standard,4450.40
3670,Henry Smith,henry.smith3670@shopmail.com,Australia,2021-11-03,Standard,3254.56
3671,Ava Thomas,ava.thomas3671@shopmail.com,Australia,2024-04-04,Standard,540.58
3672,Leo Harris,leo.harris3672@shopmail.com,United States,2023-07-25,Standard,635.31
3673,Oscar Andersen,oscar.andersen3673@shopmail.com,India,2023-11-13,Standard,1804.71
3674,Mason Martin,mason.martin3674@shopmail.com,United States,2020-10-31,Standard,4278.72
3675,Maya Young,maya.young3675@shopmail.com,New Zealand,2022-12-19,Standard,2844.26
3676,Lucas Hall,lucas.hall3676@shopmail.com,Australia,2021-07-30,Standard,4147.79
3677,Wei Khan,wei.khan3677@shopmail.com,Australia,2021-01-22,Standard,2069.57
3678,Wei Brown,wei.brown3678@shopmail.com,Australia,2025-01-24,Standard,983.47
3679,Aarav Miller,aarav.miller3679@shopmail.com,United Kingdom,2025-04-10,Standard,2564.07
3680,Isabella Rossi,isabella.rossi3680@shopmail.com,Canada,2025-08-08,Standard,3202.93
3681,Lucas Taylor,lucas.taylor3681@shopmail.com,Australia,2020-02-27,Standard,4003.00
3682,Ava Cohen,ava.cohen3682@shopmail.com,India,2026-01-05,Standard,3971.15
3683,Oliver Moore,oliver.moore3683@shopmail.com,New Zealand,2025-10-28,Standard,4466.81
3684,Grace Thomas,grace.thomas3684@shopmail.com,India,2026-02-14,Standard,1632.66
3685,Oscar Silva,oscar.silva3685@shopmail.com,Australia,2024-10-10,Standard,4159.60
3686,Ethan Andersen,ethan.andersen3686@shopmail.com,Australia,2021-04-15,Standard,4070.77
3687,Mia Andersen,mia.andersen3687@shopmail.com,Singapore,2023-07-28,Standard,1960.44
3688,Chen Lee,chen.lee3688@shopmail.com,India,2025-01-15,Standard,4606.88
3689,Olivia Cohen,olivia.cohen3689@shopmail.com,Ireland,2026-08-07,Standard,2614.07
3690,Leo Chen,leo.chen3690@shopmail.com,Singapore,2021-05-02,Standard,2177.15
3691,Emma Chen,emma.chen3691@shopmail.com,United States,2022-08-24,Standard,4321.50
3692,Kai Anderson,kai.anderson3692@shopmail.com,Ireland,2020-03-04,Standard,1752.41
3693,James Kim,james.kim3693@shopmail.com,United States,2021-08-11,Standard,404.89
3694,Lucas Taylor,lucas.taylor3694@shopmail.com,Australia,2023-12-01,Standard,1573.87
3695,Lucas Garcia,lucas.garcia3695@shopmail.com,United Kingdom,2024-02-08,Standard,71.19
3696,Chen Andersen,chen.andersen3696@shopmail.com,United States,2021-03-05,Standard,3296.39
3697,Jack Costa,jack.costa3697@shopmail.com,Australia,2020-10-25,Standard,2509.62
3698,Mia Jones,mia.jones3698@shopmail.com,India,2021-07-22,Standard,1571.48
3699,Jack Rossi,jack.rossi3699@shopmail.com,Ireland,2020-06-10,Standard,2676.13
3700,Maya Lewis,maya.lewis3700@shopmail.com,Australia,2024-10-27,Standard,2992.50
3701,Maya Young,maya.young3701@shopmail.com,Ireland,2026-02-17,Standard,4166.77
3702,Lucas Wilson,lucas.wilson3702@shopmail.com,Australia,2023-09-17,Standard,3832.25
3703,Eva Lee,eva.lee3703@shopmail.com,Singapore,2026-01-30,Standard,2079.12
3704,Eva Clark,eva.clark3704@shopmail.com,United States,2023-04-10,Standard,3112.18
3705,Yuki Allen,yuki.allen3705@shopmail.com,Canada,2025-09-28,Standard,2657.00
3706,Noah Garcia,noah.garcia3706@shopmail.com,New Zealand,2023-11-21,Standard,2168.95
3707,Maya Khan,maya.khan3707@shopmail.com,United States,2020-05-26,Standard,3337.35
3708,Chloe Garcia,chloe.garcia3708@shopmail.com,United Kingdom,2022-01-03,Standard,1129.35
3709,Maya Chen,maya.chen3709@shopmail.com,United States,2024-05-18,Standard,2292.49
3710,Maya Taylor,maya.taylor3710@shopmail.com,Australia,2025-01-25,Standard,1319.52
3711,Noah Jones,noah.jones3711@shopmail.com,Canada,2025-03-04,Standard,2375.51
3712,Maya Cohen,maya.cohen3712@shopmail.com,United Kingdom,2026-01-28,Standard,719.60
3713,Samuel Costa,samuel.costa3713@shopmail.com,United Kingdom,2025-09-02,Standard,2386.69
3714,Isabella Wilson,isabella.wilson3714@shopmail.com,United Kingdom,2025-10-15,Standard,2768.66
3715,Oscar Williams,oscar.williams3715@shopmail.com,Ireland,2025-12-19,Standard,1527.62
3716,Kai Smith,kai.smith3716@shopmail.com,United Kingdom,2022-02-01,Standard,3275.23
3717,Harper Nguyen,harper.nguyen3717@shopmail.com,Australia,2023-01-08,Standard,4238.50
3718,Mateo Kim,mateo.kim3718@shopmail.com,United Kingdom,2023-09-21,Standard,3290.94
3719,Nina Williams,nina.williams3719@shopmail.com,Australia,2021-05-26,Standard,806.01
3720,Maya Taylor,maya.taylor3720@shopmail.com,Ireland,2023-11-04,Standard,4091.91
3721,Zara Clark,zara.clark3721@shopmail.com,Australia,2025-11-14,Standard,1887.23
3722,Hugo Chen,hugo.chen3722@shopmail.com,Australia,2021-07-28,Standard,1694.50
3723,Samuel Young,samuel.young3723@shopmail.com,Australia,2022-10-07,Standard,3042.96
3724,Elijah Andersen,elijah.andersen3724@shopmail.com,Canada,2026-06-17,Standard,4064.37
3725,Jack Lee,jack.lee3725@shopmail.com,Australia,2026-02-15,Standard,4610.28
3726,Nina Miller,nina.miller3726@shopmail.com,United Kingdom,2024-07-16,Standard,789.22
3727,Ava Hall,ava.hall3727@shopmail.com,Australia,2025-12-23,Standard,3655.19
3728,Ruby Taylor,ruby.taylor3728@shopmail.com,United Kingdom,2024-05-12,Standard,804.86
3729,Nina Thomas,nina.thomas3729@shopmail.com,United Kingdom,2026-08-10,Standard,1063.93
3730,Ethan Allen,ethan.allen3730@shopmail.com,United States,2024-02-24,Standard,490.66
3731,Isla Miller,isla.miller3731@shopmail.com,United States,2024-05-21,Standard,1772.31
3732,Olivia Cohen,olivia.cohen3732@shopmail.com,United States,2022-12-12,Standard,4590.04
3733,Arjun Hall,arjun.hall3733@shopmail.com,Australia,2023-08-05,Standard,3628.74
3734,Wei Clark,wei.clark3734@shopmail.com,Australia,2020-02-01,Standard,931.97
3735,Samuel Davis,samuel.davis3735@shopmail.com,Singapore,2025-09-29,Standard,3956.78
3736,Noah Davis,noah.davis3736@shopmail.com,United States,2025-06-06,Standard,791.11
3737,Mason Nakamura,mason.nakamura3737@shopmail.com,Canada,2023-09-28,Standard,2793.49
3738,Zara Williams,zara.williams3738@shopmail.com,Australia,2024-01-31,Standard,1008.89
3739,Yuki Garcia,yuki.garcia3739@shopmail.com,United Kingdom,2023-04-17,Standard,2177.65
3740,Priya Hall,priya.hall3740@shopmail.com,Australia,2021-03-15,Standard,1039.66
3741,Mia Nguyen,mia.nguyen3741@shopmail.com,India,2022-05-28,Standard,3924.19
3742,Ruby Nakamura,ruby.nakamura3742@shopmail.com,Australia,2022-09-02,Standard,3834.26
3743,Chloe Hall,chloe.hall3743@shopmail.com,Australia,2020-03-06,Standard,4607.04
3744,Zara Anderson,zara.anderson3744@shopmail.com,Canada,2021-03-22,Standard,1360.70
3745,Ava Williams,ava.williams3745@shopmail.com,Ireland,2023-12-20,Standard,851.16
3746,Charlotte Nakamura,charlotte.nakamura3746@shopmail.com,Australia,2025-11-15,Standard,2269.86
3747,Emma Wilson,emma.wilson3747@shopmail.com,Ireland,2025-05-11,Standard,32.29
3748,Mateo Wilson,mateo.wilson3748@shopmail.com,Australia,2025-10-07,Standard,2528.56
3749,Sofia Chen,sofia.chen3749@shopmail.com,Australia,2021-07-14,Standard,4488.84
3750,Arjun Kowalski,arjun.kowalski3750@shopmail.com,United Kingdom,2020-08-27,Standard,4586.62
3751,Hugo Khan,hugo.khan3751@shopmail.com,United Kingdom,2025-01-16,Standard,2586.79
3752,Zara Walker,zara.walker3752@shopmail.com,Australia,2021-07-20,Standard,2365.02
3753,Chen Khan,chen.khan3753@shopmail.com,United Kingdom,2023-02-19,Standard,2598.48
3754,Chen Kowalski,chen.kowalski3754@shopmail.com,United Kingdom,2023-07-23,Standard,3780.52
3755,Samuel Young,samuel.young3755@shopmail.com,Australia,2025-08-18,Standard,618.70
3756,Samuel Davis,samuel.davis3756@shopmail.com,Australia,2024-10-19,Standard,4729.85
3757,Olivia Wilson,olivia.wilson3757@shopmail.com,Australia,2020-06-10,Standard,205.80
3758,Yuki Nguyen,yuki.nguyen3758@shopmail.com,Singapore,2022-07-29,Standard,2814.39
3759,Ethan Jones,ethan.jones3759@shopmail.com,Australia,2021-06-21,Standard,3084.72
3760,Sophia Hall,sophia.hall3760@shopmail.com,United Kingdom,2020-10-10,Standard,1000.05
3761,Priya Allen,priya.allen3761@shopmail.com,United States,2020-05-18,Standard,2504.58
3762,Leo Dubois,leo.dubois3762@shopmail.com,Canada,2022-01-16,Standard,3273.58
3763,Wei Walker,wei.walker3763@shopmail.com,New Zealand,2025-10-30,Standard,2519.00
3764,Charlotte Kim,charlotte.kim3764@shopmail.com,India,2025-07-02,Standard,691.55
3765,Ethan Kowalski,ethan.kowalski3765@shopmail.com,United States,2024-12-11,Standard,3452.93
3766,Wei Singh,wei.singh3766@shopmail.com,Australia,2020-01-27,Standard,622.74
3767,Isla Thomas,isla.thomas3767@shopmail.com,United Kingdom,2023-03-25,Standard,1003.92
3768,Noah Nakamura,noah.nakamura3768@shopmail.com,Australia,2021-12-09,Standard,3396.32
3769,Oliver Wilson,oliver.wilson3769@shopmail.com,Australia,2020-09-14,Standard,606.22
3770,Eva Anderson,eva.anderson3770@shopmail.com,Singapore,2020-01-30,Standard,3009.18
3771,Samuel Garcia,samuel.garcia3771@shopmail.com,Australia,2024-03-24,Standard,3543.82
3772,Ava Nakamura,ava.nakamura3772@shopmail.com,Australia,2024-08-28,Standard,1259.47
3773,Lucas Martin,lucas.martin3773@shopmail.com,Canada,2026-03-14,Standard,2223.29
3774,Olivia Andersen,olivia.andersen3774@shopmail.com,Australia,2025-04-15,Standard,1939.32
3775,Ava Rossi,ava.rossi3775@shopmail.com,Australia,2022-01-10,Standard,4319.29
3776,Ruby Rossi,ruby.rossi3776@shopmail.com,United Kingdom,2022-12-02,Standard,3584.77
3777,Mateo Dubois,mateo.dubois3777@shopmail.com,Singapore,2022-12-24,Standard,2322.40
3778,Charlotte Anderson,charlotte.anderson3778@shopmail.com,India,2020-05-13,Standard,1562.08
3779,Samuel Garcia,samuel.garcia3779@shopmail.com,United States,2025-01-31,Standard,1835.58
3780,Arjun Harris,arjun.harris3780@shopmail.com,Canada,2021-02-22,Standard,1883.98
3781,Arjun Taylor,arjun.taylor3781@shopmail.com,Canada,2024-12-05,Standard,4609.68
3782,Ruby Taylor,ruby.taylor3782@shopmail.com,Australia,2025-02-15,Standard,3299.92
3783,Mason Silva,mason.silva3783@shopmail.com,Ireland,2022-06-08,Standard,4443.82
3784,Hugo Taylor,hugo.taylor3784@shopmail.com,Australia,2023-08-27,Standard,872.59
3785,Isabella Costa,isabella.costa3785@shopmail.com,India,2022-05-26,Standard,3556.77
3786,Lucas Miller,lucas.miller3786@shopmail.com,Canada,2024-10-15,Standard,3837.13
3787,Hugo Jones,hugo.jones3787@shopmail.com,Singapore,2023-05-26,Standard,1134.11
3788,Arjun Anderson,arjun.anderson3788@shopmail.com,Australia,2021-11-13,Standard,1560.49
3789,Mateo Harris,mateo.harris3789@shopmail.com,Ireland,2026-06-23,Standard,4107.36
3790,Maya Martin,maya.martin3790@shopmail.com,United Kingdom,2026-03-27,Standard,4510.54
3791,Zara Singh,zara.singh3791@shopmail.com,Australia,2025-06-26,Standard,3478.97
3792,Henry Cohen,henry.cohen3792@shopmail.com,Australia,2021-10-23,Standard,3879.56
3793,Wei Harris,wei.harris3793@shopmail.com,Australia,2026-05-27,Standard,1596.60
3794,Aarav Costa,aarav.costa3794@shopmail.com,Ireland,2025-08-02,Standard,2933.82
3795,Sophia Taylor,sophia.taylor3795@shopmail.com,United States,2026-07-12,Standard,2106.22
3796,Mia Costa,mia.costa3796@shopmail.com,Australia,2024-12-07,Standard,335.44
3797,Emma Allen,emma.allen3797@shopmail.com,Australia,2025-04-03,Standard,3646.78
3798,Oscar Davis,oscar.davis3798@shopmail.com,Australia,2025-07-01,Standard,3398.01
3799,Priya Wilson,priya.wilson3799@shopmail.com,India,2026-04-05,Standard,4539.86
3800,Kai Harris,kai.harris3800@shopmail.com,Australia,2021-09-03,Standard,134.78
3801,Oliver Wilson,oliver.wilson3801@shopmail.com,Ireland,2024-02-01,Standard,1906.23
3802,Emma Dubois,emma.dubois3802@shopmail.com,Australia,2021-12-10,Standard,180.75
3803,Liam Clark,liam.clark3803@shopmail.com,Ireland,2026-03-20,Standard,2346.94
3804,Henry Nakamura,henry.nakamura3804@shopmail.com,United States,2025-09-03,Standard,4145.39
3805,Chloe Patel,chloe.patel3805@shopmail.com,Singapore,2022-05-12,Standard,3327.93
3806,Mateo Khan,mateo.khan3806@shopmail.com,United Kingdom,2022-01-26,Standard,1136.62
3807,Maya Chen,maya.chen3807@shopmail.com,Australia,2020-06-14,Standard,969.58
3808,Zara Walker,zara.walker3808@shopmail.com,Australia,2024-05-07,Standard,3097.95
3809,Nina Costa,nina.costa3809@shopmail.com,United Kingdom,2021-03-24,Standard,2209.03
3810,Sofia Thomas,sofia.thomas3810@shopmail.com,Australia,2026-05-25,Standard,4312.99
3811,Ava Johnson,ava.johnson3811@shopmail.com,Ireland,2021-09-03,Standard,3085.98
3812,Lucas Patel,lucas.patel3812@shopmail.com,Singapore,2020-04-08,Standard,443.88
3813,Mason Murphy,mason.murphy3813@shopmail.com,New Zealand,2025-09-25,Standard,925.69
3814,Samuel Moore,samuel.moore3814@shopmail.com,Australia,2026-06-19,Standard,1994.81
3815,Ruby Garcia,ruby.garcia3815@shopmail.com,Australia,2025-08-09,Standard,446.06
3816,Sophia Anderson,sophia.anderson3816@shopmail.com,United Kingdom,2020-07-17,Standard,3039.80
3817,Isabella Davis,isabella.davis3817@shopmail.com,Australia,2021-10-06,Standard,566.78
3818,Henry Singh,henry.singh3818@shopmail.com,United States,2021-07-25,Standard,256.82
3819,Eva Garcia,eva.garcia3819@shopmail.com,Australia,2021-04-06,Standard,1836.39
3820,Oliver Wilson,oliver.wilson3820@shopmail.com,Australia,2020-06-20,Standard,580.59
3821,Liam Silva,liam.silva3821@shopmail.com,Australia,2023-11-05,Standard,3176.24
3822,Kai Silva,kai.silva3822@shopmail.com,Australia,2022-03-21,Standard,4442.32
3823,Amelia Williams,amelia.williams3823@shopmail.com,New Zealand,2026-05-31,Standard,923.73
3824,Charlotte Allen,charlotte.allen3824@shopmail.com,Australia,2026-01-05,Standard,64.36
3825,Mia Rossi,mia.rossi3825@shopmail.com,Singapore,2023-05-19,Standard,3727.91
3826,Oliver Anderson,oliver.anderson3826@shopmail.com,Ireland,2023-03-01,Standard,845.46
3827,Ava Young,ava.young3827@shopmail.com,Australia,2026-04-06,Standard,3278.60
3828,Kai Wilson,kai.wilson3828@shopmail.com,United Kingdom,2020-02-05,Standard,2766.86
3829,Priya Wilson,priya.wilson3829@shopmail.com,Australia,2023-03-20,Standard,1802.77
3830,Olivia Moore,olivia.moore3830@shopmail.com,Canada,2024-02-11,Standard,4773.92
3831,Sofia Kim,sofia.kim3831@shopmail.com,Ireland,2020-09-27,Standard,3890.23
3832,James Martin,james.martin3832@shopmail.com,Canada,2026-05-19,Standard,2861.77
3833,Elijah Cohen,elijah.cohen3833@shopmail.com,Australia,2021-02-02,Standard,1098.54
3834,Henry Davis,henry.davis3834@shopmail.com,Australia,2023-02-02,Standard,915.63
3835,Sofia Dubois,sofia.dubois3835@shopmail.com,United Kingdom,2026-01-19,Standard,1760.11
3836,Yuki Wilson,yuki.wilson3836@shopmail.com,Australia,2020-04-20,Standard,1244.91
3837,Noah Anderson,noah.anderson3837@shopmail.com,Australia,2021-07-30,Standard,4752.48
3838,Emma Kowalski,emma.kowalski3838@shopmail.com,Australia,2024-01-22,Standard,2948.41
3839,Ruby Lee,ruby.lee3839@shopmail.com,United States,2025-07-19,Standard,1334.07
3840,Lucas Brown,lucas.brown3840@shopmail.com,United States,2020-12-15,Standard,2069.87
3841,Hugo Johnson,hugo.johnson3841@shopmail.com,United Kingdom,2022-07-23,Standard,623.94
3842,Wei Nakamura,wei.nakamura3842@shopmail.com,Singapore,2021-03-14,Standard,1643.47
3843,Aarav Thomas,aarav.thomas3843@shopmail.com,Singapore,2020-02-01,Standard,1064.82
3844,Wei Williams,wei.williams3844@shopmail.com,Australia,2020-08-28,Standard,598.53
3845,Samuel Nguyen,samuel.nguyen3845@shopmail.com,United Kingdom,2025-07-26,Standard,2709.26
3846,Chloe Nguyen,chloe.nguyen3846@shopmail.com,United Kingdom,2023-06-16,Standard,2989.95
3847,Mateo Silva,mateo.silva3847@shopmail.com,India,2023-11-26,Standard,1785.46
3848,Leo Taylor,leo.taylor3848@shopmail.com,Australia,2022-10-26,Standard,2301.94
3849,Oliver Wilson,oliver.wilson3849@shopmail.com,Ireland,2022-10-25,Standard,2216.38
3850,James Davis,james.davis3850@shopmail.com,Australia,2026-03-23,Standard,285.11
3851,Sophia Khan,sophia.khan3851@shopmail.com,Australia,2020-06-07,Standard,994.65
3852,Grace Dubois,grace.dubois3852@shopmail.com,Australia,2021-02-15,Standard,2156.76
3853,Zara Garcia,zara.garcia3853@shopmail.com,United States,2021-10-25,Standard,2034.27
3854,Liam Andersen,liam.andersen3854@shopmail.com,Australia,2025-10-18,Standard,467.66
3855,Mateo Silva,mateo.silva3855@shopmail.com,Australia,2021-08-29,Standard,2845.19
3856,Oliver Allen,oliver.allen3856@shopmail.com,Canada,2020-09-06,Standard,2224.59
3857,Mason Khan,mason.khan3857@shopmail.com,Australia,2024-07-31,Standard,2174.22
3858,Harper Brown,harper.brown3858@shopmail.com,United States,2022-07-27,Standard,1594.27
3859,Emma Young,emma.young3859@shopmail.com,United Kingdom,2025-12-13,Standard,4578.66
3860,Oscar Walker,oscar.walker3860@shopmail.com,Australia,2024-06-28,Standard,839.91
3861,Mason Johnson,mason.johnson3861@shopmail.com,Australia,2026-05-03,Standard,2088.46
3862,Sofia Andersen,sofia.andersen3862@shopmail.com,United States,2023-12-26,Standard,2144.74
3863,Leo Clark,leo.clark3863@shopmail.com,United States,2020-05-01,Standard,981.90
3864,Arjun Smith,arjun.smith3864@shopmail.com,United Kingdom,2022-03-25,Standard,4798.84
3865,Mason Chen,mason.chen3865@shopmail.com,Australia,2024-12-05,Standard,4425.45
3866,Leo Chen,leo.chen3866@shopmail.com,United Kingdom,2021-09-01,Standard,378.88
3867,Hugo Jones,hugo.jones3867@shopmail.com,United States,2022-09-12,Standard,3987.33
3868,Ruby Johnson,ruby.johnson3868@shopmail.com,Australia,2020-08-23,Standard,4703.15
3869,Jack Singh,jack.singh3869@shopmail.com,United Kingdom,2021-02-14,Standard,1490.89
3870,Chen Johnson,chen.johnson3870@shopmail.com,Ireland,2020-10-04,Standard,3816.50
3871,Emma Silva,emma.silva3871@shopmail.com,India,2025-06-12,Standard,3199.38
3872,Sophia Clark,sophia.clark3872@shopmail.com,Australia,2020-03-21,Standard,3595.31
3873,Aarav Harris,aarav.harris3873@shopmail.com,United States,2026-03-11,Standard,326.13
3874,Nina Lewis,nina.lewis3874@shopmail.com,India,2020-01-13,Standard,1512.23
3875,Noah Hall,noah.hall3875@shopmail.com,Ireland,2021-12-06,Standard,203.03
3876,Samuel Khan,samuel.khan3876@shopmail.com,Australia,2026-08-12,Standard,1428.62
3877,Eva Cohen,eva.cohen3877@shopmail.com,United Kingdom,2025-12-07,Standard,4750.55
3878,Ethan Jones,ethan.jones3878@shopmail.com,Australia,2025-03-12,Standard,2833.52
3879,Sophia Singh,sophia.singh3879@shopmail.com,United Kingdom,2026-03-29,Standard,3599.55
3880,Oliver Singh,oliver.singh3880@shopmail.com,United Kingdom,2021-02-11,Standard,712.51
3881,Oscar Young,oscar.young3881@shopmail.com,Australia,2025-06-09,Standard,2303.48
3882,Zara Harris,zara.harris3882@shopmail.com,Australia,2021-12-14,Standard,3658.54
3883,Leo Taylor,leo.taylor3883@shopmail.com,Australia,2025-10-12,Standard,3214.71
3884,Eva Young,eva.young3884@shopmail.com,India,2026-05-17,Standard,4377.45
3885,Samuel Silva,samuel.silva3885@shopmail.com,Ireland,2020-03-01,Standard,321.58
3886,Aarav Thomas,aarav.thomas3886@shopmail.com,United Kingdom,2021-07-25,Standard,126.27
3887,Henry Brown,henry.brown3887@shopmail.com,United States,2025-03-02,Standard,3935.11
3888,Maya Thomas,maya.thomas3888@shopmail.com,Australia,2020-12-30,Standard,1971.56
3889,Lucas Johnson,lucas.johnson3889@shopmail.com,Singapore,2022-11-28,Standard,456.37
3890,Maya Garcia,maya.garcia3890@shopmail.com,Australia,2024-02-21,Standard,3284.86
3891,Samuel Costa,samuel.costa3891@shopmail.com,United States,2025-08-28,Standard,4247.76
3892,Hugo Silva,hugo.silva3892@shopmail.com,Australia,2021-04-03,Standard,400.80
3893,Chloe Johnson,chloe.johnson3893@shopmail.com,Canada,2026-01-10,Standard,2417.52
3894,Hugo Young,hugo.young3894@shopmail.com,Singapore,2025-09-12,Standard,146.57
3895,Noah Andersen,noah.andersen3895@shopmail.com,United Kingdom,2022-12-01,Standard,1459.75
3896,Elijah Thomas,elijah.thomas3896@shopmail.com,Ireland,2021-05-07,Standard,2166.20
3897,Sofia Nakamura,sofia.nakamura3897@shopmail.com,United States,2022-08-12,Standard,2741.22
3898,Chloe Khan,chloe.khan3898@shopmail.com,United Kingdom,2024-11-27,Standard,4476.03
3899,Maya Taylor,maya.taylor3899@shopmail.com,Australia,2020-04-15,Standard,1245.60
3900,Liam Singh,liam.singh3900@shopmail.com,United States,2023-08-04,Standard,2271.72
3901,Ava Taylor,ava.taylor3901@shopmail.com,Australia,2024-04-06,Standard,2704.46
3902,Yuki Chen,yuki.chen3902@shopmail.com,Australia,2020-12-10,Standard,4483.91
3903,Isla Cohen,isla.cohen3903@shopmail.com,Singapore,2023-01-12,Standard,3799.02
3904,Eva Kowalski,eva.kowalski3904@shopmail.com,United States,2025-08-29,Standard,722.10
3905,Jack Murphy,jack.murphy3905@shopmail.com,Singapore,2020-07-23,Standard,1282.25
3906,Hugo Patel,hugo.patel3906@shopmail.com,Australia,2021-04-27,Standard,1241.53
3907,Ava Kowalski,ava.kowalski3907@shopmail.com,Australia,2023-12-23,Standard,2050.32
3908,Oscar Dubois,oscar.dubois3908@shopmail.com,Singapore,2022-10-13,Standard,849.74
3909,Wei Dubois,wei.dubois3909@shopmail.com,United States,2022-07-07,Standard,1599.87
3910,Charlotte Patel,charlotte.patel3910@shopmail.com,Australia,2025-02-28,Standard,2788.96
3911,Jack Taylor,jack.taylor3911@shopmail.com,New Zealand,2020-07-04,Standard,4246.88
3912,Grace Young,grace.young3912@shopmail.com,India,2024-03-21,Standard,1841.91
3913,Harper Clark,harper.clark3913@shopmail.com,India,2024-10-24,Standard,122.98
3914,Chloe Khan,chloe.khan3914@shopmail.com,New Zealand,2021-09-13,Standard,310.85
3915,James Anderson,james.anderson3915@shopmail.com,United States,2023-10-16,Standard,490.61
3916,Isabella Thomas,isabella.thomas3916@shopmail.com,United Kingdom,2026-07-03,Standard,3648.24
3917,Grace Lewis,grace.lewis3917@shopmail.com,United States,2026-02-17,Standard,600.28
3918,Isla Costa,isla.costa3918@shopmail.com,Ireland,2022-06-28,Standard,1276.41
3919,Jack Andersen,jack.andersen3919@shopmail.com,Canada,2025-08-17,Standard,1094.17
3920,Liam Kowalski,liam.kowalski3920@shopmail.com,Australia,2022-11-24,Standard,1896.90
3921,Isabella Nakamura,isabella.nakamura3921@shopmail.com,United States,2026-06-16,Standard,327.12
3922,Olivia Jones,olivia.jones3922@shopmail.com,Australia,2023-05-13,Standard,354.49
3923,Sophia Harris,sophia.harris3923@shopmail.com,United Kingdom,2021-10-30,Standard,4793.18
3924,Amelia Singh,amelia.singh3924@shopmail.com,Australia,2022-08-10,Standard,1024.05
3925,Grace Smith,grace.smith3925@shopmail.com,United Kingdom,2022-02-03,Standard,4708.86
3926,Liam Clark,liam.clark3926@shopmail.com,United Kingdom,2026-03-28,Standard,2453.01
3927,Jack Allen,jack.allen3927@shopmail.com,Ireland,2020-03-30,Standard,4368.05
3928,Mateo Lewis,mateo.lewis3928@shopmail.com,Ireland,2023-05-22,Standard,2378.84
3929,Aarav Davis,aarav.davis3929@shopmail.com,India,2021-02-02,Standard,2058.81
3930,Liam Moore,liam.moore3930@shopmail.com,Canada,2023-03-30,Standard,1313.28
3931,Nina Singh,nina.singh3931@shopmail.com,United Kingdom,2020-09-15,Standard,2256.22
3932,Ruby Jones,ruby.jones3932@shopmail.com,Ireland,2025-10-13,Standard,608.53
3933,Aarav Andersen,aarav.andersen3933@shopmail.com,India,2026-02-16,Standard,3026.34
3934,Maya Andersen,maya.andersen3934@shopmail.com,Canada,2020-01-12,Standard,4158.23
3935,Henry Dubois,henry.dubois3935@shopmail.com,Australia,2021-01-31,Standard,1303.19
3936,Chloe Lewis,chloe.lewis3936@shopmail.com,United Kingdom,2025-10-18,Standard,4069.40
3937,Oliver Lee,oliver.lee3937@shopmail.com,United Kingdom,2022-01-26,Standard,4411.76
3938,Charlotte Clark,charlotte.clark3938@shopmail.com,United States,2024-09-25,Standard,2959.05
3939,Maya Harris,maya.harris3939@shopmail.com,Canada,2026-07-10,Standard,1899.97
3940,Samuel Dubois,samuel.dubois3940@shopmail.com,United States,2023-06-30,Standard,4465.49
3941,Charlotte Costa,charlotte.costa3941@shopmail.com,New Zealand,2021-01-04,Standard,1571.17
3942,Hugo Clark,hugo.clark3942@shopmail.com,United Kingdom,2020-07-20,Standard,531.10
3943,Samuel Wilson,samuel.wilson3943@shopmail.com,Canada,2022-01-09,Standard,281.22
3944,Ruby Nguyen,ruby.nguyen3944@shopmail.com,Australia,2024-04-11,Standard,4267.94
3945,Liam Patel,liam.patel3945@shopmail.com,Australia,2020-10-15,Standard,2277.51
3946,Leo Brown,leo.brown3946@shopmail.com,Australia,2026-01-11,Standard,3612.99
3947,Arjun Chen,arjun.chen3947@shopmail.com,Australia,2024-09-21,Standard,1509.06
3948,Grace Wilson,grace.wilson3948@shopmail.com,Australia,2025-10-09,Standard,2780.49
3949,Priya Nguyen,priya.nguyen3949@shopmail.com,India,2020-08-16,Standard,1819.12
3950,James Brown,james.brown3950@shopmail.com,Australia,2026-06-02,Standard,1445.44
3951,Elijah Walker,elijah.walker3951@shopmail.com,United States,2026-07-05,Standard,1201.05
3952,Emma Young,emma.young3952@shopmail.com,United Kingdom,2024-03-16,Standard,3275.56
3953,Zara Dubois,zara.dubois3953@shopmail.com,India,2024-11-16,Standard,2070.43
3954,Grace Brown,grace.brown3954@shopmail.com,United Kingdom,2024-11-20,Standard,1258.23
3955,James Walker,james.walker3955@shopmail.com,United Kingdom,2024-10-01,Standard,4152.86
3956,Oscar Silva,oscar.silva3956@shopmail.com,United Kingdom,2026-01-10,Standard,4283.83
3957,Nina Silva,nina.silva3957@shopmail.com,Ireland,2023-06-17,Standard,3686.43
3958,Ethan Moore,ethan.moore3958@shopmail.com,Ireland,2025-09-05,Standard,3865.27
3959,Olivia Kowalski,olivia.kowalski3959@shopmail.com,Australia,2022-09-20,Standard,4113.78
3960,Mateo Clark,mateo.clark3960@shopmail.com,Ireland,2024-07-14,Standard,4204.25
3961,Elijah Taylor,elijah.taylor3961@shopmail.com,Ireland,2024-09-11,Standard,1615.24
3962,Wei Brown,wei.brown3962@shopmail.com,Australia,2024-06-12,Standard,3036.60
3963,Eva Patel,eva.patel3963@shopmail.com,Australia,2020-08-07,Standard,43.95
3964,Leo Thomas,leo.thomas3964@shopmail.com,Australia,2021-04-30,Standard,839.56
3965,Wei Taylor,wei.taylor3965@shopmail.com,Ireland,2025-01-25,Standard,2055.27
3966,Ruby Murphy,ruby.murphy3966@shopmail.com,New Zealand,2024-07-01,Standard,644.82
3967,Priya Jones,priya.jones3967@shopmail.com,United Kingdom,2020-04-23,Standard,497.55
3968,Mia Lewis,mia.lewis3968@shopmail.com,Canada,2021-02-13,Standard,443.04
3969,Isla Clark,isla.clark3969@shopmail.com,United States,2025-10-18,Standard,3069.21
3970,Emma Smith,emma.smith3970@shopmail.com,Ireland,2026-01-07,Standard,72.07
3971,Ruby Nakamura,ruby.nakamura3971@shopmail.com,United Kingdom,2025-05-24,Standard,3412.64
3972,Arjun Wilson,arjun.wilson3972@shopmail.com,Australia,2020-11-20,Standard,829.87
3973,Eva Patel,eva.patel3973@shopmail.com,United States,2020-02-25,Standard,4468.73
3974,Zara Silva,zara.silva3974@shopmail.com,Australia,2024-07-31,Standard,3804.14
3975,Lucas Kowalski,lucas.kowalski3975@shopmail.com,Australia,2021-08-26,Standard,3506.14
3976,Lucas Brown,lucas.brown3976@shopmail.com,Australia,2025-12-05,Standard,1205.90
3977,Ruby Allen,ruby.allen3977@shopmail.com,Australia,2024-10-27,Standard,1659.45
3978,Hugo Kim,hugo.kim3978@shopmail.com,Ireland,2025-12-20,Standard,230.85
3979,Arjun Patel,arjun.patel3979@shopmail.com,Singapore,2021-11-22,Standard,1768.78
3980,Aarav Khan,aarav.khan3980@shopmail.com,Australia,2023-06-22,Standard,614.00
3981,Arjun Lee,arjun.lee3981@shopmail.com,United States,2023-08-21,Standard,4217.52
3982,Mateo Lewis,mateo.lewis3982@shopmail.com,Australia,2020-05-08,Standard,3243.94
3983,Leo Clark,leo.clark3983@shopmail.com,New Zealand,2024-02-13,Standard,1368.99
3984,Henry Allen,henry.allen3984@shopmail.com,Canada,2021-08-19,Standard,4175.38
3985,Noah Davis,noah.davis3985@shopmail.com,Australia,2022-03-03,Standard,739.99
3986,Chloe Young,chloe.young3986@shopmail.com,Ireland,2026-01-09,Standard,2950.93
3987,Oscar Garcia,oscar.garcia3987@shopmail.com,United States,2024-11-30,Standard,4325.62
3988,Jack Martin,jack.martin3988@shopmail.com,Australia,2023-04-17,Standard,3096.31
3989,Lucas Cohen,lucas.cohen3989@shopmail.com,Australia,2020-05-05,Standard,919.82
3990,Arjun Andersen,arjun.andersen3990@shopmail.com,United Kingdom,2021-11-26,Standard,3934.31
3991,Ruby Patel,ruby.patel3991@shopmail.com,Canada,2020-02-21,Standard,3144.26
3992,Emma Jones,emma.jones3992@shopmail.com,India,2024-05-04,Standard,4619.12
3993,Liam Clark,liam.clark3993@shopmail.com,United Kingdom,2022-03-07,Standard,159.36
3994,Eva Lee,eva.lee3994@shopmail.com,United Kingdom,2026-02-11,Standard,2414.60
3995,Isabella Lewis,isabella.lewis3995@shopmail.com,India,2022-07-28,Standard,1588.92
3996,Ethan Walker,ethan.walker3996@shopmail.com,Australia,2020-05-26,Standard,4117.62
3997,Oliver Khan,oliver.khan3997@shopmail.com,Australia,2024-06-11,Standard,2114.60
3998,Isla Young,isla.young3998@shopmail.com,United States,2020-10-01,Standard,4044.29
3999,Sofia Taylor,sofia.taylor3999@shopmail.com,New Zealand,2022-11-06,Standard,1221.09
4000,Mateo Clark,mateo.clark4000@shopmail.com,New Zealand,2024-10-17,Standard,256.74
4001,Maya Martin,maya.martin4001@shopmail.com,United States,2024-01-21,Standard,3304.48
4002,Ruby Martin,ruby.martin4002@shopmail.com,United States,2026-03-12,Standard,514.34
4003,Priya Harris,priya.harris4003@shopmail.com,Singapore,2021-05-20,Standard,706.00
4004,Henry Khan,henry.khan4004@shopmail.com,United States,2022-11-12,Standard,4195.84
4005,Charlotte Costa,charlotte.costa4005@shopmail.com,India,2024-10-09,Standard,4743.23
4006,Kai Khan,kai.khan4006@shopmail.com,Ireland,2021-09-26,Standard,4247.04
4007,Eva Brown,eva.brown4007@shopmail.com,New Zealand,2023-07-12,Standard,2309.96
4008,Elijah Murphy,elijah.murphy4008@shopmail.com,Australia,2023-01-28,Standard,4030.78
4009,Elijah Clark,elijah.clark4009@shopmail.com,United Kingdom,2022-08-10,Standard,174.86
4010,Ava Andersen,ava.andersen4010@shopmail.com,Canada,2024-04-10,Standard,3410.27
4011,Mia Lewis,mia.lewis4011@shopmail.com,Australia,2022-04-14,Standard,3991.88
4012,Ethan Silva,ethan.silva4012@shopmail.com,Australia,2025-11-05,Standard,1130.24
4013,Nina Miller,nina.miller4013@shopmail.com,Australia,2021-04-06,Standard,4729.59
4014,Arjun Cohen,arjun.cohen4014@shopmail.com,Australia,2024-05-24,Standard,4415.76
4015,Lucas Costa,lucas.costa4015@shopmail.com,Australia,2021-12-07,Standard,2481.99
4016,Isla Brown,isla.brown4016@shopmail.com,Canada,2026-06-25,Standard,2673.82
4017,Amelia Thomas,amelia.thomas4017@shopmail.com,Australia,2021-05-11,Standard,214.95
4018,Sophia Smith,sophia.smith4018@shopmail.com,Australia,2022-07-31,Standard,843.50
4019,James Johnson,james.johnson4019@shopmail.com,Australia,2025-11-08,Standard,1852.51
4020,Leo Kim,leo.kim4020@shopmail.com,Australia,2020-07-04,Standard,4368.20
4021,Isla Dubois,isla.dubois4021@shopmail.com,Ireland,2025-05-23,Standard,3431.36
4022,Sophia Smith,sophia.smith4022@shopmail.com,United States,2020-12-08,Standard,3925.58
4023,Mason Nguyen,mason.nguyen4023@shopmail.com,United Kingdom,2021-01-15,Standard,1386.07
4024,Harper Dubois,harper.dubois4024@shopmail.com,New Zealand,2023-07-31,Standard,3119.40
4025,Ava Khan,ava.khan4025@shopmail.com,Ireland,2020-07-13,Standard,3773.61
4026,Zara Singh,zara.singh4026@shopmail.com,Ireland,2026-03-04,Standard,3079.27
4027,Mason Hall,mason.hall4027@shopmail.com,New Zealand,2024-07-31,Standard,4158.50
4028,Hugo Hall,hugo.hall4028@shopmail.com,Singapore,2021-02-04,Standard,167.37
4029,Mason Johnson,mason.johnson4029@shopmail.com,United States,2024-07-13,Standard,4396.80
4030,James Nguyen,james.nguyen4030@shopmail.com,New Zealand,2023-09-11,Standard,4571.99
4031,Hugo Kim,hugo.kim4031@shopmail.com,United States,2020-11-01,Standard,1590.76
4032,Liam Kowalski,liam.kowalski4032@shopmail.com,United Kingdom,2024-05-16,Standard,2025.99
4033,Ava Jones,ava.jones4033@shopmail.com,Australia,2024-05-28,Standard,4397.47
4034,Yuki Garcia,yuki.garcia4034@shopmail.com,Canada,2021-01-04,Standard,3379.58
4035,Ethan Young,ethan.young4035@shopmail.com,Australia,2025-01-04,Standard,2599.94
4036,Oliver Chen,oliver.chen4036@shopmail.com,India,2023-01-06,Standard,3707.64
4037,Ruby Williams,ruby.williams4037@shopmail.com,United States,2020-03-02,Standard,1762.96
4038,Arjun Moore,arjun.moore4038@shopmail.com,United Kingdom,2024-09-15,Standard,2631.53
4039,Wei Dubois,wei.dubois4039@shopmail.com,Australia,2024-03-27,Standard,2564.62
4040,Nina Costa,nina.costa4040@shopmail.com,India,2024-07-17,Standard,764.67
4041,Eva Rossi,eva.rossi4041@shopmail.com,Ireland,2020-03-04,Standard,2534.18
4042,Maya Kowalski,maya.kowalski4042@shopmail.com,United States,2026-03-25,Standard,2496.19
4043,Nina Davis,nina.davis4043@shopmail.com,United States,2025-12-07,Standard,4776.03
4044,Oscar Jones,oscar.jones4044@shopmail.com,United Kingdom,2020-05-05,Standard,1780.78
4045,Hugo Kowalski,hugo.kowalski4045@shopmail.com,Australia,2024-01-26,Standard,2176.96
4046,Noah Costa,noah.costa4046@shopmail.com,United States,2024-03-24,Standard,112.19
4047,Eva Harris,eva.harris4047@shopmail.com,Australia,2020-04-01,Standard,4527.69
4048,Elijah Kowalski,elijah.kowalski4048@shopmail.com,Canada,2024-01-08,Standard,2181.85
4049,Kai Costa,kai.costa4049@shopmail.com,United States,2022-02-04,Standard,1824.67
4050,Yuki Garcia,yuki.garcia4050@shopmail.com,United States,2020-01-24,Standard,3653.05
4051,Nina Nguyen,nina.nguyen4051@shopmail.com,Australia,2020-10-25,Standard,3763.03
4052,Mateo Allen,mateo.allen4052@shopmail.com,United States,2023-07-11,Standard,4663.27
4053,Sophia Rossi,sophia.rossi4053@shopmail.com,United States,2025-02-14,Standard,1395.78
4054,Ava Wilson,ava.wilson4054@shopmail.com,United States,2023-04-30,Standard,1848.46
4055,Mia Jones,mia.jones4055@shopmail.com,Australia,2026-01-28,Standard,3230.28
4056,Arjun Anderson,arjun.anderson4056@shopmail.com,New Zealand,2021-01-11,Standard,2921.05
4057,Hugo Chen,hugo.chen4057@shopmail.com,Australia,2024-11-19,Standard,1278.10
4058,Lucas Anderson,lucas.anderson4058@shopmail.com,India,2025-05-09,Standard,1604.48
4059,Hugo Jones,hugo.jones4059@shopmail.com,United States,2020-08-06,Standard,3893.58
4060,Aarav Nguyen,aarav.nguyen4060@shopmail.com,New Zealand,2021-06-24,Standard,505.13
4061,Arjun Patel,arjun.patel4061@shopmail.com,Singapore,2023-04-17,Standard,1789.67
4062,Liam Hall,liam.hall4062@shopmail.com,United Kingdom,2025-09-02,Standard,606.81
4063,Nina Anderson,nina.anderson4063@shopmail.com,Australia,2024-02-12,Standard,2385.34
4064,James Costa,james.costa4064@shopmail.com,Australia,2020-07-22,Standard,304.17
4065,Jack Lee,jack.lee4065@shopmail.com,Canada,2023-11-02,Standard,1968.04
4066,Emma Rossi,emma.rossi4066@shopmail.com,Australia,2022-05-15,Standard,3970.95
4067,Zara Murphy,zara.murphy4067@shopmail.com,Australia,2025-08-22,Standard,782.18
4068,Arjun Hall,arjun.hall4068@shopmail.com,Canada,2023-02-20,Standard,24.27
4069,Ava Cohen,ava.cohen4069@shopmail.com,United States,2025-10-17,Standard,877.29
4070,Aarav Silva,aarav.silva4070@shopmail.com,Australia,2021-01-04,Standard,654.00
4071,Grace Jones,grace.jones4071@shopmail.com,United Kingdom,2026-01-30,Standard,4436.14
4072,Mateo Smith,mateo.smith4072@shopmail.com,United States,2020-09-26,Standard,282.80
4073,Sofia Dubois,sofia.dubois4073@shopmail.com,Singapore,2020-08-29,Standard,439.04
4074,Nina Nguyen,nina.nguyen4074@shopmail.com,Australia,2021-12-30,Standard,4050.43
4075,Oliver Garcia,oliver.garcia4075@shopmail.com,United Kingdom,2022-01-31,Standard,2051.54
4076,Liam Nguyen,liam.nguyen4076@shopmail.com,Australia,2024-12-09,Standard,255.55
4077,Nina Wilson,nina.wilson4077@shopmail.com,Australia,2020-06-28,Standard,157.57
4078,Noah Kowalski,noah.kowalski4078@shopmail.com,India,2023-07-09,Standard,3266.33
4079,James Murphy,james.murphy4079@shopmail.com,New Zealand,2020-12-20,Standard,4210.83
4080,Nina Walker,nina.walker4080@shopmail.com,United States,2023-09-02,Standard,3355.81
4081,Ethan Anderson,ethan.anderson4081@shopmail.com,Ireland,2026-05-13,Standard,2505.13
4082,Grace Dubois,grace.dubois4082@shopmail.com,India,2022-05-23,Standard,4152.98
4083,Grace Patel,grace.patel4083@shopmail.com,Australia,2022-11-19,Standard,1339.34
4084,Ruby Davis,ruby.davis4084@shopmail.com,United Kingdom,2020-12-26,Standard,4604.81
4085,Isla Anderson,isla.anderson4085@shopmail.com,United States,2022-04-08,Standard,3862.91
4086,Maya Garcia,maya.garcia4086@shopmail.com,Australia,2020-10-16,Standard,170.50
4087,Chen Williams,chen.williams4087@shopmail.com,Australia,2023-12-11,Standard,3718.48
4088,Samuel Chen,samuel.chen4088@shopmail.com,Australia,2022-01-20,Standard,329.86
4089,Wei Martin,wei.martin4089@shopmail.com,Ireland,2024-01-14,Standard,2101.68
4090,Kai Harris,kai.harris4090@shopmail.com,United Kingdom,2021-09-12,Standard,2019.25
4091,Emma Chen,emma.chen4091@shopmail.com,New Zealand,2026-02-13,Standard,2090.02
4092,Leo Silva,leo.silva4092@shopmail.com,Australia,2026-08-06,Standard,2630.18
4093,Aarav Walker,aarav.walker4093@shopmail.com,United States,2025-08-23,Standard,937.11
4094,Yuki Taylor,yuki.taylor4094@shopmail.com,United Kingdom,2022-07-22,Standard,1836.60
4095,Yuki Chen,yuki.chen4095@shopmail.com,Australia,2026-01-21,Standard,227.68
4096,Chen Brown,chen.brown4096@shopmail.com,United States,2024-12-24,Standard,4449.66
4097,Emma Chen,emma.chen4097@shopmail.com,United Kingdom,2025-01-13,Standard,2975.40
4098,Sofia Garcia,sofia.garcia4098@shopmail.com,United Kingdom,2024-06-14,Standard,765.39
4099,Nina Taylor,nina.taylor4099@shopmail.com,Canada,2020-02-09,Standard,2851.52
4100,Maya Allen,maya.allen4100@shopmail.com,Ireland,2023-08-22,Standard,514.27
4101,Oscar Walker,oscar.walker4101@shopmail.com,Canada,2020-04-22,Standard,3197.20
4102,Eva Miller,eva.miller4102@shopmail.com,Australia,2021-02-12,Standard,4565.00
4103,Oliver Rossi,oliver.rossi4103@shopmail.com,Ireland,2025-09-09,Standard,4518.74
4104,Oliver Johnson,oliver.johnson4104@shopmail.com,Australia,2023-09-07,Standard,3866.12
4105,Chloe Kim,chloe.kim4105@shopmail.com,Australia,2021-12-26,Standard,807.31
4106,Olivia Chen,olivia.chen4106@shopmail.com,Canada,2024-02-28,Standard,4413.01
4107,Priya Lewis,priya.lewis4107@shopmail.com,Canada,2020-12-06,Standard,3276.42
4108,James Garcia,james.garcia4108@shopmail.com,Singapore,2021-07-07,Standard,874.76
4109,Priya Costa,priya.costa4109@shopmail.com,United Kingdom,2020-08-31,Standard,50.76
4110,Grace Brown,grace.brown4110@shopmail.com,Australia,2023-08-01,Standard,532.77
4111,Amelia Taylor,amelia.taylor4111@shopmail.com,United Kingdom,2026-08-06,Standard,1246.22
4112,Samuel Allen,samuel.allen4112@shopmail.com,Australia,2024-11-29,Standard,1356.09
4113,Oscar Miller,oscar.miller4113@shopmail.com,Ireland,2024-12-19,Standard,3380.09
4114,Elijah Rossi,elijah.rossi4114@shopmail.com,India,2026-03-05,Standard,237.68
4115,Sofia Nguyen,sofia.nguyen4115@shopmail.com,Singapore,2020-04-24,Standard,4384.59
4116,Noah Brown,noah.brown4116@shopmail.com,Australia,2024-05-27,Standard,1381.66
4117,Samuel Martin,samuel.martin4117@shopmail.com,New Zealand,2020-02-19,Standard,975.66
4118,Hugo Davis,hugo.davis4118@shopmail.com,Australia,2023-02-10,Standard,1671.41
4119,Liam Martin,liam.martin4119@shopmail.com,United Kingdom,2020-07-05,Standard,2431.11
4120,Wei Jones,wei.jones4120@shopmail.com,Australia,2026-02-01,Standard,1439.48
4121,Samuel Miller,samuel.miller4121@shopmail.com,Australia,2023-10-11,Standard,4226.40
4122,Samuel Taylor,samuel.taylor4122@shopmail.com,United States,2024-01-11,Standard,1661.32
4123,Harper Nguyen,harper.nguyen4123@shopmail.com,Singapore,2026-05-11,Standard,1634.24
4124,Liam Nguyen,liam.nguyen4124@shopmail.com,United Kingdom,2020-10-16,Standard,159.64
4125,Grace Cohen,grace.cohen4125@shopmail.com,India,2026-06-23,Standard,62.63
4126,Olivia Chen,olivia.chen4126@shopmail.com,India,2024-10-21,Standard,4525.94
4127,Arjun Brown,arjun.brown4127@shopmail.com,Australia,2026-02-17,Standard,1856.92
4128,Chloe Murphy,chloe.murphy4128@shopmail.com,New Zealand,2020-06-29,Standard,3735.81
4129,Harper Murphy,harper.murphy4129@shopmail.com,United States,2022-12-29,Standard,3333.06
4130,Elijah Martin,elijah.martin4130@shopmail.com,Singapore,2022-03-04,Standard,2737.32
4131,Wei Walker,wei.walker4131@shopmail.com,India,2024-03-15,Standard,4137.06
4132,Olivia Smith,olivia.smith4132@shopmail.com,United Kingdom,2025-07-03,Standard,2200.69
4133,Lucas Allen,lucas.allen4133@shopmail.com,United Kingdom,2020-02-02,Standard,1046.24
4134,Sofia Smith,sofia.smith4134@shopmail.com,Australia,2025-07-13,Standard,1020.08
4135,Charlotte Hall,charlotte.hall4135@shopmail.com,New Zealand,2021-06-16,Standard,4314.45
4136,Mia Young,mia.young4136@shopmail.com,Australia,2025-02-24,Standard,2578.75
4137,Mia Brown,mia.brown4137@shopmail.com,Singapore,2022-02-04,Standard,3175.16
4138,Nina Anderson,nina.anderson4138@shopmail.com,Australia,2022-06-25,Standard,1477.03
4139,Oliver Jones,oliver.jones4139@shopmail.com,Australia,2020-05-10,Standard,2742.32
4140,Grace Williams,grace.williams4140@shopmail.com,United Kingdom,2022-09-27,Standard,26.97
4141,Maya Dubois,maya.dubois4141@shopmail.com,United Kingdom,2025-09-21,Standard,1215.73
4142,James Anderson,james.anderson4142@shopmail.com,Australia,2020-12-28,Standard,1843.33
4143,Chloe Lee,chloe.lee4143@shopmail.com,Ireland,2021-07-11,Standard,2958.08
4144,James Young,james.young4144@shopmail.com,Singapore,2023-10-02,Standard,4596.90
4145,Henry Allen,henry.allen4145@shopmail.com,Ireland,2026-04-23,Standard,2671.12
4146,Maya Silva,maya.silva4146@shopmail.com,United Kingdom,2026-05-05,Standard,4131.38
4147,Ava Thomas,ava.thomas4147@shopmail.com,India,2024-09-30,Standard,1496.09
4148,Jack Williams,jack.williams4148@shopmail.com,Australia,2022-09-11,Standard,2011.59
4149,Mia Smith,mia.smith4149@shopmail.com,Canada,2021-08-02,Standard,2196.35
4150,Sofia Nakamura,sofia.nakamura4150@shopmail.com,Australia,2020-11-14,Standard,1228.01
4151,Henry Johnson,henry.johnson4151@shopmail.com,Canada,2021-05-31,Standard,5.27
4152,Chloe Davis,chloe.davis4152@shopmail.com,Australia,2023-11-11,Standard,4040.90
4153,Ethan Dubois,ethan.dubois4153@shopmail.com,Australia,2022-01-11,Standard,907.42
4154,Lucas Miller,lucas.miller4154@shopmail.com,Singapore,2021-12-01,Standard,324.12
4155,Kai Davis,kai.davis4155@shopmail.com,United States,2026-06-04,Standard,4367.33
4156,James Nguyen,james.nguyen4156@shopmail.com,India,2021-01-21,Standard,2081.93
4157,Sophia Khan,sophia.khan4157@shopmail.com,United Kingdom,2022-05-16,Standard,2570.55
4158,Chen Dubois,chen.dubois4158@shopmail.com,United States,2020-11-30,Standard,3505.58
4159,Priya Costa,priya.costa4159@shopmail.com,Canada,2025-03-14,Standard,3313.28
4160,Ruby Thomas,ruby.thomas4160@shopmail.com,Canada,2021-01-20,Standard,1832.25
4161,Kai Williams,kai.williams4161@shopmail.com,Canada,2020-07-25,Standard,3601.98
4162,Chen Harris,chen.harris4162@shopmail.com,United States,2025-12-31,Standard,3674.82
4163,Eva Martin,eva.martin4163@shopmail.com,Australia,2026-02-20,Standard,4699.63
4164,Eva Anderson,eva.anderson4164@shopmail.com,United States,2026-07-11,Standard,2302.04
4165,Mia Khan,mia.khan4165@shopmail.com,New Zealand,2023-09-20,Standard,4614.94
4166,Yuki Brown,yuki.brown4166@shopmail.com,Singapore,2021-01-28,Standard,4778.06
4167,Elijah Thomas,elijah.thomas4167@shopmail.com,Canada,2025-05-06,Standard,780.07
4168,Emma Taylor,emma.taylor4168@shopmail.com,United States,2022-05-25,Standard,2952.20
4169,Maya Wilson,maya.wilson4169@shopmail.com,Singapore,2022-07-25,Standard,649.30
4170,Isabella Brown,isabella.brown4170@shopmail.com,New Zealand,2020-12-29,Standard,1331.64
4171,Oscar Lewis,oscar.lewis4171@shopmail.com,Singapore,2022-05-15,Standard,3509.48
4172,Kai Davis,kai.davis4172@shopmail.com,Australia,2024-09-22,Standard,4674.90
4173,Mateo Costa,mateo.costa4173@shopmail.com,India,2022-03-14,Standard,3365.28
4174,Elijah Smith,elijah.smith4174@shopmail.com,Australia,2020-05-27,Standard,3043.41
4175,Emma Lewis,emma.lewis4175@shopmail.com,Canada,2021-09-03,Standard,1051.28
4176,Elijah Wilson,elijah.wilson4176@shopmail.com,Canada,2024-12-02,Standard,2390.53
4177,Elijah Miller,elijah.miller4177@shopmail.com,Australia,2024-03-07,Standard,3445.69
4178,Liam Wilson,liam.wilson4178@shopmail.com,United States,2021-01-18,Standard,2006.06
4179,Emma Singh,emma.singh4179@shopmail.com,New Zealand,2024-06-09,Standard,945.80
4180,Emma Patel,emma.patel4180@shopmail.com,Canada,2022-08-03,Standard,4487.53
4181,Chloe Rossi,chloe.rossi4181@shopmail.com,United States,2023-12-28,Standard,1909.84
4182,Hugo Miller,hugo.miller4182@shopmail.com,India,2026-01-09,Standard,1076.38
4183,Noah Johnson,noah.johnson4183@shopmail.com,Singapore,2021-10-25,Standard,4755.21
4184,Ava Singh,ava.singh4184@shopmail.com,Singapore,2020-10-30,Standard,2254.45
4185,Charlotte Williams,charlotte.williams4185@shopmail.com,Australia,2026-07-12,Standard,3595.56
4186,Kai Martin,kai.martin4186@shopmail.com,Australia,2020-04-29,Standard,1265.62
4187,Maya Lewis,maya.lewis4187@shopmail.com,Australia,2024-05-04,Standard,1881.03
4188,Isabella Costa,isabella.costa4188@shopmail.com,Australia,2022-04-11,Standard,4506.65
4189,Grace Cohen,grace.cohen4189@shopmail.com,Australia,2025-08-14,Standard,268.21
4190,Jack Dubois,jack.dubois4190@shopmail.com,United Kingdom,2024-09-06,Standard,4038.89
4191,Jack Rossi,jack.rossi4191@shopmail.com,Ireland,2020-06-15,Standard,1839.19
4192,Jack Anderson,jack.anderson4192@shopmail.com,Australia,2026-05-25,Standard,2458.30
4193,Jack Nguyen,jack.nguyen4193@shopmail.com,United Kingdom,2020-09-04,Standard,1455.34
4194,Wei Clark,wei.clark4194@shopmail.com,New Zealand,2020-05-28,Standard,2116.68
4195,Leo Chen,leo.chen4195@shopmail.com,Australia,2023-06-08,Standard,2902.36
4196,Mason Lee,mason.lee4196@shopmail.com,India,2024-09-03,Standard,1650.19
4197,Yuki Kim,yuki.kim4197@shopmail.com,Australia,2025-02-01,Standard,910.91
4198,Lucas Kim,lucas.kim4198@shopmail.com,Australia,2024-11-12,Standard,4233.91
4199,Sophia Garcia,sophia.garcia4199@shopmail.com,New Zealand,2021-08-24,Standard,1227.49
4200,Grace Wilson,grace.wilson4200@shopmail.com,Canada,2023-11-08,Standard,4516.02
4201,Arjun Hall,arjun.hall4201@shopmail.com,New Zealand,2021-09-11,Standard,486.78
4202,Isla Khan,isla.khan4202@shopmail.com,Singapore,2020-06-09,Standard,2562.24
4203,Oscar Miller,oscar.miller4203@shopmail.com,Canada,2024-07-27,Standard,708.09
4204,Harper Walker,harper.walker4204@shopmail.com,Canada,2020-12-12,Standard,3158.47
4205,Nina Kim,nina.kim4205@shopmail.com,New Zealand,2022-06-22,Standard,964.86
4206,Chen Harris,chen.harris4206@shopmail.com,Australia,2023-02-27,Standard,4546.73
4207,Mia Nguyen,mia.nguyen4207@shopmail.com,Singapore,2020-08-23,Standard,1750.42
4208,Harper Lee,harper.lee4208@shopmail.com,Australia,2022-12-03,Standard,4556.33
4209,Liam Harris,liam.harris4209@shopmail.com,Australia,2020-11-18,Standard,3390.75
4210,Mateo Nakamura,mateo.nakamura4210@shopmail.com,United States,2024-07-19,Standard,134.35
4211,Zara Nguyen,zara.nguyen4211@shopmail.com,United States,2024-05-18,Standard,4397.46
4212,Nina Lewis,nina.lewis4212@shopmail.com,United States,2023-09-17,Standard,3821.12
4213,Jack Lewis,jack.lewis4213@shopmail.com,Canada,2023-10-06,Standard,4545.55
4214,Mateo Harris,mateo.harris4214@shopmail.com,United Kingdom,2024-02-27,Standard,2708.72
4215,Zara Chen,zara.chen4215@shopmail.com,United Kingdom,2025-08-21,Standard,1835.08
4216,Noah Kowalski,noah.kowalski4216@shopmail.com,Australia,2023-02-22,Standard,607.07
4217,Mia Allen,mia.allen4217@shopmail.com,New Zealand,2024-02-24,Standard,106.20
4218,James Costa,james.costa4218@shopmail.com,United Kingdom,2023-06-08,Standard,2438.62
4219,Chen Taylor,chen.taylor4219@shopmail.com,Ireland,2024-06-22,Standard,2860.53
4220,Priya Nguyen,priya.nguyen4220@shopmail.com,India,2024-04-10,Standard,1905.96
4221,Chloe Taylor,chloe.taylor4221@shopmail.com,Australia,2022-09-08,Standard,65.02
4222,Zara Wilson,zara.wilson4222@shopmail.com,Australia,2024-02-16,Standard,3729.21
4223,Hugo Davis,hugo.davis4223@shopmail.com,New Zealand,2022-01-13,Standard,1847.07
4224,Wei Brown,wei.brown4224@shopmail.com,Singapore,2022-12-20,Standard,3123.19
4225,Hugo Moore,hugo.moore4225@shopmail.com,Australia,2021-10-06,Standard,4516.60
4226,Sophia Walker,sophia.walker4226@shopmail.com,Ireland,2023-07-21,Standard,4253.43
4227,Amelia Brown,amelia.brown4227@shopmail.com,United States,2026-05-09,Standard,1980.72
4228,Henry Lee,henry.lee4228@shopmail.com,Australia,2020-03-15,Standard,143.94
4229,Sophia Cohen,sophia.cohen4229@shopmail.com,United States,2023-12-30,Standard,4414.81
4230,Isabella Davis,isabella.davis4230@shopmail.com,Australia,2024-02-17,Standard,3503.47
4231,Chloe Garcia,chloe.garcia4231@shopmail.com,United States,2023-02-24,Standard,1528.01
4232,Amelia Nguyen,amelia.nguyen4232@shopmail.com,Singapore,2023-02-18,Standard,3547.80
4233,Mia Kowalski,mia.kowalski4233@shopmail.com,United States,2025-03-01,Standard,1246.86
4234,Oscar Brown,oscar.brown4234@shopmail.com,Australia,2025-07-29,Standard,931.18
4235,Lucas Johnson,lucas.johnson4235@shopmail.com,Canada,2025-12-06,Standard,1972.43
4236,Chen Anderson,chen.anderson4236@shopmail.com,Australia,2024-12-26,Standard,2221.44
4237,Elijah Costa,elijah.costa4237@shopmail.com,United Kingdom,2024-06-27,Standard,3273.45
4238,Grace Moore,grace.moore4238@shopmail.com,Australia,2025-04-01,Standard,16.35
4239,Zara Brown,zara.brown4239@shopmail.com,Singapore,2020-07-10,Standard,4440.00
4240,Sofia Anderson,sofia.anderson4240@shopmail.com,United States,2026-01-08,Standard,301.83
4241,Mateo Hall,mateo.hall4241@shopmail.com,Singapore,2025-10-27,Standard,3159.77
4242,Liam Williams,liam.williams4242@shopmail.com,Australia,2021-09-14,Standard,2322.46
4243,Mia Wilson,mia.wilson4243@shopmail.com,Australia,2023-06-20,Standard,894.28
4244,Henry Moore,henry.moore4244@shopmail.com,Australia,2024-10-08,Standard,127.05
4245,Yuki Lee,yuki.lee4245@shopmail.com,India,2021-05-20,Standard,3692.35
4246,Amelia Chen,amelia.chen4246@shopmail.com,United States,2020-12-21,Standard,2373.01
4247,Lucas Williams,lucas.williams4247@shopmail.com,Australia,2021-05-13,Standard,950.95
4248,Samuel Patel,samuel.patel4248@shopmail.com,United Kingdom,2021-09-23,Standard,2486.87
4249,Jack Taylor,jack.taylor4249@shopmail.com,Canada,2020-04-19,Standard,2884.48
4250,Mia Costa,mia.costa4250@shopmail.com,Canada,2025-06-08,Standard,3763.65
4251,Sofia Wilson,sofia.wilson4251@shopmail.com,Canada,2024-03-09,Standard,4638.53
4252,Sofia Martin,sofia.martin4252@shopmail.com,Australia,2021-08-30,Standard,811.08
4253,Chloe Lee,chloe.lee4253@shopmail.com,Canada,2022-02-17,Standard,4289.38
4254,Eva Taylor,eva.taylor4254@shopmail.com,Australia,2023-03-22,Standard,1745.23
4255,Ruby Lee,ruby.lee4255@shopmail.com,Ireland,2023-12-21,Standard,1082.41
4256,Ethan Kowalski,ethan.kowalski4256@shopmail.com,United Kingdom,2020-12-22,Standard,2434.92
4257,Liam Murphy,liam.murphy4257@shopmail.com,United Kingdom,2021-01-10,Standard,4355.51
4258,Arjun Rossi,arjun.rossi4258@shopmail.com,Australia,2025-09-25,Standard,899.70
4259,Eva Cohen,eva.cohen4259@shopmail.com,Ireland,2021-05-09,Standard,3669.56
4260,Lucas Moore,lucas.moore4260@shopmail.com,United Kingdom,2020-06-07,Standard,473.62
4261,Oscar Davis,oscar.davis4261@shopmail.com,Australia,2024-06-11,Standard,478.93
4262,Arjun Lee,arjun.lee4262@shopmail.com,United States,2026-04-13,Standard,3034.18
4263,Mia Garcia,mia.garcia4263@shopmail.com,United States,2024-11-15,Standard,4430.61
4264,Aarav Andersen,aarav.andersen4264@shopmail.com,New Zealand,2024-07-06,Standard,2296.69
4265,Priya Silva,priya.silva4265@shopmail.com,Ireland,2022-12-11,Standard,628.92
4266,Amelia Martin,amelia.martin4266@shopmail.com,Canada,2021-09-17,Standard,679.85
4267,Lucas Khan,lucas.khan4267@shopmail.com,Australia,2021-03-10,Standard,3621.03
4268,Wei Clark,wei.clark4268@shopmail.com,Australia,2023-11-18,Standard,2689.02
4269,Nina Anderson,nina.anderson4269@shopmail.com,Canada,2022-01-24,Standard,857.46
4270,Sofia Chen,sofia.chen4270@shopmail.com,Australia,2024-03-24,Standard,878.59
4271,Samuel Allen,samuel.allen4271@shopmail.com,Australia,2024-03-02,Standard,3149.23
4272,Charlotte Harris,charlotte.harris4272@shopmail.com,Singapore,2025-05-15,Standard,4149.57
4273,Harper Jones,harper.jones4273@shopmail.com,Singapore,2021-04-14,Standard,2551.55
4274,Zara Chen,zara.chen4274@shopmail.com,Singapore,2025-07-07,Standard,1323.74
4275,Harper Smith,harper.smith4275@shopmail.com,United States,2023-07-15,Standard,1099.75
4276,Arjun Walker,arjun.walker4276@shopmail.com,Ireland,2021-05-14,Standard,3135.37
4277,Priya Anderson,priya.anderson4277@shopmail.com,Australia,2020-10-20,Standard,1054.81
4278,Charlotte Taylor,charlotte.taylor4278@shopmail.com,United Kingdom,2020-08-22,Standard,2441.85
4279,Wei Chen,wei.chen4279@shopmail.com,Australia,2026-05-27,Standard,3975.23
4280,Ruby Nguyen,ruby.nguyen4280@shopmail.com,United Kingdom,2020-09-16,Standard,1506.39
4281,Zara Murphy,zara.murphy4281@shopmail.com,Australia,2024-01-20,Standard,1528.42
4282,Nina Jones,nina.jones4282@shopmail.com,Ireland,2021-12-14,Standard,4496.56
4283,Noah Nguyen,noah.nguyen4283@shopmail.com,Australia,2024-10-19,Standard,4691.30
4284,Zara Jones,zara.jones4284@shopmail.com,Australia,2026-05-08,Standard,3678.85
4285,Chen Allen,chen.allen4285@shopmail.com,United Kingdom,2023-01-17,Standard,81.15
4286,Ava Costa,ava.costa4286@shopmail.com,Canada,2024-03-19,Standard,2843.64
4287,Amelia Hall,amelia.hall4287@shopmail.com,United States,2026-02-19,Standard,2383.93
4288,Mia Brown,mia.brown4288@shopmail.com,United States,2020-01-03,Standard,3893.78
4289,Olivia Clark,olivia.clark4289@shopmail.com,Australia,2024-11-15,Standard,4686.69
4290,James Jones,james.jones4290@shopmail.com,India,2025-07-25,Standard,461.25
4291,Ava Anderson,ava.anderson4291@shopmail.com,New Zealand,2020-10-27,Standard,4515.84
4292,Nina Harris,nina.harris4292@shopmail.com,Ireland,2024-10-27,Standard,4348.50
4293,Samuel Chen,samuel.chen4293@shopmail.com,United States,2025-12-18,Standard,2719.34
4294,Henry Chen,henry.chen4294@shopmail.com,Australia,2026-05-08,Standard,4583.48
4295,Ruby Martin,ruby.martin4295@shopmail.com,Australia,2021-11-06,Standard,2046.54
4296,Ruby Lee,ruby.lee4296@shopmail.com,Australia,2022-01-29,Standard,632.89
4297,Charlotte Johnson,charlotte.johnson4297@shopmail.com,United States,2023-10-21,Standard,3338.17
4298,Kai Andersen,kai.andersen4298@shopmail.com,India,2025-04-30,Standard,3113.99
4299,Grace Patel,grace.patel4299@shopmail.com,Australia,2022-05-01,Standard,4515.38
4300,Nina Walker,nina.walker4300@shopmail.com,Australia,2021-04-17,Standard,2892.57
4301,Charlotte Allen,charlotte.allen4301@shopmail.com,New Zealand,2022-02-10,Standard,148.21
4302,Isla Allen,isla.allen4302@shopmail.com,Australia,2022-08-13,Standard,598.51
4303,Liam Thomas,liam.thomas4303@shopmail.com,Australia,2026-07-28,Standard,332.41
4304,Olivia Patel,olivia.patel4304@shopmail.com,United States,2024-03-28,Standard,1306.98
4305,Wei Costa,wei.costa4305@shopmail.com,Singapore,2025-02-11,Standard,3837.80
4306,Wei Murphy,wei.murphy4306@shopmail.com,Australia,2020-07-23,Standard,5.71
4307,Grace Dubois,grace.dubois4307@shopmail.com,United States,2024-06-08,Standard,1469.62
4308,Maya Kowalski,maya.kowalski4308@shopmail.com,United States,2024-06-30,Standard,1429.17
4309,Chloe Silva,chloe.silva4309@shopmail.com,New Zealand,2020-12-30,Standard,2014.99
4310,Mason Kim,mason.kim4310@shopmail.com,United Kingdom,2024-10-13,Standard,3315.01
4311,Liam Clark,liam.clark4311@shopmail.com,United Kingdom,2020-05-15,Standard,110.66
4312,Harper Patel,harper.patel4312@shopmail.com,United Kingdom,2022-06-22,Standard,2257.25
4313,Liam Kim,liam.kim4313@shopmail.com,New Zealand,2026-05-03,Standard,2047.80
4314,Mia Rossi,mia.rossi4314@shopmail.com,United States,2020-11-19,Standard,527.57
4315,Nina Patel,nina.patel4315@shopmail.com,Australia,2026-05-20,Standard,3340.54
4316,Ethan Hall,ethan.hall4316@shopmail.com,Australia,2020-07-21,Standard,3334.66
4317,Hugo Rossi,hugo.rossi4317@shopmail.com,Canada,2020-02-02,Standard,860.38
4318,Sofia Davis,sofia.davis4318@shopmail.com,Australia,2025-12-06,Standard,773.29
4319,Grace Martin,grace.martin4319@shopmail.com,United Kingdom,2023-05-12,Standard,1126.90
4320,Ava Hall,ava.hall4320@shopmail.com,India,2023-04-02,Standard,4397.59
4321,Samuel Dubois,samuel.dubois4321@shopmail.com,India,2023-10-05,Standard,2936.28
4322,Sofia Young,sofia.young4322@shopmail.com,United Kingdom,2024-11-15,Standard,1190.47
4323,Chen Clark,chen.clark4323@shopmail.com,New Zealand,2022-06-25,Standard,1475.48
4324,Aarav Jones,aarav.jones4324@shopmail.com,Ireland,2023-06-04,Standard,2937.54
4325,Jack Costa,jack.costa4325@shopmail.com,India,2026-08-09,Standard,1174.02
4326,Eva Harris,eva.harris4326@shopmail.com,Canada,2022-11-24,Standard,1323.78
4327,Chloe Young,chloe.young4327@shopmail.com,Australia,2026-06-12,Standard,4228.40
4328,Grace Clark,grace.clark4328@shopmail.com,Australia,2025-11-23,Standard,3643.54
4329,Arjun Thomas,arjun.thomas4329@shopmail.com,Australia,2022-07-08,Standard,229.17
4330,Chen Khan,chen.khan4330@shopmail.com,United Kingdom,2021-06-09,Standard,2906.11
4331,Ruby Martin,ruby.martin4331@shopmail.com,India,2025-12-23,Standard,3084.22
4332,Kai Lewis,kai.lewis4332@shopmail.com,Australia,2022-10-17,Standard,756.93
4333,James Costa,james.costa4333@shopmail.com,United States,2021-06-12,Standard,293.78
4334,Mia Davis,mia.davis4334@shopmail.com,United States,2020-06-26,Standard,2298.86
4335,Yuki Nakamura,yuki.nakamura4335@shopmail.com,United Kingdom,2022-02-28,Standard,1377.91
4336,Grace Nguyen,grace.nguyen4336@shopmail.com,United Kingdom,2025-04-19,Standard,3841.69
4337,Elijah Wilson,elijah.wilson4337@shopmail.com,Australia,2022-09-28,Standard,48.77
4338,Yuki Lewis,yuki.lewis4338@shopmail.com,India,2024-11-07,Standard,4071.63
4339,Charlotte Jones,charlotte.jones4339@shopmail.com,Australia,2022-07-04,Standard,2719.55
4340,Olivia Anderson,olivia.anderson4340@shopmail.com,Canada,2023-12-28,Standard,511.85
4341,Sophia Martin,sophia.martin4341@shopmail.com,Canada,2025-03-05,Standard,1599.93
4342,Jack Patel,jack.patel4342@shopmail.com,United States,2024-05-23,Standard,913.51
4343,Hugo Allen,hugo.allen4343@shopmail.com,Singapore,2025-04-14,Standard,4626.44
4344,Arjun Kowalski,arjun.kowalski4344@shopmail.com,Ireland,2020-11-19,Standard,4428.95
4345,Samuel Martin,samuel.martin4345@shopmail.com,Australia,2022-12-05,Standard,3387.92
4346,Arjun Walker,arjun.walker4346@shopmail.com,Australia,2022-11-28,Standard,3339.66
4347,Jack Kim,jack.kim4347@shopmail.com,Australia,2020-12-12,Standard,347.90
4348,Maya Dubois,maya.dubois4348@shopmail.com,United Kingdom,2020-07-15,Standard,4248.09
4349,Wei Taylor,wei.taylor4349@shopmail.com,Australia,2024-07-26,Standard,756.34
4350,Elijah Williams,elijah.williams4350@shopmail.com,Australia,2022-03-09,Standard,1488.13
4351,Wei Taylor,wei.taylor4351@shopmail.com,New Zealand,2024-07-23,Standard,997.98
4352,Oliver Johnson,oliver.johnson4352@shopmail.com,New Zealand,2022-08-08,Standard,3183.77
4353,Hugo Singh,hugo.singh4353@shopmail.com,United States,2024-06-11,Standard,3750.87
4354,Maya Johnson,maya.johnson4354@shopmail.com,Australia,2026-03-11,Standard,3799.05
4355,Priya Anderson,priya.anderson4355@shopmail.com,India,2023-02-23,Standard,1830.86
4356,Hugo Brown,hugo.brown4356@shopmail.com,Australia,2021-01-02,Standard,3103.84
4357,Oscar Silva,oscar.silva4357@shopmail.com,New Zealand,2020-09-20,Standard,2235.92
4358,Mason Williams,mason.williams4358@shopmail.com,New Zealand,2022-05-01,Standard,4039.07
4359,Emma Anderson,emma.anderson4359@shopmail.com,Australia,2026-01-06,Standard,3810.91
4360,Mateo Brown,mateo.brown4360@shopmail.com,Australia,2021-10-25,Standard,3912.32
4361,Samuel Lewis,samuel.lewis4361@shopmail.com,United Kingdom,2024-05-19,Standard,1624.03
4362,Chloe Allen,chloe.allen4362@shopmail.com,Canada,2021-10-15,Standard,955.06
4363,Elijah Nakamura,elijah.nakamura4363@shopmail.com,Australia,2022-08-15,Standard,44.73
4364,Olivia Wilson,olivia.wilson4364@shopmail.com,United Kingdom,2024-07-01,Standard,2753.36
4365,Oliver Martin,oliver.martin4365@shopmail.com,Australia,2020-02-10,Standard,1102.66
4366,Ethan Moore,ethan.moore4366@shopmail.com,New Zealand,2024-07-30,Standard,2248.54
4367,Noah Davis,noah.davis4367@shopmail.com,Singapore,2024-10-18,Standard,3759.90
4368,Mateo Smith,mateo.smith4368@shopmail.com,United States,2024-10-14,Standard,681.57
4369,Ruby Patel,ruby.patel4369@shopmail.com,Ireland,2023-07-15,Standard,1195.79
4370,Emma Taylor,emma.taylor4370@shopmail.com,New Zealand,2024-02-25,Standard,1010.93
4371,Ava Taylor,ava.taylor4371@shopmail.com,Australia,2026-07-10,Standard,2669.42
4372,Aarav Cohen,aarav.cohen4372@shopmail.com,Australia,2022-08-20,Standard,139.41
4373,Zara Wilson,zara.wilson4373@shopmail.com,Australia,2021-06-04,Standard,2592.88
4374,Henry Jones,henry.jones4374@shopmail.com,Ireland,2026-07-09,Standard,3885.60
4375,Olivia Garcia,olivia.garcia4375@shopmail.com,United States,2021-10-29,Standard,4596.54
4376,Elijah Young,elijah.young4376@shopmail.com,Australia,2024-03-09,Standard,280.75
4377,Grace Clark,grace.clark4377@shopmail.com,Singapore,2026-02-16,Standard,2220.34
4378,Oliver Murphy,oliver.murphy4378@shopmail.com,Singapore,2025-07-21,Standard,1541.35
4379,Aarav Singh,aarav.singh4379@shopmail.com,Australia,2022-01-19,Standard,4443.16
4380,Emma Kim,emma.kim4380@shopmail.com,United Kingdom,2026-01-27,Standard,1091.47
4381,Chloe Anderson,chloe.anderson4381@shopmail.com,Ireland,2025-04-05,Standard,3018.83
4382,Chen Khan,chen.khan4382@shopmail.com,Australia,2022-01-06,Standard,746.65
4383,Eva Williams,eva.williams4383@shopmail.com,Ireland,2026-07-23,Standard,3753.32
4384,Chen Kim,chen.kim4384@shopmail.com,United Kingdom,2025-12-26,Standard,1352.39
4385,Aarav Khan,aarav.khan4385@shopmail.com,Canada,2021-08-26,Standard,4546.34
4386,Oscar Harris,oscar.harris4386@shopmail.com,Singapore,2022-02-07,Standard,2166.57
4387,Noah Taylor,noah.taylor4387@shopmail.com,Australia,2021-06-16,Standard,405.77
4388,Emma Davis,emma.davis4388@shopmail.com,United States,2025-02-18,Standard,4636.85
4389,Liam Harris,liam.harris4389@shopmail.com,Canada,2023-11-20,Standard,4716.10
4390,Arjun Singh,arjun.singh4390@shopmail.com,Ireland,2020-07-23,Standard,3214.13
4391,Noah Rossi,noah.rossi4391@shopmail.com,Australia,2025-06-08,Standard,1398.47
4392,Liam Lee,liam.lee4392@shopmail.com,India,2021-09-10,Standard,1692.10
4393,Hugo Clark,hugo.clark4393@shopmail.com,Canada,2023-12-24,Standard,855.37
4394,Priya Davis,priya.davis4394@shopmail.com,United States,2021-02-21,Standard,828.78
4395,Isabella Cohen,isabella.cohen4395@shopmail.com,United Kingdom,2022-11-08,Standard,1198.91
4396,Arjun Rossi,arjun.rossi4396@shopmail.com,Australia,2021-10-31,Standard,103.03
4397,Wei Anderson,wei.anderson4397@shopmail.com,Australia,2021-04-07,Standard,1803.27
4398,Charlotte Hall,charlotte.hall4398@shopmail.com,Singapore,2022-12-03,Standard,2837.29
4399,Charlotte Moore,charlotte.moore4399@shopmail.com,Australia,2020-01-07,Standard,3323.31
4400,Mason Moore,mason.moore4400@shopmail.com,New Zealand,2023-04-20,Standard,1449.80
4401,Olivia Walker,olivia.walker4401@shopmail.com,United States,2025-10-25,Standard,2395.66
4402,Eva Allen,eva.allen4402@shopmail.com,Australia,2023-01-14,Standard,2230.20
4403,Lucas Smith,lucas.smith4403@shopmail.com,United Kingdom,2024-03-26,Standard,3676.59
4404,Sofia Jones,sofia.jones4404@shopmail.com,India,2023-07-06,Standard,909.44
4405,Chloe Cohen,chloe.cohen4405@shopmail.com,New Zealand,2022-01-14,Standard,1906.85
4406,Amelia Thomas,amelia.thomas4406@shopmail.com,India,2023-07-20,Standard,1987.75
4407,Zara Taylor,zara.taylor4407@shopmail.com,United States,2025-08-01,Standard,2275.99
4408,Lucas Thomas,lucas.thomas4408@shopmail.com,United Kingdom,2026-05-12,Standard,737.33
4409,Grace Garcia,grace.garcia4409@shopmail.com,United Kingdom,2023-12-01,Standard,2605.14
4410,Isabella Wilson,isabella.wilson4410@shopmail.com,Australia,2024-02-19,Standard,2748.98
4411,Lucas Anderson,lucas.anderson4411@shopmail.com,India,2023-03-16,Standard,561.72
4412,Priya Singh,priya.singh4412@shopmail.com,Australia,2020-06-21,Standard,727.85
4413,Priya Hall,priya.hall4413@shopmail.com,Ireland,2026-07-10,Standard,1930.67
4414,Leo Harris,leo.harris4414@shopmail.com,United States,2021-09-23,Standard,3099.61
4415,Mia Young,mia.young4415@shopmail.com,Singapore,2022-01-06,Standard,205.18
4416,Charlotte Jones,charlotte.jones4416@shopmail.com,United Kingdom,2022-11-27,Standard,2992.81
4417,Olivia Dubois,olivia.dubois4417@shopmail.com,United Kingdom,2021-02-01,Standard,933.75
4418,Oliver Lee,oliver.lee4418@shopmail.com,Singapore,2026-01-13,Standard,3649.36
4419,Liam Williams,liam.williams4419@shopmail.com,New Zealand,2026-06-08,Standard,2565.28
4420,Ethan Thomas,ethan.thomas4420@shopmail.com,Australia,2020-12-08,Standard,848.55
4421,Isabella Miller,isabella.miller4421@shopmail.com,Australia,2020-11-08,Standard,1786.14
4422,Wei Khan,wei.khan4422@shopmail.com,Singapore,2021-04-06,Standard,3413.90
4423,Maya Anderson,maya.anderson4423@shopmail.com,United Kingdom,2026-02-03,Standard,2002.35
4424,Oscar Chen,oscar.chen4424@shopmail.com,New Zealand,2020-02-04,Standard,499.11
4425,Hugo Davis,hugo.davis4425@shopmail.com,United States,2023-08-31,Standard,1258.29
4426,Maya Brown,maya.brown4426@shopmail.com,United Kingdom,2023-06-20,Standard,4746.34
4427,Elijah Smith,elijah.smith4427@shopmail.com,Australia,2024-05-09,Standard,852.77
4428,Isla Cohen,isla.cohen4428@shopmail.com,United States,2025-11-18,Standard,2306.12
4429,Priya Nakamura,priya.nakamura4429@shopmail.com,United Kingdom,2024-05-07,Standard,3061.47
4430,Wei Chen,wei.chen4430@shopmail.com,Canada,2023-06-27,Standard,3720.34
4431,Sophia Kowalski,sophia.kowalski4431@shopmail.com,Canada,2021-06-13,Standard,1045.02
4432,Mia Davis,mia.davis4432@shopmail.com,India,2021-07-31,Standard,3431.32
4433,Leo Anderson,leo.anderson4433@shopmail.com,Australia,2020-11-03,Standard,927.88
4434,Olivia Walker,olivia.walker4434@shopmail.com,Canada,2020-09-18,Standard,218.27
4435,Lucas Clark,lucas.clark4435@shopmail.com,United States,2022-06-07,Standard,3820.02
4436,Sophia Young,sophia.young4436@shopmail.com,Canada,2025-06-12,Standard,4500.77
4437,Nina Davis,nina.davis4437@shopmail.com,Australia,2025-04-13,Standard,4140.96
4438,Chloe Anderson,chloe.anderson4438@shopmail.com,Ireland,2024-07-22,Standard,2823.01
4439,Eva Lewis,eva.lewis4439@shopmail.com,India,2025-11-27,Standard,463.37
4440,Lucas Khan,lucas.khan4440@shopmail.com,Canada,2022-03-26,Standard,532.29
4441,Arjun Johnson,arjun.johnson4441@shopmail.com,Australia,2022-06-17,Standard,4200.88
4442,Leo Singh,leo.singh4442@shopmail.com,Australia,2021-11-19,Standard,3389.91
4443,Emma Smith,emma.smith4443@shopmail.com,United Kingdom,2022-03-16,Standard,3590.38
4444,Maya Allen,maya.allen4444@shopmail.com,Australia,2026-02-06,Standard,1900.94
4445,Oliver Smith,oliver.smith4445@shopmail.com,United Kingdom,2020-07-09,Standard,1567.86
4446,Mia Lewis,mia.lewis4446@shopmail.com,Australia,2025-12-08,Standard,4315.89
4447,Arjun Smith,arjun.smith4447@shopmail.com,United Kingdom,2026-03-15,Standard,3307.74
4448,Grace Thomas,grace.thomas4448@shopmail.com,Singapore,2026-05-01,Standard,3683.07
4449,Emma Brown,emma.brown4449@shopmail.com,United States,2024-06-18,Standard,2563.11
4450,Leo Thomas,leo.thomas4450@shopmail.com,United States,2024-11-21,Standard,4481.10
4451,Ethan Taylor,ethan.taylor4451@shopmail.com,United States,2022-04-27,Standard,4233.67
4452,Isla Kim,isla.kim4452@shopmail.com,Singapore,2022-04-14,Standard,1029.55
4453,Ruby Singh,ruby.singh4453@shopmail.com,Canada,2020-12-07,Standard,2427.16
4454,Sophia Andersen,sophia.andersen4454@shopmail.com,Ireland,2024-07-06,Standard,849.76
4455,Henry Miller,henry.miller4455@shopmail.com,Australia,2024-11-12,Standard,2650.32
4456,Oliver Smith,oliver.smith4456@shopmail.com,Australia,2022-02-16,Standard,744.25
4457,Isla Thomas,isla.thomas4457@shopmail.com,Australia,2022-07-13,Standard,3441.10
4458,Isabella Miller,isabella.miller4458@shopmail.com,Singapore,2026-01-23,Standard,4075.91
4459,Ethan Patel,ethan.patel4459@shopmail.com,Australia,2025-03-03,Standard,3538.43
4460,Noah Nakamura,noah.nakamura4460@shopmail.com,United States,2023-08-25,Standard,3399.59
4461,Olivia Chen,olivia.chen4461@shopmail.com,United States,2025-07-12,Standard,1851.09
4462,Liam Kowalski,liam.kowalski4462@shopmail.com,Ireland,2024-02-25,Standard,3962.50
4463,Lucas Smith,lucas.smith4463@shopmail.com,Singapore,2026-01-13,Standard,2508.70
4464,Zara Harris,zara.harris4464@shopmail.com,Ireland,2020-11-03,Standard,2981.62
4465,Henry Silva,henry.silva4465@shopmail.com,United Kingdom,2021-04-23,Standard,2211.09
4466,Isla Davis,isla.davis4466@shopmail.com,United Kingdom,2024-09-12,Standard,2781.87
4467,Maya Harris,maya.harris4467@shopmail.com,United States,2023-05-09,Standard,1679.73
4468,Oscar Taylor,oscar.taylor4468@shopmail.com,Canada,2020-03-09,Standard,4755.24
4469,Isabella Chen,isabella.chen4469@shopmail.com,United Kingdom,2024-02-18,Standard,3340.47
4470,Jack Andersen,jack.andersen4470@shopmail.com,United Kingdom,2021-11-30,Standard,2935.85
4471,Sofia Costa,sofia.costa4471@shopmail.com,Australia,2021-07-20,Standard,1553.63
4472,Amelia Walker,amelia.walker4472@shopmail.com,India,2025-09-08,Standard,2847.25
4473,Lucas Allen,lucas.allen4473@shopmail.com,United Kingdom,2022-07-04,Standard,2891.25
4474,Leo Smith,leo.smith4474@shopmail.com,Ireland,2024-12-25,Standard,3543.24
4475,Elijah Johnson,elijah.johnson4475@shopmail.com,United States,2023-01-03,Standard,3011.53
4476,Isabella Singh,isabella.singh4476@shopmail.com,United Kingdom,2026-08-14,Standard,4744.62
4477,Yuki Jones,yuki.jones4477@shopmail.com,Ireland,2024-11-28,Standard,2755.65
4478,Jack Cohen,jack.cohen4478@shopmail.com,Australia,2026-04-22,Standard,18.47
4479,Eva Rossi,eva.rossi4479@shopmail.com,New Zealand,2025-08-01,Standard,1223.57
4480,Sofia Costa,sofia.costa4480@shopmail.com,New Zealand,2024-07-19,Standard,1323.84
4481,Isla Moore,isla.moore4481@shopmail.com,Ireland,2025-08-26,Standard,4065.50
4482,Sophia Singh,sophia.singh4482@shopmail.com,United States,2022-09-20,Standard,1387.08
4483,Henry Nakamura,henry.nakamura4483@shopmail.com,Singapore,2023-11-07,Standard,990.04
4484,Hugo Andersen,hugo.andersen4484@shopmail.com,Ireland,2025-12-24,Standard,512.73
4485,Charlotte Young,charlotte.young4485@shopmail.com,Ireland,2026-07-21,Standard,2561.78
4486,Aarav Young,aarav.young4486@shopmail.com,United Kingdom,2020-02-10,Standard,3803.21
4487,Lucas Khan,lucas.khan4487@shopmail.com,Ireland,2024-06-03,Standard,4204.02
4488,Priya Thomas,priya.thomas4488@shopmail.com,Australia,2020-05-08,Standard,787.33
4489,Elijah Rossi,elijah.rossi4489@shopmail.com,Australia,2024-06-12,Standard,1921.03
4490,Arjun Brown,arjun.brown4490@shopmail.com,Australia,2026-02-07,Standard,859.88
4491,Maya Clark,maya.clark4491@shopmail.com,United Kingdom,2025-10-31,Standard,501.00
4492,Ethan Smith,ethan.smith4492@shopmail.com,United States,2026-01-19,Standard,2751.05
4493,Mason Williams,mason.williams4493@shopmail.com,United Kingdom,2025-05-30,Standard,1464.58
4494,Maya Dubois,maya.dubois4494@shopmail.com,Australia,2025-04-24,Standard,1257.18
4495,Oliver Dubois,oliver.dubois4495@shopmail.com,United Kingdom,2024-08-30,Standard,4724.39
4496,Harper Smith,harper.smith4496@shopmail.com,Australia,2025-01-05,Standard,3783.85
4497,James Brown,james.brown4497@shopmail.com,Australia,2022-05-21,Standard,220.44
4498,Sofia Kim,sofia.kim4498@shopmail.com,Ireland,2024-07-09,Standard,488.75
4499,Eva Patel,eva.patel4499@shopmail.com,Singapore,2022-04-12,Standard,82.98
4500,Sofia Kim,sofia.kim4500@shopmail.com,New Zealand,2021-02-01,Standard,2678.20
4501,Nina Moore,nina.moore4501@shopmail.com,United States,2026-01-26,Standard,3191.84
4502,Wei Kowalski,wei.kowalski4502@shopmail.com,United States,2026-05-21,Standard,248.57
4503,Ruby Johnson,ruby.johnson4503@shopmail.com,Singapore,2021-04-29,Standard,2547.93
4504,Lucas Singh,lucas.singh4504@shopmail.com,Singapore,2020-05-23,Standard,149.90
4505,Amelia Kowalski,amelia.kowalski4505@shopmail.com,United Kingdom,2021-05-18,Standard,228.51
4506,Zara Young,zara.young4506@shopmail.com,New Zealand,2022-10-29,Standard,631.33
4507,Eva Williams,eva.williams4507@shopmail.com,United Kingdom,2025-06-05,Standard,1316.44
4508,Chen Kowalski,chen.kowalski4508@shopmail.com,United States,2024-06-29,Standard,3928.80
4509,Mateo Thomas,mateo.thomas4509@shopmail.com,New Zealand,2020-06-07,Standard,1813.58
4510,Elijah Davis,elijah.davis4510@shopmail.com,United Kingdom,2023-11-10,Standard,2934.15
4511,Leo Murphy,leo.murphy4511@shopmail.com,Australia,2023-07-15,Standard,4475.71
4512,Mia Taylor,mia.taylor4512@shopmail.com,Australia,2021-05-26,Standard,2923.14
4513,Chen Harris,chen.harris4513@shopmail.com,Australia,2023-04-22,Standard,2109.97
4514,Olivia Clark,olivia.clark4514@shopmail.com,United States,2023-06-12,Standard,2305.92
4515,Charlotte Walker,charlotte.walker4515@shopmail.com,United States,2023-03-27,Standard,3286.72
4516,Priya Nguyen,priya.nguyen4516@shopmail.com,India,2022-07-01,Standard,2883.75
4517,Priya Thomas,priya.thomas4517@shopmail.com,Australia,2022-08-07,Standard,2565.01
4518,Priya Smith,priya.smith4518@shopmail.com,United States,2020-12-01,Standard,4653.36
4519,Wei Allen,wei.allen4519@shopmail.com,Canada,2023-11-25,Standard,1047.17
4520,Lucas Brown,lucas.brown4520@shopmail.com,Australia,2022-10-17,Standard,1893.05
4521,Mia Garcia,mia.garcia4521@shopmail.com,Australia,2025-04-18,Standard,1136.78
4522,Isabella Rossi,isabella.rossi4522@shopmail.com,United States,2021-10-05,Standard,2042.87
4523,Zara Andersen,zara.andersen4523@shopmail.com,Singapore,2026-02-12,Standard,3511.23
4524,Samuel Patel,samuel.patel4524@shopmail.com,United States,2023-08-07,Standard,3419.35
4525,Priya Dubois,priya.dubois4525@shopmail.com,United Kingdom,2021-12-01,Standard,868.53
4526,Yuki Thomas,yuki.thomas4526@shopmail.com,Singapore,2023-11-19,Standard,671.73
4527,Priya Miller,priya.miller4527@shopmail.com,United Kingdom,2021-04-18,Standard,4691.99
4528,Priya Cohen,priya.cohen4528@shopmail.com,United Kingdom,2020-12-10,Standard,2153.41
4529,Emma Allen,emma.allen4529@shopmail.com,Australia,2025-12-07,Standard,4088.06
4530,Emma Nguyen,emma.nguyen4530@shopmail.com,New Zealand,2021-01-14,Standard,1239.97
4531,Henry Walker,henry.walker4531@shopmail.com,New Zealand,2025-04-15,Standard,1105.54
4532,Mateo Martin,mateo.martin4532@shopmail.com,United Kingdom,2021-08-01,Standard,1428.30
4533,Kai Young,kai.young4533@shopmail.com,Australia,2025-03-04,Standard,571.60
4534,Hugo Walker,hugo.walker4534@shopmail.com,Canada,2026-05-28,Standard,2205.42
4535,Aarav Young,aarav.young4535@shopmail.com,India,2022-04-12,Standard,175.91
4536,Ethan Cohen,ethan.cohen4536@shopmail.com,United States,2025-12-28,Standard,145.37
4537,Mason Davis,mason.davis4537@shopmail.com,United States,2022-06-10,Standard,2022.17
4538,Noah Moore,noah.moore4538@shopmail.com,Australia,2025-11-04,Standard,4408.53
4539,Mia Kowalski,mia.kowalski4539@shopmail.com,Australia,2025-10-02,Standard,2277.28
4540,Maya Taylor,maya.taylor4540@shopmail.com,Ireland,2026-03-30,Standard,327.92
4541,Mia Murphy,mia.murphy4541@shopmail.com,United States,2025-04-30,Standard,942.24
4542,Wei Dubois,wei.dubois4542@shopmail.com,United Kingdom,2022-01-23,Standard,1516.65
4543,Noah Hall,noah.hall4543@shopmail.com,Australia,2021-05-15,Standard,2136.82
4544,Yuki Singh,yuki.singh4544@shopmail.com,United Kingdom,2022-05-21,Standard,4447.59
4545,Ethan Murphy,ethan.murphy4545@shopmail.com,Ireland,2025-09-27,Standard,240.01
4546,Isla Costa,isla.costa4546@shopmail.com,Australia,2023-12-30,Standard,2039.31
4547,Ruby Moore,ruby.moore4547@shopmail.com,New Zealand,2023-02-17,Standard,4172.91
4548,Oscar Garcia,oscar.garcia4548@shopmail.com,Canada,2025-05-16,Standard,2124.93
4549,Charlotte Thomas,charlotte.thomas4549@shopmail.com,India,2024-06-16,Standard,2826.48
4550,Noah Walker,noah.walker4550@shopmail.com,Australia,2022-05-09,Standard,3905.44
4551,Elijah Costa,elijah.costa4551@shopmail.com,New Zealand,2024-03-20,Standard,3019.70
4552,Leo Clark,leo.clark4552@shopmail.com,United Kingdom,2020-08-03,Standard,2926.04
4553,Nina Johnson,nina.johnson4553@shopmail.com,Canada,2020-05-31,Standard,538.39
4554,Maya Dubois,maya.dubois4554@shopmail.com,United Kingdom,2025-05-18,Standard,1093.80
4555,Olivia Andersen,olivia.andersen4555@shopmail.com,Australia,2023-10-26,Standard,785.88
4556,Ava Andersen,ava.andersen4556@shopmail.com,India,2024-08-04,Standard,3185.14
4557,Wei Young,wei.young4557@shopmail.com,Australia,2023-04-22,Standard,1871.34
4558,Isla Nakamura,isla.nakamura4558@shopmail.com,New Zealand,2025-02-18,Standard,2797.63
4559,Chloe Thomas,chloe.thomas4559@shopmail.com,United States,2024-02-28,Standard,3954.65
4560,Oscar Allen,oscar.allen4560@shopmail.com,Singapore,2026-05-27,Standard,1672.94
4561,Kai Wilson,kai.wilson4561@shopmail.com,United States,2021-03-31,Standard,4044.42
4562,Emma Taylor,emma.taylor4562@shopmail.com,Australia,2020-10-19,Standard,2117.32
4563,Hugo Rossi,hugo.rossi4563@shopmail.com,Canada,2026-01-15,Standard,2924.17
4564,Noah Wilson,noah.wilson4564@shopmail.com,New Zealand,2025-12-06,Standard,2594.15
4565,Eva Silva,eva.silva4565@shopmail.com,Australia,2025-03-07,Standard,69.07
4566,Chen Nakamura,chen.nakamura4566@shopmail.com,New Zealand,2022-12-11,Standard,4442.11
4567,Oliver Lewis,oliver.lewis4567@shopmail.com,Ireland,2022-04-24,Standard,2042.18
4568,Lucas Nakamura,lucas.nakamura4568@shopmail.com,United Kingdom,2025-11-13,Standard,503.09
4569,Mia Martin,mia.martin4569@shopmail.com,Singapore,2020-05-01,Standard,1007.62
4570,Isla Allen,isla.allen4570@shopmail.com,Ireland,2024-11-14,Standard,4074.82
4571,Sophia Garcia,sophia.garcia4571@shopmail.com,India,2022-10-03,Standard,2926.82
4572,Oscar Andersen,oscar.andersen4572@shopmail.com,Australia,2023-01-31,Standard,4537.25
4573,Chen Costa,chen.costa4573@shopmail.com,Australia,2020-04-02,Standard,3541.86
4574,Samuel Costa,samuel.costa4574@shopmail.com,Singapore,2021-11-14,Standard,4000.29
4575,Chloe Rossi,chloe.rossi4575@shopmail.com,India,2020-07-11,Standard,1777.95
4576,Isabella Dubois,isabella.dubois4576@shopmail.com,United Kingdom,2024-09-28,Standard,2808.97
4577,Ethan Nguyen,ethan.nguyen4577@shopmail.com,Australia,2023-07-06,Standard,3573.66
4578,Maya Johnson,maya.johnson4578@shopmail.com,Ireland,2025-03-18,Standard,4613.69
4579,James Hall,james.hall4579@shopmail.com,Australia,2021-06-02,Standard,3232.01
4580,Olivia Davis,olivia.davis4580@shopmail.com,Australia,2026-06-15,Standard,1157.43
4581,Hugo Garcia,hugo.garcia4581@shopmail.com,Australia,2022-10-15,Standard,4600.92
4582,Maya Wilson,maya.wilson4582@shopmail.com,India,2025-04-26,Standard,1475.39
4583,Priya Patel,priya.patel4583@shopmail.com,Australia,2022-09-23,Standard,3472.83
4584,Liam Costa,liam.costa4584@shopmail.com,Australia,2025-12-15,Standard,1574.83
4585,Maya Miller,maya.miller4585@shopmail.com,United States,2021-05-18,Standard,205.04
4586,Priya Brown,priya.brown4586@shopmail.com,Australia,2023-05-11,Standard,1018.45
4587,Henry Martin,henry.martin4587@shopmail.com,United Kingdom,2020-10-12,Standard,4347.73
4588,Kai Cohen,kai.cohen4588@shopmail.com,Australia,2024-04-01,Standard,3636.12
4589,Elijah Silva,elijah.silva4589@shopmail.com,Australia,2022-06-07,Standard,3312.99
4590,Isla Chen,isla.chen4590@shopmail.com,India,2022-10-01,Standard,1003.13
4591,Harper Brown,harper.brown4591@shopmail.com,Canada,2020-01-30,Standard,3007.83
4592,Maya Hall,maya.hall4592@shopmail.com,Ireland,2024-10-28,Standard,433.67
4593,Wei Silva,wei.silva4593@shopmail.com,Singapore,2022-10-05,Standard,412.55
4594,Chen Kim,chen.kim4594@shopmail.com,United Kingdom,2022-09-07,Standard,2806.96
4595,Nina Taylor,nina.taylor4595@shopmail.com,United Kingdom,2023-11-21,Standard,3791.30
4596,Sophia Miller,sophia.miller4596@shopmail.com,United Kingdom,2023-04-03,Standard,1181.28
4597,Samuel Williams,samuel.williams4597@shopmail.com,Singapore,2021-07-02,Standard,4023.93
4598,Harper Murphy,harper.murphy4598@shopmail.com,United States,2022-01-14,Standard,2193.29
4599,Lucas Andersen,lucas.andersen4599@shopmail.com,India,2024-09-23,Standard,4784.49
4600,Charlotte Singh,charlotte.singh4600@shopmail.com,Australia,2023-11-06,Standard,4387.74
4601,Wei Taylor,wei.taylor4601@shopmail.com,United States,2020-12-02,Standard,1813.01
4602,Aarav Clark,aarav.clark4602@shopmail.com,Australia,2024-08-15,Standard,367.41
4603,Oliver Rossi,oliver.rossi4603@shopmail.com,United Kingdom,2022-04-18,Standard,1606.86
4604,Yuki Singh,yuki.singh4604@shopmail.com,New Zealand,2020-06-24,Standard,4681.50
4605,Sophia Williams,sophia.williams4605@shopmail.com,Australia,2026-04-13,Standard,2624.94
4606,Elijah Cohen,elijah.cohen4606@shopmail.com,Australia,2020-02-03,Standard,1267.48
4607,Oscar Singh,oscar.singh4607@shopmail.com,Australia,2024-09-25,Standard,644.74
4608,Isla Miller,isla.miller4608@shopmail.com,New Zealand,2022-11-27,Standard,3246.87
4609,Henry Davis,henry.davis4609@shopmail.com,United States,2026-06-29,Standard,1103.60
4610,Priya Martin,priya.martin4610@shopmail.com,Australia,2026-06-14,Standard,1976.45
4611,Liam Singh,liam.singh4611@shopmail.com,United States,2024-07-05,Standard,1248.61
4612,Eva Smith,eva.smith4612@shopmail.com,India,2021-12-12,Standard,831.04
4613,Maya Lewis,maya.lewis4613@shopmail.com,India,2025-09-16,Standard,2180.85
4614,Zara Hall,zara.hall4614@shopmail.com,Ireland,2023-12-07,Standard,537.05
4615,Harper Allen,harper.allen4615@shopmail.com,United States,2025-02-01,Standard,651.77
4616,Oscar Davis,oscar.davis4616@shopmail.com,United States,2022-12-25,Standard,4263.68
4617,Olivia Kowalski,olivia.kowalski4617@shopmail.com,Ireland,2026-03-14,Standard,4607.31
4618,Sophia Miller,sophia.miller4618@shopmail.com,Ireland,2024-04-20,Standard,4027.89
4619,Zara Williams,zara.williams4619@shopmail.com,Australia,2023-06-03,Standard,4546.13
4620,Hugo Khan,hugo.khan4620@shopmail.com,Ireland,2025-11-11,Standard,4325.50
4621,Isla Cohen,isla.cohen4621@shopmail.com,Australia,2026-02-24,Standard,2255.49
4622,Sofia Khan,sofia.khan4622@shopmail.com,Australia,2022-08-16,Standard,1029.36
4623,Wei Murphy,wei.murphy4623@shopmail.com,United States,2020-02-27,Standard,3981.12
4624,Oliver Lee,oliver.lee4624@shopmail.com,Canada,2020-02-04,Standard,2904.21
4625,Samuel Davis,samuel.davis4625@shopmail.com,United Kingdom,2022-03-01,Standard,2460.73
4626,Grace Johnson,grace.johnson4626@shopmail.com,Australia,2026-02-10,Standard,613.04
4627,Elijah Patel,elijah.patel4627@shopmail.com,New Zealand,2021-11-14,Standard,4655.46
4628,Aarav Jones,aarav.jones4628@shopmail.com,Singapore,2021-11-28,Standard,4139.31
4629,Ethan Garcia,ethan.garcia4629@shopmail.com,India,2020-05-22,Standard,3475.97
4630,Sofia Silva,sofia.silva4630@shopmail.com,United States,2021-07-02,Standard,35.15
4631,Zara Jones,zara.jones4631@shopmail.com,Australia,2020-08-19,Standard,3394.93
4632,Oscar Lewis,oscar.lewis4632@shopmail.com,Australia,2026-05-03,Standard,1032.44
4633,Zara Nguyen,zara.nguyen4633@shopmail.com,Ireland,2022-09-10,Standard,4032.91
4634,Noah Brown,noah.brown4634@shopmail.com,India,2025-05-31,Standard,3430.02
4635,Yuki Miller,yuki.miller4635@shopmail.com,Singapore,2021-08-14,Standard,692.15
4636,Zara Andersen,zara.andersen4636@shopmail.com,United States,2020-04-25,Standard,2819.43
4637,Arjun Murphy,arjun.murphy4637@shopmail.com,Australia,2024-05-15,Standard,4718.23
4638,Nina Singh,nina.singh4638@shopmail.com,Australia,2022-01-20,Standard,851.79
4639,Ava Cohen,ava.cohen4639@shopmail.com,New Zealand,2021-08-13,Standard,890.51
4640,James Clark,james.clark4640@shopmail.com,Canada,2022-05-26,Standard,827.48
4641,Oliver Miller,oliver.miller4641@shopmail.com,United States,2020-07-30,Standard,170.14
4642,Yuki Kim,yuki.kim4642@shopmail.com,United States,2024-11-02,Standard,476.24
4643,Charlotte Martin,charlotte.martin4643@shopmail.com,Australia,2025-04-29,Standard,57.60
4644,Maya Chen,maya.chen4644@shopmail.com,United States,2021-11-26,Standard,269.23
4645,Isabella Williams,isabella.williams4645@shopmail.com,Australia,2023-10-05,Standard,3741.28
4646,Harper Chen,harper.chen4646@shopmail.com,Ireland,2024-08-23,Standard,3462.92
4647,Noah Costa,noah.costa4647@shopmail.com,United Kingdom,2022-03-16,Standard,1964.50
4648,Maya Johnson,maya.johnson4648@shopmail.com,Australia,2023-10-20,Standard,2231.26
4649,Eva Hall,eva.hall4649@shopmail.com,Australia,2020-09-02,Standard,459.74
4650,Harper Wilson,harper.wilson4650@shopmail.com,United Kingdom,2026-04-25,Standard,4635.34
4651,Olivia Rossi,olivia.rossi4651@shopmail.com,Australia,2025-03-05,Standard,429.48
4652,Liam Silva,liam.silva4652@shopmail.com,Australia,2021-10-18,Standard,448.92
4653,Amelia Andersen,amelia.andersen4653@shopmail.com,United Kingdom,2026-05-08,Standard,198.03
4654,Isla Murphy,isla.murphy4654@shopmail.com,Australia,2024-05-15,Standard,2378.95
4655,Mia Davis,mia.davis4655@shopmail.com,Australia,2022-11-05,Standard,1517.82
4656,Zara Singh,zara.singh4656@shopmail.com,Ireland,2021-04-03,Standard,4794.21
4657,Sophia Costa,sophia.costa4657@shopmail.com,Australia,2026-02-19,Standard,3877.17
4658,Noah Murphy,noah.murphy4658@shopmail.com,Australia,2025-02-05,Standard,1232.81
4659,Harper Singh,harper.singh4659@shopmail.com,Australia,2021-08-15,Standard,3960.25
4660,Yuki Young,yuki.young4660@shopmail.com,Ireland,2021-06-23,Standard,881.60
4661,Isabella Garcia,isabella.garcia4661@shopmail.com,Singapore,2024-06-15,Standard,73.90
4662,Chen Taylor,chen.taylor4662@shopmail.com,Australia,2026-08-04,Standard,1295.41
4663,Ava Anderson,ava.anderson4663@shopmail.com,Canada,2020-03-10,Standard,2800.04
4664,Yuki Silva,yuki.silva4664@shopmail.com,Ireland,2025-04-27,Standard,4239.85
4665,Charlotte Johnson,charlotte.johnson4665@shopmail.com,Australia,2022-01-18,Standard,2019.20
4666,Sofia Hall,sofia.hall4666@shopmail.com,Australia,2022-07-09,Standard,4430.16
4667,Ruby Singh,ruby.singh4667@shopmail.com,Australia,2025-03-22,Standard,2892.85
4668,Yuki Dubois,yuki.dubois4668@shopmail.com,Australia,2021-07-02,Standard,1297.67
4669,Sofia Patel,sofia.patel4669@shopmail.com,India,2026-01-21,Standard,1683.63
4670,Charlotte Williams,charlotte.williams4670@shopmail.com,Australia,2021-03-09,Standard,510.24
4671,Sophia Hall,sophia.hall4671@shopmail.com,United States,2026-07-09,Standard,4426.50
4672,Ava Thomas,ava.thomas4672@shopmail.com,Ireland,2024-10-26,Standard,2594.36
4673,Jack Young,jack.young4673@shopmail.com,Canada,2026-01-03,Standard,4247.50
4674,Aarav Murphy,aarav.murphy4674@shopmail.com,United States,2024-10-18,Standard,3797.59
4675,Isla Singh,isla.singh4675@shopmail.com,Australia,2022-05-26,Standard,2225.32
4676,Emma Smith,emma.smith4676@shopmail.com,United States,2025-11-22,Standard,1292.32
4677,Henry Clark,henry.clark4677@shopmail.com,Australia,2025-09-24,Standard,3596.17
4678,Chloe Dubois,chloe.dubois4678@shopmail.com,Australia,2026-05-01,Standard,525.77
4679,Liam Cohen,liam.cohen4679@shopmail.com,New Zealand,2026-05-12,Standard,627.02
4680,Leo Walker,leo.walker4680@shopmail.com,Australia,2020-07-25,Standard,1937.59
4681,Kai Moore,kai.moore4681@shopmail.com,United Kingdom,2021-06-07,Standard,4001.31
4682,Priya Lee,priya.lee4682@shopmail.com,New Zealand,2026-01-22,Standard,1291.27
4683,Leo Lewis,leo.lewis4683@shopmail.com,United States,2020-06-09,Standard,2420.01
4684,Sophia Lee,sophia.lee4684@shopmail.com,India,2025-12-01,Standard,1969.05
4685,Zara Kowalski,zara.kowalski4685@shopmail.com,Australia,2021-08-29,Standard,3429.20
4686,James Thomas,james.thomas4686@shopmail.com,Australia,2021-11-12,Standard,956.65
4687,Oscar Anderson,oscar.anderson4687@shopmail.com,Australia,2024-01-11,Standard,4332.78
4688,James Martin,james.martin4688@shopmail.com,Ireland,2022-06-11,Standard,9.50
4689,Olivia Johnson,olivia.johnson4689@shopmail.com,United States,2025-10-26,Standard,1809.14
4690,Wei Chen,wei.chen4690@shopmail.com,United States,2022-09-07,Standard,2849.97
4691,Samuel Smith,samuel.smith4691@shopmail.com,Australia,2025-10-15,Standard,2501.24
4692,Nina Garcia,nina.garcia4692@shopmail.com,Australia,2022-10-29,Standard,571.73
4693,James Johnson,james.johnson4693@shopmail.com,India,2021-01-13,Standard,1845.52
4694,Isabella Harris,isabella.harris4694@shopmail.com,Australia,2025-07-18,Standard,967.40
4695,Henry Andersen,henry.andersen4695@shopmail.com,Ireland,2026-06-22,Standard,3488.43
4696,Samuel Williams,samuel.williams4696@shopmail.com,United Kingdom,2020-02-06,Standard,2600.53
4697,Chen Walker,chen.walker4697@shopmail.com,United States,2020-12-02,Standard,4525.45
4698,Arjun Kowalski,arjun.kowalski4698@shopmail.com,United States,2022-11-22,Standard,1864.84
4699,Liam Brown,liam.brown4699@shopmail.com,Australia,2026-08-11,Standard,2472.24
4700,Ethan Harris,ethan.harris4700@shopmail.com,United Kingdom,2021-05-01,Standard,4273.53
4701,Harper Silva,harper.silva4701@shopmail.com,Australia,2021-01-28,Standard,2512.28
4702,Ava Hall,ava.hall4702@shopmail.com,Australia,2026-03-24,Standard,3099.66
4703,Aarav Allen,aarav.allen4703@shopmail.com,United States,2021-08-02,Standard,3644.30
4704,Yuki Anderson,yuki.anderson4704@shopmail.com,Australia,2022-02-13,Standard,3052.43
4705,James Jones,james.jones4705@shopmail.com,United Kingdom,2022-04-13,Standard,1554.92
4706,Harper Lewis,harper.lewis4706@shopmail.com,United Kingdom,2024-08-10,Standard,143.86
4707,Priya Kim,priya.kim4707@shopmail.com,India,2022-10-22,Standard,1360.24
4708,Zara Chen,zara.chen4708@shopmail.com,United Kingdom,2024-12-13,Standard,711.70
4709,Emma Miller,emma.miller4709@shopmail.com,Australia,2026-03-04,Standard,662.15
4710,Olivia Wilson,olivia.wilson4710@shopmail.com,Canada,2026-01-17,Standard,4369.20
4711,Isla Anderson,isla.anderson4711@shopmail.com,Australia,2022-06-30,Standard,2464.03
4712,Eva Young,eva.young4712@shopmail.com,Australia,2021-09-03,Standard,4612.67
4713,Jack Anderson,jack.anderson4713@shopmail.com,Australia,2025-12-14,Standard,1663.92
4714,Noah Cohen,noah.cohen4714@shopmail.com,New Zealand,2023-08-23,Standard,4343.21
4715,Henry Lee,henry.lee4715@shopmail.com,Ireland,2024-01-08,Standard,3058.43
4716,Mason Singh,mason.singh4716@shopmail.com,New Zealand,2021-10-16,Standard,4564.97
4717,Ethan Patel,ethan.patel4717@shopmail.com,United States,2020-03-12,Standard,40.42
4718,Ava Thomas,ava.thomas4718@shopmail.com,India,2021-01-22,Standard,4763.95
4719,Arjun Wilson,arjun.wilson4719@shopmail.com,United States,2023-09-21,Standard,514.48
4720,Sophia Singh,sophia.singh4720@shopmail.com,Australia,2021-12-24,Standard,3774.25
4721,Priya Patel,priya.patel4721@shopmail.com,India,2020-03-14,Standard,1376.95
4722,Jack Davis,jack.davis4722@shopmail.com,Australia,2020-09-06,Standard,2230.31
4723,Mia Lee,mia.lee4723@shopmail.com,Australia,2022-12-19,Standard,2047.06
4724,Olivia Brown,olivia.brown4724@shopmail.com,Australia,2021-06-07,Standard,2695.48
4725,Kai Anderson,kai.anderson4725@shopmail.com,United States,2020-12-20,Standard,142.20
4726,Mia Moore,mia.moore4726@shopmail.com,Australia,2026-05-14,Standard,3528.04
4727,Leo Jones,leo.jones4727@shopmail.com,United Kingdom,2021-01-01,Standard,600.45
4728,Aarav Andersen,aarav.andersen4728@shopmail.com,Canada,2024-03-12,Standard,55.34
4729,Leo Kowalski,leo.kowalski4729@shopmail.com,Ireland,2023-08-24,Standard,1077.06
4730,Aarav Walker,aarav.walker4730@shopmail.com,United Kingdom,2020-07-07,Standard,4659.10
4731,Yuki Taylor,yuki.taylor4731@shopmail.com,Australia,2024-12-06,Standard,2011.02
4732,Ethan Walker,ethan.walker4732@shopmail.com,United Kingdom,2020-04-13,Standard,513.94
4733,Ava Allen,ava.allen4733@shopmail.com,Australia,2020-01-29,Standard,1756.56
4734,Amelia Walker,amelia.walker4734@shopmail.com,United States,2021-09-01,Standard,1245.47
4735,Sofia Dubois,sofia.dubois4735@shopmail.com,United Kingdom,2020-12-06,Standard,2357.61
4736,Grace Andersen,grace.andersen4736@shopmail.com,Australia,2021-10-30,Standard,4512.97
4737,Oliver Wilson,oliver.wilson4737@shopmail.com,United States,2022-01-20,Standard,1892.36
4738,James Khan,james.khan4738@shopmail.com,United Kingdom,2024-09-09,Standard,3377.24
4739,Charlotte Patel,charlotte.patel4739@shopmail.com,Canada,2024-06-27,Standard,4572.98
4740,Elijah Lewis,elijah.lewis4740@shopmail.com,Australia,2024-12-15,Standard,4242.60
4741,Grace Andersen,grace.andersen4741@shopmail.com,United States,2025-09-22,Standard,4110.04
4742,Zara Young,zara.young4742@shopmail.com,United States,2025-03-28,Standard,3983.37
4743,Lucas Brown,lucas.brown4743@shopmail.com,Singapore,2022-04-30,Standard,1735.71
4744,Liam Singh,liam.singh4744@shopmail.com,Australia,2025-09-21,Standard,1455.88
4745,Nina Murphy,nina.murphy4745@shopmail.com,New Zealand,2021-08-19,Standard,602.66
4746,Priya Lewis,priya.lewis4746@shopmail.com,Ireland,2022-05-08,Standard,1476.48
4747,Yuki Singh,yuki.singh4747@shopmail.com,Canada,2024-03-29,Standard,2628.88
4748,Sophia Anderson,sophia.anderson4748@shopmail.com,Australia,2023-10-09,Standard,3795.02
4749,Leo Clark,leo.clark4749@shopmail.com,India,2023-12-30,Standard,785.41
4750,Aarav Costa,aarav.costa4750@shopmail.com,Ireland,2021-12-05,Standard,82.52
4751,Jack Lewis,jack.lewis4751@shopmail.com,Ireland,2023-03-05,Standard,3085.53
4752,Ava Davis,ava.davis4752@shopmail.com,Australia,2025-07-12,Standard,3715.73
4753,Maya Dubois,maya.dubois4753@shopmail.com,Australia,2025-12-15,Standard,704.41
4754,Harper Smith,harper.smith4754@shopmail.com,Singapore,2024-10-23,Standard,1120.81
4755,Ethan Allen,ethan.allen4755@shopmail.com,Singapore,2026-07-31,Standard,3786.98
4756,Isla Khan,isla.khan4756@shopmail.com,Ireland,2022-01-02,Standard,3475.28
4757,Kai Nakamura,kai.nakamura4757@shopmail.com,New Zealand,2026-07-31,Standard,3846.58
4758,Maya Johnson,maya.johnson4758@shopmail.com,United Kingdom,2024-07-17,Standard,1246.42
4759,Olivia Patel,olivia.patel4759@shopmail.com,Australia,2021-02-16,Standard,4766.22
4760,Mia Garcia,mia.garcia4760@shopmail.com,Australia,2024-02-28,Standard,1492.81
4761,Zara Garcia,zara.garcia4761@shopmail.com,Ireland,2022-02-02,Standard,1186.25
4762,Olivia Davis,olivia.davis4762@shopmail.com,Canada,2024-07-02,Standard,244.60
4763,Samuel Nakamura,samuel.nakamura4763@shopmail.com,United Kingdom,2020-01-18,Standard,3954.22
4764,Harper Cohen,harper.cohen4764@shopmail.com,Australia,2021-02-15,Standard,3424.94
4765,Isla Kim,isla.kim4765@shopmail.com,Australia,2020-08-27,Standard,972.65
4766,Emma Moore,emma.moore4766@shopmail.com,Australia,2025-01-03,Standard,2643.64
4767,Hugo Brown,hugo.brown4767@shopmail.com,Australia,2021-01-01,Standard,3876.42
4768,Liam Smith,liam.smith4768@shopmail.com,Australia,2023-05-04,Standard,4411.12
4769,Ruby Davis,ruby.davis4769@shopmail.com,Australia,2021-03-14,Standard,3601.02
4770,Oscar Miller,oscar.miller4770@shopmail.com,India,2025-03-26,Standard,3657.25
4771,Arjun Singh,arjun.singh4771@shopmail.com,Australia,2021-03-05,Standard,4246.21
4772,Charlotte Anderson,charlotte.anderson4772@shopmail.com,Ireland,2023-12-24,Standard,3281.97
4773,Samuel Brown,samuel.brown4773@shopmail.com,Canada,2025-09-09,Standard,1240.18
4774,Hugo Young,hugo.young4774@shopmail.com,Singapore,2025-03-26,Standard,3943.08
4775,Chen Nguyen,chen.nguyen4775@shopmail.com,Australia,2021-05-08,Standard,369.80
4776,Chloe Allen,chloe.allen4776@shopmail.com,Australia,2023-10-15,Standard,2544.52
4777,Sophia Johnson,sophia.johnson4777@shopmail.com,United States,2021-11-12,Standard,2678.94
4778,Chloe Nakamura,chloe.nakamura4778@shopmail.com,Canada,2020-01-15,Standard,2264.03
4779,Henry Brown,henry.brown4779@shopmail.com,Canada,2022-07-17,Standard,2246.15
4780,Grace Miller,grace.miller4780@shopmail.com,United Kingdom,2020-04-22,Standard,2652.12
4781,Isla Davis,isla.davis4781@shopmail.com,Ireland,2025-04-09,Standard,4684.55
4782,Isabella Wilson,isabella.wilson4782@shopmail.com,Australia,2026-08-05,Standard,3041.97
4783,Charlotte Clark,charlotte.clark4783@shopmail.com,United States,2025-07-01,Standard,3719.49
4784,Maya Moore,maya.moore4784@shopmail.com,United States,2023-10-19,Standard,4020.01
4785,Liam Silva,liam.silva4785@shopmail.com,United Kingdom,2026-04-11,Standard,4143.80
4786,James Taylor,james.taylor4786@shopmail.com,Ireland,2023-03-20,Standard,2625.74
4787,Arjun Nguyen,arjun.nguyen4787@shopmail.com,Ireland,2023-12-12,Standard,2234.51
4788,Isla Williams,isla.williams4788@shopmail.com,Australia,2021-11-26,Standard,3126.39
4789,Wei Moore,wei.moore4789@shopmail.com,Ireland,2021-07-06,Standard,1023.78
4790,Jack Taylor,jack.taylor4790@shopmail.com,Australia,2021-05-12,Standard,1875.37
4791,Liam Kim,liam.kim4791@shopmail.com,India,2024-04-15,Standard,2647.13
4792,Henry Clark,henry.clark4792@shopmail.com,United Kingdom,2025-04-17,Standard,95.63
4793,Chloe Patel,chloe.patel4793@shopmail.com,Australia,2024-11-24,Standard,2974.77
4794,Sophia Harris,sophia.harris4794@shopmail.com,India,2024-02-02,Standard,3345.51
4795,Isabella Garcia,isabella.garcia4795@shopmail.com,United Kingdom,2020-08-12,Standard,3531.84
4796,Grace Walker,grace.walker4796@shopmail.com,Australia,2024-05-09,Standard,348.96
4797,Ruby Smith,ruby.smith4797@shopmail.com,Australia,2022-03-20,Standard,1747.10
4798,Kai Clark,kai.clark4798@shopmail.com,Ireland,2021-10-03,Standard,1353.93
4799,Amelia Davis,amelia.davis4799@shopmail.com,India,2026-01-13,Standard,4155.37
4800,Nina Wilson,nina.wilson4800@shopmail.com,New Zealand,2026-01-28,Standard,4105.34
4801,Isla Jones,isla.jones4801@shopmail.com,Australia,2020-04-06,Standard,49.05
4802,Oliver Kowalski,oliver.kowalski4802@shopmail.com,India,2020-11-01,Standard,3907.43
4803,Priya Lee,priya.lee4803@shopmail.com,Australia,2021-08-26,Standard,484.48
4804,Noah Kim,noah.kim4804@shopmail.com,United States,2024-02-02,Standard,3665.52
4805,Arjun Kim,arjun.kim4805@shopmail.com,Canada,2023-04-06,Standard,1940.54
4806,Harper Lee,harper.lee4806@shopmail.com,Singapore,2023-09-13,Standard,1116.83
4807,Arjun Garcia,arjun.garcia4807@shopmail.com,Australia,2020-01-13,Standard,1564.09
4808,Sophia Lewis,sophia.lewis4808@shopmail.com,United States,2024-09-18,Standard,1245.97
4809,Isabella Cohen,isabella.cohen4809@shopmail.com,United States,2026-07-25,Standard,3778.74
4810,Sophia Hall,sophia.hall4810@shopmail.com,United States,2022-10-07,Standard,2648.69
4811,Priya Davis,priya.davis4811@shopmail.com,Australia,2026-02-14,Standard,3698.06
4812,Chloe Cohen,chloe.cohen4812@shopmail.com,United Kingdom,2021-02-07,Standard,643.13
4813,Hugo Nguyen,hugo.nguyen4813@shopmail.com,Ireland,2026-04-24,Standard,2389.20
4814,Oliver Allen,oliver.allen4814@shopmail.com,United Kingdom,2022-11-29,Standard,742.87
4815,Liam Rossi,liam.rossi4815@shopmail.com,Australia,2022-07-19,Standard,3524.89
4816,Olivia Anderson,olivia.anderson4816@shopmail.com,New Zealand,2023-04-13,Standard,2088.63
4817,Mateo Lewis,mateo.lewis4817@shopmail.com,United Kingdom,2025-03-09,Standard,2249.11
4818,Liam Patel,liam.patel4818@shopmail.com,Australia,2024-12-13,Standard,488.38
4819,Henry Martin,henry.martin4819@shopmail.com,Australia,2025-08-10,Standard,2226.46
4820,Mateo Kim,mateo.kim4820@shopmail.com,Ireland,2022-12-15,Standard,3622.55
4821,Ruby Andersen,ruby.andersen4821@shopmail.com,Singapore,2022-07-30,Standard,2309.54
4822,Emma Martin,emma.martin4822@shopmail.com,Australia,2025-06-16,Standard,1526.64
4823,Ethan Nakamura,ethan.nakamura4823@shopmail.com,Australia,2022-01-30,Standard,4265.60
4824,Wei Jones,wei.jones4824@shopmail.com,New Zealand,2025-08-23,Standard,4064.05
4825,Henry Taylor,henry.taylor4825@shopmail.com,United Kingdom,2020-07-23,Standard,777.59
4826,Mia Allen,mia.allen4826@shopmail.com,New Zealand,2024-06-03,Standard,3289.21
4827,Jack Anderson,jack.anderson4827@shopmail.com,United States,2022-01-31,Standard,2664.00
4828,Yuki Williams,yuki.williams4828@shopmail.com,United States,2024-09-02,Standard,2057.33
4829,Elijah Smith,elijah.smith4829@shopmail.com,United States,2024-03-25,Standard,3279.32
4830,Isabella Murphy,isabella.murphy4830@shopmail.com,Australia,2022-04-25,Standard,4526.78
4831,Amelia Dubois,amelia.dubois4831@shopmail.com,United Kingdom,2025-05-03,Standard,2004.33
4832,Elijah Patel,elijah.patel4832@shopmail.com,India,2021-05-28,Standard,1045.86
4833,Kai Kowalski,kai.kowalski4833@shopmail.com,Canada,2025-08-26,Standard,4012.30
4834,Eva Brown,eva.brown4834@shopmail.com,United Kingdom,2020-05-03,Standard,3827.19
4835,Kai Nakamura,kai.nakamura4835@shopmail.com,United Kingdom,2022-08-15,Standard,846.55
4836,Chen Nguyen,chen.nguyen4836@shopmail.com,Ireland,2022-08-21,Standard,1246.60
4837,Sofia Johnson,sofia.johnson4837@shopmail.com,Singapore,2025-11-19,Standard,4529.23
4838,Eva Anderson,eva.anderson4838@shopmail.com,United States,2022-03-30,Standard,2773.01
4839,Ava Hall,ava.hall4839@shopmail.com,India,2025-01-14,Standard,2059.51
4840,Aarav Smith,aarav.smith4840@shopmail.com,United Kingdom,2022-02-24,Standard,3272.70
4841,Priya Singh,priya.singh4841@shopmail.com,United States,2020-08-24,Standard,3536.38
4842,Isla Rossi,isla.rossi4842@shopmail.com,United States,2023-10-20,Standard,1652.46
4843,Lucas Kowalski,lucas.kowalski4843@shopmail.com,Australia,2026-07-31,Standard,3381.43
4844,Olivia Harris,olivia.harris4844@shopmail.com,Ireland,2025-11-28,Standard,1246.43
4845,Mia Murphy,mia.murphy4845@shopmail.com,Australia,2024-07-06,Standard,3597.98
4846,Elijah Rossi,elijah.rossi4846@shopmail.com,Canada,2022-04-24,Standard,865.26
4847,Mia Taylor,mia.taylor4847@shopmail.com,Singapore,2021-08-26,Standard,2314.30
4848,Oliver Jones,oliver.jones4848@shopmail.com,United States,2024-02-28,Standard,3125.99
4849,Oscar Kowalski,oscar.kowalski4849@shopmail.com,India,2021-05-09,Standard,4649.82
4850,Oliver Kowalski,oliver.kowalski4850@shopmail.com,Australia,2020-08-22,Standard,3741.30
4851,Lucas Andersen,lucas.andersen4851@shopmail.com,United Kingdom,2021-04-12,Standard,1386.96
4852,Arjun Chen,arjun.chen4852@shopmail.com,India,2026-03-16,Standard,1116.91
4853,Mateo Taylor,mateo.taylor4853@shopmail.com,Australia,2024-10-06,Standard,4585.70
4854,James Martin,james.martin4854@shopmail.com,India,2022-01-03,Standard,898.47
4855,Mia Singh,mia.singh4855@shopmail.com,India,2026-03-01,Standard,66.79
4856,Zara Taylor,zara.taylor4856@shopmail.com,Singapore,2024-06-16,Standard,1289.46
4857,Noah Brown,noah.brown4857@shopmail.com,United Kingdom,2026-02-15,Standard,121.31
4858,Noah Silva,noah.silva4858@shopmail.com,United States,2020-03-20,Standard,4423.64
4859,Ava Chen,ava.chen4859@shopmail.com,Australia,2024-12-30,Standard,4258.05
4860,Liam Allen,liam.allen4860@shopmail.com,Singapore,2020-02-14,Standard,4518.54
4861,Wei Moore,wei.moore4861@shopmail.com,Australia,2022-01-26,Standard,1983.69
4862,Henry Taylor,henry.taylor4862@shopmail.com,New Zealand,2023-02-19,Standard,1808.33
4863,Ethan Davis,ethan.davis4863@shopmail.com,Ireland,2024-12-09,Standard,767.57
4864,Zara Silva,zara.silva4864@shopmail.com,United Kingdom,2022-09-16,Standard,4396.22
4865,James Andersen,james.andersen4865@shopmail.com,Australia,2026-04-24,Standard,156.05
4866,Jack Hall,jack.hall4866@shopmail.com,New Zealand,2020-09-06,Standard,750.11
4867,Sofia Dubois,sofia.dubois4867@shopmail.com,United Kingdom,2021-03-21,Standard,3354.63
4868,Ethan Lee,ethan.lee4868@shopmail.com,Australia,2025-03-07,Standard,3363.43
4869,Oscar Taylor,oscar.taylor4869@shopmail.com,United States,2020-12-22,Standard,768.31
4870,Nina Davis,nina.davis4870@shopmail.com,United Kingdom,2022-06-29,Standard,1670.70
4871,Emma Walker,emma.walker4871@shopmail.com,Ireland,2026-04-25,Standard,3922.10
4872,Emma Wilson,emma.wilson4872@shopmail.com,United Kingdom,2024-09-15,Standard,2172.30
4873,Chen Thomas,chen.thomas4873@shopmail.com,United States,2021-11-11,Standard,2654.23
4874,Yuki Patel,yuki.patel4874@shopmail.com,Australia,2026-08-05,Standard,2348.41
4875,Samuel Nguyen,samuel.nguyen4875@shopmail.com,Australia,2025-01-28,Standard,3469.37
4876,Isla Andersen,isla.andersen4876@shopmail.com,United Kingdom,2023-05-19,Standard,3917.11
4877,Grace Cohen,grace.cohen4877@shopmail.com,United Kingdom,2024-08-17,Standard,4063.14
4878,Olivia Thomas,olivia.thomas4878@shopmail.com,Australia,2026-02-12,Standard,49.10
4879,Oliver Costa,oliver.costa4879@shopmail.com,Australia,2020-07-09,Standard,796.34
4880,Noah Nguyen,noah.nguyen4880@shopmail.com,Ireland,2023-05-10,Standard,4234.16
4881,Harper Williams,harper.williams4881@shopmail.com,New Zealand,2022-11-27,Standard,2602.63
4882,Liam Lee,liam.lee4882@shopmail.com,Australia,2021-10-04,Standard,1672.78
4883,Mason Harris,mason.harris4883@shopmail.com,Australia,2021-12-10,Standard,31.49
4884,Lucas Harris,lucas.harris4884@shopmail.com,United Kingdom,2020-10-02,Standard,195.54
4885,Mateo Allen,mateo.allen4885@shopmail.com,United Kingdom,2020-08-31,Standard,544.91
4886,Ethan Allen,ethan.allen4886@shopmail.com,New Zealand,2023-09-07,Standard,3821.83
4887,Liam Lee,liam.lee4887@shopmail.com,United Kingdom,2026-07-07,Standard,2420.61
4888,Arjun Dubois,arjun.dubois4888@shopmail.com,New Zealand,2022-05-02,Standard,2994.15
4889,Harper Moore,harper.moore4889@shopmail.com,Australia,2023-04-21,Standard,4079.05
4890,Jack Thomas,jack.thomas4890@shopmail.com,India,2024-10-13,Standard,634.86
4891,Maya Johnson,maya.johnson4891@shopmail.com,United Kingdom,2026-04-30,Standard,3583.78
4892,Maya Lee,maya.lee4892@shopmail.com,Australia,2021-06-01,Standard,3991.94
4893,Zara Lewis,zara.lewis4893@shopmail.com,Australia,2021-10-24,Standard,4222.58
4894,Emma Silva,emma.silva4894@shopmail.com,Ireland,2023-09-27,Standard,3606.51
4895,Jack Hall,jack.hall4895@shopmail.com,India,2021-07-02,Standard,4566.62
4896,Sophia Anderson,sophia.anderson4896@shopmail.com,Australia,2025-07-26,Standard,1927.14
4897,Noah Murphy,noah.murphy4897@shopmail.com,United States,2023-06-19,Standard,2822.39
4898,Zara Thomas,zara.thomas4898@shopmail.com,Australia,2020-03-01,Standard,1842.87
4899,Eva Lewis,eva.lewis4899@shopmail.com,Singapore,2021-01-15,Standard,2718.51
4900,Chloe Allen,chloe.allen4900@shopmail.com,India,2021-02-04,Standard,2812.59
4901,Mia Chen,mia.chen4901@shopmail.com,United States,2020-11-07,Standard,3374.36
4902,Oliver Murphy,oliver.murphy4902@shopmail.com,United Kingdom,2022-08-08,Standard,3468.23
4903,Elijah Kowalski,elijah.kowalski4903@shopmail.com,New Zealand,2025-04-23,Standard,1528.81
4904,Isla Chen,isla.chen4904@shopmail.com,New Zealand,2024-04-18,Standard,493.85
4905,Isabella Johnson,isabella.johnson4905@shopmail.com,India,2024-10-09,Standard,578.23
4906,Ethan Johnson,ethan.johnson4906@shopmail.com,Australia,2026-05-28,Standard,2846.84
4907,Maya Lewis,maya.lewis4907@shopmail.com,United Kingdom,2021-07-16,Standard,1298.31
4908,Mason Thomas,mason.thomas4908@shopmail.com,Canada,2021-03-09,Standard,301.41
4909,Ethan Allen,ethan.allen4909@shopmail.com,United Kingdom,2020-02-10,Standard,1525.42
4910,Zara Martin,zara.martin4910@shopmail.com,Canada,2021-07-25,Standard,481.76
4911,Oliver Walker,oliver.walker4911@shopmail.com,Australia,2020-07-21,Standard,2483.64
4912,Chloe Cohen,chloe.cohen4912@shopmail.com,India,2025-03-03,Standard,3061.01
4913,Aarav Rossi,aarav.rossi4913@shopmail.com,India,2021-06-03,Standard,1796.94
4914,Aarav Wilson,aarav.wilson4914@shopmail.com,Australia,2021-01-17,Standard,2408.25
4915,Harper Clark,harper.clark4915@shopmail.com,Singapore,2023-08-09,Standard,3361.98
4916,Maya Davis,maya.davis4916@shopmail.com,India,2022-01-08,Standard,3532.58
4917,James Walker,james.walker4917@shopmail.com,Ireland,2026-02-01,Standard,2318.89
4918,Liam Kowalski,liam.kowalski4918@shopmail.com,United States,2024-04-14,Standard,3981.67
4919,Mason Martin,mason.martin4919@shopmail.com,Australia,2021-11-27,Standard,2826.78
4920,Arjun Kowalski,arjun.kowalski4920@shopmail.com,United Kingdom,2021-01-25,Standard,1718.25
4921,Samuel Brown,samuel.brown4921@shopmail.com,Australia,2023-10-25,Standard,2242.90
4922,Maya Young,maya.young4922@shopmail.com,United Kingdom,2023-01-31,Standard,275.18
4923,Kai Allen,kai.allen4923@shopmail.com,Singapore,2025-08-24,Standard,3770.93
4924,Sofia Nakamura,sofia.nakamura4924@shopmail.com,United States,2022-02-25,Standard,3981.80
4925,Maya Thomas,maya.thomas4925@shopmail.com,Ireland,2023-08-06,Standard,3357.46
4926,Ruby Wilson,ruby.wilson4926@shopmail.com,United Kingdom,2021-12-05,Standard,86.35
4927,Isla Lewis,isla.lewis4927@shopmail.com,United Kingdom,2025-05-29,Standard,601.58
4928,Hugo Thomas,hugo.thomas4928@shopmail.com,United Kingdom,2023-06-03,Standard,4435.09
4929,Priya Nguyen,priya.nguyen4929@shopmail.com,Australia,2026-07-26,Standard,1880.59
4930,Arjun Thomas,arjun.thomas4930@shopmail.com,Australia,2022-01-21,Standard,4173.97
4931,James Miller,james.miller4931@shopmail.com,United States,2022-01-21,Standard,1692.81
4932,Jack Thomas,jack.thomas4932@shopmail.com,Ireland,2023-05-13,Standard,2146.67
4933,Arjun Singh,arjun.singh4933@shopmail.com,Australia,2026-08-09,Standard,3650.30
4934,Mia Smith,mia.smith4934@shopmail.com,Australia,2021-11-25,Standard,3806.01
4935,Harper Lewis,harper.lewis4935@shopmail.com,Australia,2023-03-23,Standard,2734.71
4936,Mia Smith,mia.smith4936@shopmail.com,Ireland,2020-02-25,Standard,2906.33
4937,Grace Chen,grace.chen4937@shopmail.com,Australia,2024-12-21,Standard,190.84
4938,Grace Chen,grace.chen4938@shopmail.com,Australia,2022-12-10,Standard,4409.09
4939,Chen Brown,chen.brown4939@shopmail.com,India,2024-01-19,Standard,2065.48
4940,Mia Jones,mia.jones4940@shopmail.com,United States,2023-03-13,Standard,3105.68
4941,Olivia Lee,olivia.lee4941@shopmail.com,India,2020-11-02,Standard,239.53
4942,Ava Costa,ava.costa4942@shopmail.com,Australia,2022-10-03,Standard,1779.53
4943,Mason Andersen,mason.andersen4943@shopmail.com,India,2021-12-28,Standard,645.45
4944,Yuki Rossi,yuki.rossi4944@shopmail.com,Australia,2020-12-21,Standard,4558.26
4945,Ethan Kim,ethan.kim4945@shopmail.com,Australia,2020-07-10,Standard,2015.39
4946,Olivia Nakamura,olivia.nakamura4946@shopmail.com,Australia,2025-03-04,Standard,2332.10
4947,Liam Hall,liam.hall4947@shopmail.com,United Kingdom,2023-02-24,Standard,1921.12
4948,Grace Brown,grace.brown4948@shopmail.com,United States,2024-11-20,Standard,4177.48
4949,Jack Young,jack.young4949@shopmail.com,Australia,2025-11-23,Standard,3423.50
4950,Sofia Smith,sofia.smith4950@shopmail.com,Australia,2026-06-02,Standard,1562.71
4951,Henry Taylor,henry.taylor4951@shopmail.com,Australia,2023-01-16,Standard,2033.56
4952,Chloe Kowalski,chloe.kowalski4952@shopmail.com,Singapore,2021-08-23,Standard,4115.47
4953,Sophia Martin,sophia.martin4953@shopmail.com,Australia,2024-08-07,Standard,550.40
4954,Samuel Clark,samuel.clark4954@shopmail.com,New Zealand,2021-01-16,Standard,4631.99
4955,Yuki Wilson,yuki.wilson4955@shopmail.com,Australia,2021-02-10,Standard,1867.63
4956,Zara Young,zara.young4956@shopmail.com,Australia,2022-03-16,Standard,2206.88
4957,Henry Murphy,henry.murphy4957@shopmail.com,Singapore,2024-05-09,Standard,2512.12
4958,Ruby Singh,ruby.singh4958@shopmail.com,Ireland,2020-05-09,Standard,2025.55
4959,Amelia Clark,amelia.clark4959@shopmail.com,India,2023-04-12,Standard,864.29
4960,Liam Lewis,liam.lewis4960@shopmail.com,United Kingdom,2020-10-11,Standard,2272.23
4961,Chen Miller,chen.miller4961@shopmail.com,United States,2026-03-04,Standard,2118.63
4962,Ava Cohen,ava.cohen4962@shopmail.com,India,2026-05-01,Standard,906.17
4963,Yuki Taylor,yuki.taylor4963@shopmail.com,Australia,2021-11-21,Standard,1377.75
4964,Ethan Silva,ethan.silva4964@shopmail.com,New Zealand,2022-12-28,Standard,3703.18
4965,Noah Cohen,noah.cohen4965@shopmail.com,Australia,2022-06-16,Standard,1289.61
4966,Leo Allen,leo.allen4966@shopmail.com,Ireland,2022-03-15,Standard,2404.72
4967,Charlotte Costa,charlotte.costa4967@shopmail.com,New Zealand,2025-01-11,Standard,2737.31
4968,James Thomas,james.thomas4968@shopmail.com,United Kingdom,2023-04-16,Standard,3709.01
4969,Mateo Lee,mateo.lee4969@shopmail.com,United Kingdom,2021-07-14,Standard,2006.50
4970,Nina Williams,nina.williams4970@shopmail.com,New Zealand,2025-03-30,Standard,830.19
4971,Kai Kowalski,kai.kowalski4971@shopmail.com,Canada,2022-12-26,Standard,303.45
4972,James Smith,james.smith4972@shopmail.com,India,2023-10-20,Standard,1090.26
4973,Chen Hall,chen.hall4973@shopmail.com,United States,2023-01-02,Standard,837.03
4974,Jack Lewis,jack.lewis4974@shopmail.com,Australia,2023-08-08,Standard,3745.10
4975,Eva Johnson,eva.johnson4975@shopmail.com,Ireland,2020-05-13,Standard,2791.45
4976,Ethan Murphy,ethan.murphy4976@shopmail.com,United States,2020-11-14,Standard,1256.88
4977,Leo Brown,leo.brown4977@shopmail.com,New Zealand,2025-06-24,Standard,4062.86
4978,Grace Miller,grace.miller4978@shopmail.com,New Zealand,2022-06-28,Standard,2186.93
4979,Kai Clark,kai.clark4979@shopmail.com,New Zealand,2022-05-19,Standard,2193.77
4980,Jack Kim,jack.kim4980@shopmail.com,Australia,2026-01-29,Standard,3611.72
4981,Sofia Singh,sofia.singh4981@shopmail.com,New Zealand,2024-08-23,Standard,4075.58
4982,Elijah Kim,elijah.kim4982@shopmail.com,Ireland,2022-08-15,Standard,1939.83
4983,Noah Nguyen,noah.nguyen4983@shopmail.com,Singapore,2023-05-01,Standard,4234.89
4984,Ava Nakamura,ava.nakamura4984@shopmail.com,United Kingdom,2025-10-20,Standard,3583.42
4985,Nina Williams,nina.williams4985@shopmail.com,Australia,2021-09-02,Standard,2173.50
4986,Lucas Costa,lucas.costa4986@shopmail.com,Australia,2020-02-15,Standard,3729.94
4987,Yuki Allen,yuki.allen4987@shopmail.com,Australia,2025-02-04,Standard,3119.10
4988,Arjun Kim,arjun.kim4988@shopmail.com,Australia,2023-04-03,Standard,4686.21
4989,Mateo Singh,mateo.singh4989@shopmail.com,Ireland,2024-10-20,Standard,159.68
4990,Liam Lee,liam.lee4990@shopmail.com,Canada,2022-10-12,Standard,2132.19
4991,Leo Khan,leo.khan4991@shopmail.com,Australia,2022-05-15,Standard,129.84
4992,Ruby Silva,ruby.silva4992@shopmail.com,Singapore,2022-05-14,Standard,106.82
4993,Jack Murphy,jack.murphy4993@shopmail.com,Canada,2021-05-07,Standard,2630.37
4994,Elijah Taylor,elijah.taylor4994@shopmail.com,Canada,2022-01-21,Standard,2019.02
4995,Ruby Costa,ruby.costa4995@shopmail.com,Singapore,2023-02-25,Standard,3725.29
4996,Samuel Johnson,samuel.johnson4996@shopmail.com,Ireland,2025-09-27,Standard,2170.19
4997,Isla Kowalski,isla.kowalski4997@shopmail.com,United Kingdom,2022-06-12,Standard,2411.43
4998,Chen Williams,chen.williams4998@shopmail.com,United Kingdom,2025-04-12,Standard,3606.86
4999,Nina Singh,nina.singh4999@shopmail.com,Australia,2023-06-01,Standard,3262.74
5000,Lucas Khan,lucas.khan5000@shopmail.com,Canada,2025-08-25,Standard,3628.51
5001,Jack Johnson,jack.johnson5001@shopmail.com,Canada,2023-07-13,Standard,3834.34
5002,Priya Johnson,priya.johnson5002@shopmail.com,Singapore,2023-05-24,Standard,2740.81
5003,Elijah Davis,elijah.davis5003@shopmail.com,Canada,2025-02-08,Standard,281.68
5004,Arjun Kowalski,arjun.kowalski5004@shopmail.com,Ireland,2020-11-14,Standard,2616.31
5005,Jack Silva,jack.silva5005@shopmail.com,Australia,2024-07-25,Standard,1875.62
5006,Mia Brown,mia.brown5006@shopmail.com,Ireland,2020-10-12,Standard,1930.65
5007,Lucas Costa,lucas.costa5007@shopmail.com,Singapore,2020-03-01,Standard,2277.92
5008,Hugo Taylor,hugo.taylor5008@shopmail.com,Ireland,2025-09-15,Standard,4028.67
5009,Ava Costa,ava.costa5009@shopmail.com,United States,2021-10-16,Standard,2354.58
5010,Arjun Anderson,arjun.anderson5010@shopmail.com,United Kingdom,2023-08-15,Standard,4635.72
5011,Amelia Lee,amelia.lee5011@shopmail.com,United States,2021-01-05,Standard,2196.20
5012,James Andersen,james.andersen5012@shopmail.com,United Kingdom,2023-06-15,Standard,2931.58
5013,Lucas Chen,lucas.chen5013@shopmail.com,India,2023-04-10,Standard,757.13
5014,Amelia Andersen,amelia.andersen5014@shopmail.com,Singapore,2022-08-18,Standard,4667.89
5015,Ava Harris,ava.harris5015@shopmail.com,United Kingdom,2023-05-23,Standard,3298.02
5016,Eva Johnson,eva.johnson5016@shopmail.com,Australia,2023-03-02,Standard,1722.20
5017,Nina Singh,nina.singh5017@shopmail.com,United States,2020-04-19,Standard,4770.64
5018,Eva Taylor,eva.taylor5018@shopmail.com,Australia,2023-10-24,Standard,3933.72
5019,Chloe Moore,chloe.moore5019@shopmail.com,Australia,2024-02-15,Standard,1240.63
5020,Eva Nakamura,eva.nakamura5020@shopmail.com,Australia,2023-01-17,Standard,1113.60
5021,Isla Lewis,isla.lewis5021@shopmail.com,Singapore,2022-10-01,Standard,3896.27
5022,Isabella Jones,isabella.jones5022@shopmail.com,United States,2026-01-15,Standard,535.90
5023,Ruby Khan,ruby.khan5023@shopmail.com,Australia,2024-05-01,Standard,3043.28
5024,Zara Lee,zara.lee5024@shopmail.com,Singapore,2021-04-11,Standard,1649.95
5025,Kai Brown,kai.brown5025@shopmail.com,Australia,2024-04-03,Standard,3122.36
5026,Aarav Anderson,aarav.anderson5026@shopmail.com,Singapore,2025-09-24,Standard,447.14
5027,James Moore,james.moore5027@shopmail.com,United States,2020-07-08,Standard,549.30
5028,Emma Anderson,emma.anderson5028@shopmail.com,United Kingdom,2023-05-07,Standard,204.15
5029,Emma Martin,emma.martin5029@shopmail.com,Australia,2025-10-02,Standard,3019.70
5030,Liam Nakamura,liam.nakamura5030@shopmail.com,Singapore,2020-09-25,Standard,2180.46
5031,Jack Anderson,jack.anderson5031@shopmail.com,United States,2021-11-09,Standard,2883.06
5032,Grace Dubois,grace.dubois5032@shopmail.com,Australia,2023-04-27,Standard,3998.03
5033,Kai Hall,kai.hall5033@shopmail.com,Ireland,2020-05-03,Standard,3170.46
5034,Olivia Rossi,olivia.rossi5034@shopmail.com,Australia,2025-10-15,Standard,2436.68
5035,Hugo Allen,hugo.allen5035@shopmail.com,India,2022-01-23,Standard,3079.61
5036,Henry Lewis,henry.lewis5036@shopmail.com,Australia,2020-11-04,Standard,2010.95
5037,James Kowalski,james.kowalski5037@shopmail.com,India,2021-04-05,Standard,3452.32
5038,Charlotte Davis,charlotte.davis5038@shopmail.com,Australia,2025-04-18,Standard,1949.49
5039,Elijah Smith,elijah.smith5039@shopmail.com,United States,2020-05-15,Standard,2545.84
5040,Olivia Harris,olivia.harris5040@shopmail.com,India,2021-05-06,Standard,2190.19
5041,Mia Singh,mia.singh5041@shopmail.com,Australia,2022-12-19,Standard,1346.93
5042,Amelia Hall,amelia.hall5042@shopmail.com,Ireland,2024-04-11,Standard,3025.03
5043,Mia Clark,mia.clark5043@shopmail.com,United Kingdom,2025-11-07,Standard,3266.24
5044,Oscar Smith,oscar.smith5044@shopmail.com,Australia,2022-01-01,Standard,52.57
5045,Wei Anderson,wei.anderson5045@shopmail.com,New Zealand,2021-10-26,Standard,3156.62
5046,Mateo Martin,mateo.martin5046@shopmail.com,United Kingdom,2020-03-17,Standard,2810.72
5047,Isabella Lee,isabella.lee5047@shopmail.com,United States,2024-01-31,Standard,1193.49
5048,Mia Dubois,mia.dubois5048@shopmail.com,New Zealand,2026-05-23,Standard,2166.48
5049,Emma Harris,emma.harris5049@shopmail.com,India,2024-03-23,Standard,3115.32
5050,Chloe Smith,chloe.smith5050@shopmail.com,Australia,2023-04-17,Standard,1162.96
5051,Priya Wilson,priya.wilson5051@shopmail.com,Ireland,2023-06-16,Standard,201.74
5052,Sofia Lee,sofia.lee5052@shopmail.com,Canada,2024-10-06,Standard,1228.04
5053,Ava Andersen,ava.andersen5053@shopmail.com,United States,2024-02-13,Standard,3738.65
5054,Zara Johnson,zara.johnson5054@shopmail.com,Australia,2024-06-26,Standard,3969.93
5055,Zara Khan,zara.khan5055@shopmail.com,United States,2021-08-24,Standard,570.51
5056,Nina Silva,nina.silva5056@shopmail.com,United States,2022-10-15,Standard,2485.30
5057,Zara Chen,zara.chen5057@shopmail.com,United Kingdom,2021-09-15,Standard,4795.50
5058,Elijah Lee,elijah.lee5058@shopmail.com,United Kingdom,2020-06-06,Standard,1829.57
5059,Henry Nakamura,henry.nakamura5059@shopmail.com,United Kingdom,2023-03-08,Standard,2809.47
5060,Elijah Nguyen,elijah.nguyen5060@shopmail.com,India,2023-06-25,Standard,2721.35
5061,Oscar Taylor,oscar.taylor5061@shopmail.com,Australia,2020-07-25,Standard,4566.32
5062,Mia Nakamura,mia.nakamura5062@shopmail.com,United Kingdom,2022-01-25,Standard,795.77
5063,Grace Costa,grace.costa5063@shopmail.com,India,2021-06-11,Standard,53.18
5064,Grace Chen,grace.chen5064@shopmail.com,Australia,2025-02-01,Standard,4553.41
5065,Nina Singh,nina.singh5065@shopmail.com,Australia,2022-02-13,Standard,4284.19
5066,Charlotte Anderson,charlotte.anderson5066@shopmail.com,India,2026-02-23,Standard,1190.15
5067,Priya Dubois,priya.dubois5067@shopmail.com,Canada,2025-05-09,Standard,4152.77
5068,Jack Dubois,jack.dubois5068@shopmail.com,United States,2025-03-15,Standard,3408.55
5069,Chloe Taylor,chloe.taylor5069@shopmail.com,United Kingdom,2024-11-11,Standard,59.32
5070,Sophia Harris,sophia.harris5070@shopmail.com,New Zealand,2025-11-21,Standard,828.80
5071,Kai Clark,kai.clark5071@shopmail.com,India,2022-10-08,Standard,459.10
5072,Mason Nakamura,mason.nakamura5072@shopmail.com,Canada,2022-02-15,Standard,4685.03
5073,Eva Garcia,eva.garcia5073@shopmail.com,Australia,2021-05-31,Standard,1931.76
5074,Olivia Smith,olivia.smith5074@shopmail.com,Australia,2023-04-01,Standard,1427.96
5075,Henry Chen,henry.chen5075@shopmail.com,Australia,2020-10-02,Standard,4591.60
5076,Yuki Lee,yuki.lee5076@shopmail.com,Australia,2023-03-10,Standard,3509.23
5077,Nina Jones,nina.jones5077@shopmail.com,Australia,2023-05-15,Standard,567.40
5078,Amelia Nakamura,amelia.nakamura5078@shopmail.com,Ireland,2026-06-12,Standard,2379.39
5079,Isabella Andersen,isabella.andersen5079@shopmail.com,United States,2021-06-26,Standard,159.23
5080,Samuel Andersen,samuel.andersen5080@shopmail.com,United Kingdom,2023-09-02,Standard,3997.55
5081,Charlotte Walker,charlotte.walker5081@shopmail.com,Australia,2021-07-08,Standard,1424.89
5082,James Allen,james.allen5082@shopmail.com,India,2021-09-11,Standard,266.93
5083,Mia Lee,mia.lee5083@shopmail.com,United Kingdom,2022-08-08,Standard,148.71
5084,Oscar Kowalski,oscar.kowalski5084@shopmail.com,United Kingdom,2021-02-23,Standard,2987.45
5085,Aarav Dubois,aarav.dubois5085@shopmail.com,India,2024-06-29,Standard,600.49
5086,Nina Andersen,nina.andersen5086@shopmail.com,Australia,2024-02-24,Standard,1931.03
5087,Elijah Smith,elijah.smith5087@shopmail.com,Australia,2025-04-24,Standard,3162.63
5088,Harper Smith,harper.smith5088@shopmail.com,United States,2024-07-31,Standard,1963.39
5089,Kai Kowalski,kai.kowalski5089@shopmail.com,India,2023-09-26,Standard,4695.22
5090,Isabella Young,isabella.young5090@shopmail.com,Australia,2023-06-22,Standard,1189.96
5091,Yuki Cohen,yuki.cohen5091@shopmail.com,New Zealand,2021-05-08,Standard,3411.94
5092,Priya Lee,priya.lee5092@shopmail.com,Australia,2022-03-06,Standard,2314.38
5093,Samuel Hall,samuel.hall5093@shopmail.com,United Kingdom,2021-02-01,Standard,61.12
5094,Oscar Cohen,oscar.cohen5094@shopmail.com,United States,2022-03-15,Standard,3083.35
5095,Noah Cohen,noah.cohen5095@shopmail.com,United Kingdom,2020-09-11,Standard,1083.63
5096,Ava Costa,ava.costa5096@shopmail.com,Ireland,2022-01-04,Standard,4636.79
5097,Isabella Allen,isabella.allen5097@shopmail.com,India,2026-07-19,Standard,2868.58
5098,Noah Moore,noah.moore5098@shopmail.com,United States,2025-06-06,Standard,928.21
5099,Henry Williams,henry.williams5099@shopmail.com,Australia,2023-05-06,Standard,3512.46
5100,Wei Walker,wei.walker5100@shopmail.com,New Zealand,2025-01-11,Standard,1375.73
5101,Eva Smith,eva.smith5101@shopmail.com,Ireland,2023-01-14,Standard,2368.24
5102,Olivia Silva,olivia.silva5102@shopmail.com,Canada,2025-12-29,Standard,1996.72
5103,Elijah Lee,elijah.lee5103@shopmail.com,United Kingdom,2020-09-26,Standard,4430.42
5104,James Murphy,james.murphy5104@shopmail.com,United Kingdom,2023-08-09,Standard,365.84
5105,Eva Jones,eva.jones5105@shopmail.com,Ireland,2025-04-14,Standard,3023.40
5106,Arjun Patel,arjun.patel5106@shopmail.com,Australia,2025-06-02,Standard,3336.37
5107,Lucas Andersen,lucas.andersen5107@shopmail.com,India,2023-11-22,Standard,376.59
5108,Sofia Kim,sofia.kim5108@shopmail.com,Australia,2022-11-13,Standard,177.79
5109,Noah Dubois,noah.dubois5109@shopmail.com,Ireland,2023-12-21,Standard,2442.64
5110,Sofia Patel,sofia.patel5110@shopmail.com,United States,2020-11-19,Standard,3498.81
5111,Oliver Hall,oliver.hall5111@shopmail.com,United States,2022-12-03,Standard,1301.99
5112,Samuel Chen,samuel.chen5112@shopmail.com,Singapore,2024-02-07,Standard,1194.61
5113,Sophia Chen,sophia.chen5113@shopmail.com,Australia,2025-07-07,Standard,3942.04
5114,James Brown,james.brown5114@shopmail.com,New Zealand,2020-02-16,Standard,2821.59
5115,James Walker,james.walker5115@shopmail.com,United Kingdom,2023-06-30,Standard,562.70
5116,Zara Johnson,zara.johnson5116@shopmail.com,Ireland,2022-10-15,Standard,2900.19
5117,Maya Anderson,maya.anderson5117@shopmail.com,Australia,2020-11-29,Standard,3860.51
5118,Olivia Martin,olivia.martin5118@shopmail.com,India,2024-04-16,Standard,1889.55
5119,Lucas Williams,lucas.williams5119@shopmail.com,Australia,2025-10-05,Standard,1784.38
5120,Maya Dubois,maya.dubois5120@shopmail.com,United Kingdom,2023-02-15,Standard,3016.04
5121,Olivia Silva,olivia.silva5121@shopmail.com,United States,2026-01-22,Standard,59.75
5122,Jack Hall,jack.hall5122@shopmail.com,Australia,2023-10-16,Standard,434.61
5123,Charlotte Young,charlotte.young5123@shopmail.com,Canada,2024-11-26,Standard,3404.61
5124,Amelia Martin,amelia.martin5124@shopmail.com,Canada,2022-08-27,Standard,1644.22
5125,Grace Wilson,grace.wilson5125@shopmail.com,Australia,2020-08-15,Standard,4476.19
5126,Eva Rossi,eva.rossi5126@shopmail.com,New Zealand,2022-12-15,Standard,4080.02
5127,Isla Khan,isla.khan5127@shopmail.com,Australia,2024-11-04,Standard,2339.43
5128,Isla Dubois,isla.dubois5128@shopmail.com,United States,2020-06-23,Standard,2863.59
5129,Liam Davis,liam.davis5129@shopmail.com,India,2021-01-14,Standard,2596.09
5130,Wei Lee,wei.lee5130@shopmail.com,Australia,2021-01-11,Standard,958.52
5131,Isabella Kim,isabella.kim5131@shopmail.com,United Kingdom,2021-02-14,Standard,461.99
5132,Maya Lewis,maya.lewis5132@shopmail.com,United States,2023-10-18,Standard,2692.21
5133,Chen Thomas,chen.thomas5133@shopmail.com,Ireland,2024-06-23,Standard,1156.65
5134,Sophia Davis,sophia.davis5134@shopmail.com,India,2024-07-09,Standard,155.27
5135,Henry Thomas,henry.thomas5135@shopmail.com,Australia,2020-03-15,Standard,1504.99
5136,Eva Murphy,eva.murphy5136@shopmail.com,Singapore,2020-01-29,Standard,2285.03
5137,Zara Nguyen,zara.nguyen5137@shopmail.com,Canada,2023-02-14,Standard,1422.08
5138,Emma Andersen,emma.andersen5138@shopmail.com,Singapore,2021-07-17,Standard,4408.96
5139,Mason Garcia,mason.garcia5139@shopmail.com,United States,2020-09-17,Standard,1388.52
5140,Noah Costa,noah.costa5140@shopmail.com,United Kingdom,2022-09-25,Standard,2767.58
5141,Grace Cohen,grace.cohen5141@shopmail.com,Ireland,2024-05-06,Standard,4789.45
5142,Elijah Singh,elijah.singh5142@shopmail.com,Australia,2022-10-13,Standard,1568.24
5143,Nina Kim,nina.kim5143@shopmail.com,Australia,2024-01-28,Standard,1114.03
5144,James Wilson,james.wilson5144@shopmail.com,Canada,2024-04-23,Standard,353.63
5145,Maya Walker,maya.walker5145@shopmail.com,Australia,2021-06-15,Standard,1795.06
5146,Arjun Silva,arjun.silva5146@shopmail.com,Australia,2022-06-04,Standard,4352.88
5147,Kai Chen,kai.chen5147@shopmail.com,Australia,2023-09-16,Standard,4455.01
5148,Emma Chen,emma.chen5148@shopmail.com,Australia,2020-06-19,Standard,1901.89
5149,Harper Kowalski,harper.kowalski5149@shopmail.com,Australia,2024-02-28,Standard,211.28
5150,Kai Garcia,kai.garcia5150@shopmail.com,Singapore,2024-10-22,Standard,1276.71
5151,James Andersen,james.andersen5151@shopmail.com,India,2021-05-09,Standard,52.56
5152,Amelia Williams,amelia.williams5152@shopmail.com,India,2021-04-29,Standard,4744.50
5153,Emma Harris,emma.harris5153@shopmail.com,Singapore,2020-04-28,Standard,687.18
5154,Elijah Johnson,elijah.johnson5154@shopmail.com,India,2022-12-10,Standard,1627.04
5155,Mason Rossi,mason.rossi5155@shopmail.com,Ireland,2024-02-28,Standard,2728.43
5156,Eva Nguyen,eva.nguyen5156@shopmail.com,Australia,2021-04-04,Standard,2757.49
5157,Mia Chen,mia.chen5157@shopmail.com,Australia,2020-07-21,Standard,2991.75
5158,Maya Kowalski,maya.kowalski5158@shopmail.com,Australia,2021-06-28,Standard,4142.59
5159,Henry Patel,henry.patel5159@shopmail.com,United States,2023-04-24,Standard,3175.61
5160,Aarav Lewis,aarav.lewis5160@shopmail.com,Singapore,2021-07-15,Standard,210.45
5161,Wei Dubois,wei.dubois5161@shopmail.com,India,2023-02-27,Standard,3328.73
5162,Chen Lee,chen.lee5162@shopmail.com,United States,2021-01-05,Standard,596.91
5163,Olivia Dubois,olivia.dubois5163@shopmail.com,Australia,2026-02-22,Standard,2857.17
5164,Sofia Patel,sofia.patel5164@shopmail.com,United States,2022-05-15,Standard,1360.29
5165,Wei Allen,wei.allen5165@shopmail.com,United Kingdom,2024-07-21,Standard,753.12
5166,Lucas Nguyen,lucas.nguyen5166@shopmail.com,Australia,2021-05-20,Standard,2367.95
5167,Oscar Brown,oscar.brown5167@shopmail.com,United Kingdom,2024-07-26,Standard,1823.45
5168,Harper Singh,harper.singh5168@shopmail.com,Australia,2024-09-16,Standard,4033.71
5169,Yuki Andersen,yuki.andersen5169@shopmail.com,United Kingdom,2020-05-04,Standard,2148.70
5170,Wei Silva,wei.silva5170@shopmail.com,Singapore,2021-09-23,Standard,3637.29
5171,Jack Johnson,jack.johnson5171@shopmail.com,Australia,2022-03-16,Standard,1695.93
5172,Noah Nguyen,noah.nguyen5172@shopmail.com,United States,2024-02-04,Standard,130.43
5173,Mateo Moore,mateo.moore5173@shopmail.com,Singapore,2020-01-18,Standard,325.69
5174,Ethan Garcia,ethan.garcia5174@shopmail.com,United Kingdom,2025-07-28,Standard,3883.02
5175,Priya Kowalski,priya.kowalski5175@shopmail.com,Australia,2023-11-21,Standard,2527.48
5176,Nina Brown,nina.brown5176@shopmail.com,United Kingdom,2021-06-12,Standard,860.37
5177,Yuki Jones,yuki.jones5177@shopmail.com,Australia,2022-10-01,Standard,2835.51
5178,Yuki Silva,yuki.silva5178@shopmail.com,India,2022-12-22,Standard,271.75
5179,Charlotte Clark,charlotte.clark5179@shopmail.com,Canada,2024-02-05,Standard,1026.21
5180,Priya Rossi,priya.rossi5180@shopmail.com,India,2020-08-10,Standard,1532.73
5181,Henry Davis,henry.davis5181@shopmail.com,India,2020-11-23,Standard,3640.66
5182,Kai Costa,kai.costa5182@shopmail.com,United States,2024-06-17,Standard,2086.69
5183,Yuki Chen,yuki.chen5183@shopmail.com,India,2022-05-29,Standard,2062.49
5184,Charlotte Davis,charlotte.davis5184@shopmail.com,United States,2022-08-20,Standard,935.08
5185,Priya Cohen,priya.cohen5185@shopmail.com,New Zealand,2026-04-10,Standard,2208.03
5186,Arjun Smith,arjun.smith5186@shopmail.com,United Kingdom,2025-04-03,Standard,236.04
5187,Mia Harris,mia.harris5187@shopmail.com,Canada,2025-05-12,Standard,4068.31
5188,Ava Andersen,ava.andersen5188@shopmail.com,New Zealand,2022-09-27,Standard,4106.59
5189,Oliver Costa,oliver.costa5189@shopmail.com,Australia,2021-11-02,Standard,122.56
5190,Mateo Kowalski,mateo.kowalski5190@shopmail.com,United States,2022-09-17,Standard,1041.67
5191,Isabella Murphy,isabella.murphy5191@shopmail.com,Australia,2021-06-29,Standard,1009.60
5192,Jack Young,jack.young5192@shopmail.com,New Zealand,2020-06-12,Standard,893.01
5193,Arjun Wilson,arjun.wilson5193@shopmail.com,United Kingdom,2022-09-10,Standard,3662.82
5194,Jack Rossi,jack.rossi5194@shopmail.com,United Kingdom,2022-02-04,Standard,1239.78
5195,Chloe Murphy,chloe.murphy5195@shopmail.com,Australia,2021-10-15,Standard,1074.41
5196,Maya Allen,maya.allen5196@shopmail.com,Singapore,2021-07-30,Standard,224.32
5197,Harper Taylor,harper.taylor5197@shopmail.com,Australia,2026-06-14,Standard,450.82
5198,James Jones,james.jones5198@shopmail.com,United Kingdom,2022-02-12,Standard,1094.18
5199,Mia Nakamura,mia.nakamura5199@shopmail.com,New Zealand,2023-04-16,Standard,663.84
5200,Yuki Cohen,yuki.cohen5200@shopmail.com,Singapore,2020-10-16,Standard,2902.32
5201,Kai Anderson,kai.anderson5201@shopmail.com,India,2020-02-07,Standard,3838.54
5202,Ruby Allen,ruby.allen5202@shopmail.com,United Kingdom,2020-12-10,Standard,1575.63
5203,Zara Allen,zara.allen5203@shopmail.com,Australia,2024-05-12,Standard,276.38
5204,Chloe Hall,chloe.hall5204@shopmail.com,United Kingdom,2026-05-17,Standard,3310.69
5205,Samuel Jones,samuel.jones5205@shopmail.com,Australia,2026-03-07,Standard,4605.11
5206,Sophia Johnson,sophia.johnson5206@shopmail.com,Australia,2024-05-30,Standard,3785.29
5207,Harper Martin,harper.martin5207@shopmail.com,Singapore,2021-09-25,Standard,884.66
5208,Leo Anderson,leo.anderson5208@shopmail.com,Australia,2025-07-11,Standard,2157.12
5209,Henry Martin,henry.martin5209@shopmail.com,Australia,2020-11-04,Standard,1988.00
5210,Isla Williams,isla.williams5210@shopmail.com,United Kingdom,2024-07-03,Standard,4457.18
5211,Ruby Johnson,ruby.johnson5211@shopmail.com,Ireland,2024-12-19,Standard,16.56
5212,Arjun Nguyen,arjun.nguyen5212@shopmail.com,Australia,2022-09-02,Standard,1816.57
5213,Liam Allen,liam.allen5213@shopmail.com,India,2023-07-06,Standard,813.44
5214,Isla Walker,isla.walker5214@shopmail.com,Australia,2023-03-24,Standard,407.11
5215,Liam Murphy,liam.murphy5215@shopmail.com,Ireland,2023-05-03,Standard,3494.04
5216,Elijah Cohen,elijah.cohen5216@shopmail.com,New Zealand,2020-03-16,Standard,3241.91
5217,Leo Murphy,leo.murphy5217@shopmail.com,Ireland,2024-02-11,Standard,2430.43
5218,Leo Rossi,leo.rossi5218@shopmail.com,United Kingdom,2021-07-18,Standard,1782.00
5219,James Kowalski,james.kowalski5219@shopmail.com,Australia,2020-02-26,Standard,4045.29
5220,Harper Chen,harper.chen5220@shopmail.com,Australia,2025-09-13,Standard,3179.33
5221,Sofia Chen,sofia.chen5221@shopmail.com,Ireland,2022-12-10,Standard,4540.15
5222,Noah Young,noah.young5222@shopmail.com,India,2025-01-08,Standard,1282.88
5223,Eva Cohen,eva.cohen5223@shopmail.com,Singapore,2026-07-29,Standard,1002.56
5224,Kai Martin,kai.martin5224@shopmail.com,India,2026-05-26,Standard,3261.08
5225,Nina Andersen,nina.andersen5225@shopmail.com,Canada,2023-02-11,Standard,4042.15
5226,Eva Jones,eva.jones5226@shopmail.com,New Zealand,2025-09-03,Standard,2050.80
5227,Hugo Hall,hugo.hall5227@shopmail.com,United Kingdom,2020-02-28,Standard,4160.52
5228,Eva Martin,eva.martin5228@shopmail.com,Australia,2024-09-03,Standard,3720.37
5229,Leo Young,leo.young5229@shopmail.com,Australia,2021-06-06,Standard,632.58
5230,Ethan Clark,ethan.clark5230@shopmail.com,United Kingdom,2021-02-19,Standard,627.66
5231,Lucas Dubois,lucas.dubois5231@shopmail.com,India,2025-12-25,Standard,3866.79
5232,Noah Miller,noah.miller5232@shopmail.com,United Kingdom,2023-03-26,Standard,2699.45
5233,Chen Lee,chen.lee5233@shopmail.com,New Zealand,2020-03-07,Standard,19.60
5234,Noah Taylor,noah.taylor5234@shopmail.com,Singapore,2025-01-18,Standard,2097.30
5235,Lucas Wilson,lucas.wilson5235@shopmail.com,Australia,2025-12-15,Standard,3375.36
5236,Yuki Cohen,yuki.cohen5236@shopmail.com,New Zealand,2021-12-08,Standard,3968.21
5237,Lucas Allen,lucas.allen5237@shopmail.com,United Kingdom,2025-03-03,Standard,3583.31
5238,Oscar Jones,oscar.jones5238@shopmail.com,United States,2025-08-14,Standard,2526.51
5239,Elijah Martin,elijah.martin5239@shopmail.com,United States,2025-11-23,Standard,3086.21
5240,Ruby Brown,ruby.brown5240@shopmail.com,United Kingdom,2026-02-17,Standard,4668.15
5241,Wei Jones,wei.jones5241@shopmail.com,United Kingdom,2025-11-08,Standard,237.48
5242,Noah Moore,noah.moore5242@shopmail.com,Canada,2022-11-12,Standard,2762.57
5243,Mateo Chen,mateo.chen5243@shopmail.com,New Zealand,2025-03-30,Standard,3588.45
5244,Nina Andersen,nina.andersen5244@shopmail.com,New Zealand,2024-05-22,Standard,117.61
5245,Priya Khan,priya.khan5245@shopmail.com,United Kingdom,2024-12-22,Standard,2992.95
5246,Nina Kim,nina.kim5246@shopmail.com,Australia,2026-01-27,Standard,1158.92
5247,James Silva,james.silva5247@shopmail.com,Australia,2022-04-04,Standard,1895.86
5248,Sophia Brown,sophia.brown5248@shopmail.com,United States,2020-08-31,Standard,2754.86
5249,Isabella Singh,isabella.singh5249@shopmail.com,Australia,2024-04-22,Standard,1923.73
5250,James Miller,james.miller5250@shopmail.com,United Kingdom,2023-08-14,Standard,1710.38
5251,Priya Silva,priya.silva5251@shopmail.com,Singapore,2025-09-05,Standard,1950.49
5252,Zara Allen,zara.allen5252@shopmail.com,United States,2025-11-11,Standard,4545.71
5253,Priya Hall,priya.hall5253@shopmail.com,Ireland,2024-01-08,Standard,4264.64
5254,Sofia Miller,sofia.miller5254@shopmail.com,Australia,2022-11-09,Standard,2257.25
5255,Zara Smith,zara.smith5255@shopmail.com,Australia,2020-08-02,Standard,1854.79
5256,Chloe Allen,chloe.allen5256@shopmail.com,United States,2024-08-26,Standard,3880.11
5257,Elijah Young,elijah.young5257@shopmail.com,Singapore,2020-08-23,Standard,1715.58
5258,Grace Kim,grace.kim5258@shopmail.com,United Kingdom,2022-11-11,Standard,1560.46
5259,Isabella Taylor,isabella.taylor5259@shopmail.com,New Zealand,2023-05-24,Standard,1248.06
5260,Isla Murphy,isla.murphy5260@shopmail.com,New Zealand,2020-01-21,Standard,689.86
5261,Mason Moore,mason.moore5261@shopmail.com,United States,2024-07-23,Standard,4378.32
5262,Leo Johnson,leo.johnson5262@shopmail.com,United States,2022-08-13,Standard,4015.19
5263,Ruby Williams,ruby.williams5263@shopmail.com,Canada,2020-09-17,Standard,2172.65
5264,Harper Singh,harper.singh5264@shopmail.com,Australia,2020-07-05,Standard,4233.11
5265,Yuki Lewis,yuki.lewis5265@shopmail.com,Australia,2022-05-19,Standard,2460.93
5266,Grace Brown,grace.brown5266@shopmail.com,Australia,2020-07-04,Standard,3827.11
5267,Chen Brown,chen.brown5267@shopmail.com,United States,2025-12-30,Standard,1072.03
5268,Eva Lewis,eva.lewis5268@shopmail.com,Canada,2020-10-10,Standard,1020.44
5269,Hugo Smith,hugo.smith5269@shopmail.com,India,2024-11-09,Standard,3062.26
5270,Eva Murphy,eva.murphy5270@shopmail.com,India,2025-06-08,Standard,4166.43
5271,Nina Cohen,nina.cohen5271@shopmail.com,Australia,2023-01-22,Standard,1615.85
5272,Isabella Dubois,isabella.dubois5272@shopmail.com,New Zealand,2021-03-24,Standard,1006.78
5273,Charlotte Lewis,charlotte.lewis5273@shopmail.com,United States,2020-02-23,Standard,1434.36
5274,Liam Rossi,liam.rossi5274@shopmail.com,Australia,2023-12-20,Standard,3616.85
5275,Charlotte Cohen,charlotte.cohen5275@shopmail.com,New Zealand,2025-09-17,Standard,4673.68
5276,James Costa,james.costa5276@shopmail.com,United Kingdom,2025-08-02,Standard,3073.06
5277,Ethan Costa,ethan.costa5277@shopmail.com,New Zealand,2020-03-18,Standard,4263.70
5278,Hugo Dubois,hugo.dubois5278@shopmail.com,Australia,2021-07-28,Standard,3157.73
5279,Leo Smith,leo.smith5279@shopmail.com,Australia,2022-10-24,Standard,1297.27
5280,Liam Lee,liam.lee5280@shopmail.com,Australia,2023-12-20,Standard,4374.47
5281,Eva Wilson,eva.wilson5281@shopmail.com,United Kingdom,2025-11-02,Standard,1345.76
5282,Olivia Rossi,olivia.rossi5282@shopmail.com,Australia,2023-07-02,Standard,737.11
5283,Ethan Miller,ethan.miller5283@shopmail.com,India,2024-12-07,Standard,3191.94
5284,Ruby Young,ruby.young5284@shopmail.com,United States,2024-11-24,Standard,2209.32
5285,Samuel Nguyen,samuel.nguyen5285@shopmail.com,Australia,2023-06-18,Standard,320.13
5286,Leo Lewis,leo.lewis5286@shopmail.com,Singapore,2025-11-10,Standard,3463.85
5287,Mason Smith,mason.smith5287@shopmail.com,United States,2025-11-08,Standard,3622.15
5288,Elijah Hall,elijah.hall5288@shopmail.com,Ireland,2025-10-30,Standard,4194.20
5289,Isla Lewis,isla.lewis5289@shopmail.com,Australia,2026-05-25,Standard,2017.37
5290,Harper Lee,harper.lee5290@shopmail.com,Australia,2024-10-24,Standard,149.41
5291,Mateo Dubois,mateo.dubois5291@shopmail.com,United Kingdom,2023-02-20,Standard,795.58
5292,Grace Murphy,grace.murphy5292@shopmail.com,New Zealand,2025-10-15,Standard,1006.98
5293,Chloe Moore,chloe.moore5293@shopmail.com,Canada,2020-01-11,Standard,1842.96
5294,Mia Martin,mia.martin5294@shopmail.com,Singapore,2020-12-20,Standard,1783.35
5295,Kai Garcia,kai.garcia5295@shopmail.com,United States,2026-01-24,Standard,2403.13
5296,Wei Anderson,wei.anderson5296@shopmail.com,United Kingdom,2024-01-21,Standard,3944.17
5297,Nina Walker,nina.walker5297@shopmail.com,United Kingdom,2026-02-25,Standard,2849.86
5298,Olivia Singh,olivia.singh5298@shopmail.com,Australia,2022-08-22,Standard,640.88
5299,Isabella Lee,isabella.lee5299@shopmail.com,Singapore,2025-04-24,Standard,571.43
5300,Samuel Khan,samuel.khan5300@shopmail.com,India,2020-04-20,Standard,4707.34
5301,Lucas Lee,lucas.lee5301@shopmail.com,United States,2026-06-05,Standard,271.75
5302,Leo Hall,leo.hall5302@shopmail.com,New Zealand,2026-01-29,Standard,3012.90
5303,Chloe Brown,chloe.brown5303@shopmail.com,Singapore,2026-03-11,Standard,1346.73
5304,Henry Silva,henry.silva5304@shopmail.com,India,2023-08-15,Standard,3375.68
5305,Noah Silva,noah.silva5305@shopmail.com,United Kingdom,2025-07-26,Standard,1507.01
5306,Mason Nakamura,mason.nakamura5306@shopmail.com,Australia,2026-02-08,Standard,2595.78
5307,Liam Silva,liam.silva5307@shopmail.com,Canada,2022-05-10,Standard,2221.29
5308,Noah Patel,noah.patel5308@shopmail.com,India,2020-09-22,Standard,1537.95
5309,Eva Brown,eva.brown5309@shopmail.com,United States,2026-07-07,Standard,1452.00
5310,Isla Kim,isla.kim5310@shopmail.com,Australia,2024-07-16,Standard,3968.52
5311,Amelia Khan,amelia.khan5311@shopmail.com,New Zealand,2026-03-04,Standard,2456.29
5312,Grace Martin,grace.martin5312@shopmail.com,United States,2020-04-03,Standard,4133.97
5313,Olivia Murphy,olivia.murphy5313@shopmail.com,United Kingdom,2020-11-20,Standard,724.50
5314,Hugo Chen,hugo.chen5314@shopmail.com,Singapore,2021-03-21,Standard,865.95
5315,Eva Johnson,eva.johnson5315@shopmail.com,Singapore,2023-09-28,Standard,3543.49
5316,Arjun Andersen,arjun.andersen5316@shopmail.com,Australia,2021-09-25,Standard,4456.31
5317,Maya Nakamura,maya.nakamura5317@shopmail.com,Singapore,2024-05-04,Standard,4067.21
5318,Oliver Khan,oliver.khan5318@shopmail.com,Ireland,2021-07-02,Standard,3914.30
5319,Olivia Cohen,olivia.cohen5319@shopmail.com,Australia,2024-07-03,Standard,1862.52
5320,Eva Williams,eva.williams5320@shopmail.com,Australia,2020-07-11,Standard,2182.47
5321,Elijah Lee,elijah.lee5321@shopmail.com,United States,2021-08-24,Standard,2829.50
5322,Isabella Kim,isabella.kim5322@shopmail.com,United States,2022-08-04,Standard,1074.74
5323,Isla Kowalski,isla.kowalski5323@shopmail.com,Singapore,2023-05-29,Standard,2915.87
5324,Henry Williams,henry.williams5324@shopmail.com,Australia,2023-07-19,Standard,212.35
5325,Oscar Hall,oscar.hall5325@shopmail.com,United States,2025-09-24,Standard,2948.08
5326,Kai Lee,kai.lee5326@shopmail.com,Australia,2023-10-17,Standard,1700.70
5327,Chloe Smith,chloe.smith5327@shopmail.com,Ireland,2025-06-17,Standard,2122.84
5328,Oliver Thomas,oliver.thomas5328@shopmail.com,Ireland,2022-06-12,Standard,480.72
5329,Chen Allen,chen.allen5329@shopmail.com,Singapore,2020-06-23,Standard,3270.46
5330,Priya Silva,priya.silva5330@shopmail.com,Singapore,2020-05-14,Standard,1715.89
5331,Ava Nakamura,ava.nakamura5331@shopmail.com,United States,2022-06-30,Standard,2479.58
5332,Zara Clark,zara.clark5332@shopmail.com,Australia,2023-06-28,Standard,1764.69
5333,Isla Andersen,isla.andersen5333@shopmail.com,Australia,2021-03-04,Standard,4664.92
5334,Yuki Jones,yuki.jones5334@shopmail.com,New Zealand,2025-06-02,Standard,4564.67
5335,Oliver Anderson,oliver.anderson5335@shopmail.com,Australia,2023-08-14,Standard,4083.99
5336,Mason Chen,mason.chen5336@shopmail.com,United States,2024-12-23,Standard,546.39
5337,Jack Andersen,jack.andersen5337@shopmail.com,India,2020-11-01,Standard,3569.54
5338,Hugo Silva,hugo.silva5338@shopmail.com,United States,2025-01-02,Standard,2581.09
5339,Isabella Lee,isabella.lee5339@shopmail.com,Singapore,2023-05-24,Standard,3860.62
5340,Zara Patel,zara.patel5340@shopmail.com,United Kingdom,2025-09-29,Standard,1401.23
5341,Grace Murphy,grace.murphy5341@shopmail.com,India,2023-04-16,Standard,118.75
5342,Ethan Kowalski,ethan.kowalski5342@shopmail.com,Canada,2024-10-16,Standard,4578.14
5343,Olivia Jones,olivia.jones5343@shopmail.com,United Kingdom,2022-06-11,Standard,4500.63
5344,Samuel Hall,samuel.hall5344@shopmail.com,United States,2022-06-14,Standard,3640.24
5345,Isla Martin,isla.martin5345@shopmail.com,Australia,2023-12-25,Standard,2795.00
5346,Oscar Nguyen,oscar.nguyen5346@shopmail.com,United States,2021-10-18,Standard,2886.82
5347,Isabella Silva,isabella.silva5347@shopmail.com,Australia,2021-03-03,Standard,2443.41
5348,Arjun Martin,arjun.martin5348@shopmail.com,Canada,2020-06-03,Standard,656.18
5349,Ava Allen,ava.allen5349@shopmail.com,United States,2024-02-17,Standard,4424.48
5350,Yuki Thomas,yuki.thomas5350@shopmail.com,Australia,2022-07-17,Standard,840.24
5351,Ava Kim,ava.kim5351@shopmail.com,Canada,2024-03-07,Standard,331.07
5352,Sofia Clark,sofia.clark5352@shopmail.com,United States,2022-10-10,Standard,2798.77
5353,Charlotte Johnson,charlotte.johnson5353@shopmail.com,United States,2022-04-29,Standard,1439.48
5354,Charlotte Murphy,charlotte.murphy5354@shopmail.com,Canada,2022-11-08,Standard,1866.13
5355,Sophia Patel,sophia.patel5355@shopmail.com,Canada,2026-06-02,Standard,1712.34
5356,Wei Garcia,wei.garcia5356@shopmail.com,Singapore,2025-06-17,Standard,1285.13
5357,Samuel Davis,samuel.davis5357@shopmail.com,United Kingdom,2020-09-17,Standard,2121.38
5358,Chen Smith,chen.smith5358@shopmail.com,Australia,2021-11-09,Standard,369.23
5359,Oliver Chen,oliver.chen5359@shopmail.com,India,2026-03-10,Standard,344.67
5360,Wei Miller,wei.miller5360@shopmail.com,Australia,2023-05-13,Standard,4021.33
5361,Ruby Kim,ruby.kim5361@shopmail.com,Canada,2020-08-27,Standard,3385.12
5362,Aarav Dubois,aarav.dubois5362@shopmail.com,Australia,2025-06-17,Standard,3892.13
5363,Wei Johnson,wei.johnson5363@shopmail.com,Canada,2021-06-10,Standard,2839.16
5364,Elijah Andersen,elijah.andersen5364@shopmail.com,United Kingdom,2023-03-28,Standard,3189.30
5365,Harper Moore,harper.moore5365@shopmail.com,Ireland,2020-04-27,Standard,3897.16
5366,Leo Patel,leo.patel5366@shopmail.com,Canada,2020-05-01,Standard,2760.66
5367,Hugo Kim,hugo.kim5367@shopmail.com,Canada,2022-02-05,Standard,559.56
5368,Mason Singh,mason.singh5368@shopmail.com,United Kingdom,2025-01-27,Standard,2206.46
5369,Eva Kim,eva.kim5369@shopmail.com,United Kingdom,2024-08-22,Standard,2090.44
5370,Noah Smith,noah.smith5370@shopmail.com,Australia,2023-07-07,Standard,3583.71
5371,Harper Lewis,harper.lewis5371@shopmail.com,Australia,2020-05-11,Standard,645.25
5372,Elijah Wilson,elijah.wilson5372@shopmail.com,Singapore,2022-06-20,Standard,1289.59
5373,Hugo Andersen,hugo.andersen5373@shopmail.com,Australia,2020-10-23,Standard,4318.29
5374,Amelia Silva,amelia.silva5374@shopmail.com,United Kingdom,2026-03-18,Standard,1059.39
5375,Grace Cohen,grace.cohen5375@shopmail.com,United Kingdom,2020-03-07,Standard,450.18
5376,Chloe Jones,chloe.jones5376@shopmail.com,United Kingdom,2021-09-05,Standard,3051.19
5377,Zara Chen,zara.chen5377@shopmail.com,Australia,2023-01-28,Standard,1410.08
5378,Samuel Thomas,samuel.thomas5378@shopmail.com,Australia,2022-10-01,Standard,3728.95
5379,Sofia Jones,sofia.jones5379@shopmail.com,United States,2023-05-30,Standard,4087.04
5380,Mateo Kowalski,mateo.kowalski5380@shopmail.com,New Zealand,2021-07-27,Standard,4169.06
5381,Charlotte Brown,charlotte.brown5381@shopmail.com,Australia,2026-03-01,Standard,1841.90
5382,Oscar Wilson,oscar.wilson5382@shopmail.com,United Kingdom,2022-06-12,Standard,319.12
5383,Hugo Patel,hugo.patel5383@shopmail.com,Canada,2024-04-11,Standard,4289.41
5384,Chen Patel,chen.patel5384@shopmail.com,India,2021-10-08,Standard,3068.92
5385,Oscar Silva,oscar.silva5385@shopmail.com,United Kingdom,2022-12-12,Standard,3897.09
5386,Yuki Williams,yuki.williams5386@shopmail.com,Australia,2022-06-05,Standard,4451.01
5387,Arjun Hall,arjun.hall5387@shopmail.com,Australia,2022-01-02,Standard,3566.17
5388,Chen Allen,chen.allen5388@shopmail.com,Australia,2022-05-03,Standard,3992.37
5389,Zara Young,zara.young5389@shopmail.com,Singapore,2022-11-13,Standard,4200.02
5390,Jack Murphy,jack.murphy5390@shopmail.com,Australia,2022-01-09,Standard,2560.54
5391,Maya Lee,maya.lee5391@shopmail.com,India,2020-01-04,Standard,1443.31
5392,Harper Lee,harper.lee5392@shopmail.com,Australia,2022-11-01,Standard,4440.73
5393,Zara Kim,zara.kim5393@shopmail.com,Canada,2020-12-08,Standard,1794.20
5394,Ruby Young,ruby.young5394@shopmail.com,India,2022-03-21,Standard,714.32
5395,Ava Davis,ava.davis5395@shopmail.com,New Zealand,2026-08-06,Standard,2198.34
5396,Kai Rossi,kai.rossi5396@shopmail.com,India,2023-07-21,Standard,1025.55
5397,Elijah Smith,elijah.smith5397@shopmail.com,New Zealand,2020-02-27,Standard,2799.18
5398,Wei Harris,wei.harris5398@shopmail.com,United States,2025-07-22,Standard,3123.03
5399,Leo Miller,leo.miller5399@shopmail.com,United States,2022-03-06,Standard,248.48
5400,Kai Nguyen,kai.nguyen5400@shopmail.com,United States,2020-07-30,Standard,286.92
5401,Maya Murphy,maya.murphy5401@shopmail.com,Australia,2020-12-17,Standard,1497.70
5402,Hugo Garcia,hugo.garcia5402@shopmail.com,United Kingdom,2021-01-12,Standard,4503.93
5403,Aarav Lee,aarav.lee5403@shopmail.com,United Kingdom,2025-05-25,Standard,2567.33
5404,Lucas Miller,lucas.miller5404@shopmail.com,Ireland,2020-03-01,Standard,2332.25
5405,Arjun Jones,arjun.jones5405@shopmail.com,United States,2025-02-11,Standard,467.13
5406,Samuel Chen,samuel.chen5406@shopmail.com,Singapore,2025-11-18,Standard,1536.40
5407,Yuki Wilson,yuki.wilson5407@shopmail.com,United Kingdom,2025-02-03,Standard,4026.96
5408,Grace Dubois,grace.dubois5408@shopmail.com,Singapore,2020-01-10,Standard,685.38
5409,Leo Moore,leo.moore5409@shopmail.com,Australia,2020-10-22,Standard,1786.98
5410,Aarav Taylor,aarav.taylor5410@shopmail.com,Canada,2022-03-14,Standard,58.74
5411,Liam Brown,liam.brown5411@shopmail.com,Australia,2022-03-10,Standard,260.30
5412,Isla Kowalski,isla.kowalski5412@shopmail.com,United Kingdom,2023-10-04,Standard,4367.78
5413,Olivia Hall,olivia.hall5413@shopmail.com,Australia,2021-11-19,Standard,1383.87
5414,Oliver Miller,oliver.miller5414@shopmail.com,New Zealand,2021-09-20,Standard,131.08
5415,Grace Murphy,grace.murphy5415@shopmail.com,Australia,2021-02-26,Standard,1512.18
5416,Aarav Hall,aarav.hall5416@shopmail.com,Canada,2026-08-08,Standard,2718.67
5417,Olivia Miller,olivia.miller5417@shopmail.com,United Kingdom,2024-10-04,Standard,4285.61
5418,Amelia Nakamura,amelia.nakamura5418@shopmail.com,Australia,2021-06-11,Standard,651.28
5419,Elijah Lewis,elijah.lewis5419@shopmail.com,Australia,2020-05-09,Standard,4757.83
5420,Ethan Wilson,ethan.wilson5420@shopmail.com,Australia,2021-12-22,Standard,226.52
5421,Charlotte Wilson,charlotte.wilson5421@shopmail.com,Singapore,2020-04-22,Standard,458.91
5422,Samuel Williams,samuel.williams5422@shopmail.com,Australia,2021-04-11,Standard,3639.19
5423,Aarav Andersen,aarav.andersen5423@shopmail.com,New Zealand,2022-05-06,Standard,1073.41
5424,Oliver Moore,oliver.moore5424@shopmail.com,Australia,2021-12-14,Standard,1745.36
5425,Kai Kim,kai.kim5425@shopmail.com,Australia,2022-05-29,Standard,759.95
5426,Eva Clark,eva.clark5426@shopmail.com,United Kingdom,2024-08-13,Standard,3260.52
5427,Chen Wilson,chen.wilson5427@shopmail.com,Australia,2023-05-31,Standard,891.22
5428,Jack Walker,jack.walker5428@shopmail.com,Ireland,2023-05-05,Standard,2925.18
5429,Leo Smith,leo.smith5429@shopmail.com,Australia,2022-12-16,Standard,2801.52
5430,Leo Kowalski,leo.kowalski5430@shopmail.com,Australia,2023-01-01,Standard,834.56
5431,Emma Patel,emma.patel5431@shopmail.com,Australia,2024-11-26,Standard,3601.70
5432,Ruby Harris,ruby.harris5432@shopmail.com,New Zealand,2026-06-04,Standard,2640.70
5433,Mateo Taylor,mateo.taylor5433@shopmail.com,India,2025-04-16,Standard,3985.81
5434,Sofia Chen,sofia.chen5434@shopmail.com,Ireland,2021-01-12,Standard,1606.12
5435,Mia Kim,mia.kim5435@shopmail.com,United Kingdom,2024-02-28,Standard,3907.56
5436,Nina Jones,nina.jones5436@shopmail.com,New Zealand,2025-06-21,Standard,3667.35
5437,Charlotte Thomas,charlotte.thomas5437@shopmail.com,United Kingdom,2022-10-05,Standard,4187.22
5438,Isla Brown,isla.brown5438@shopmail.com,India,2024-09-02,Standard,1999.15
5439,Oliver Lewis,oliver.lewis5439@shopmail.com,United States,2024-02-22,Standard,1052.04
5440,Jack Nguyen,jack.nguyen5440@shopmail.com,Australia,2023-03-27,Standard,4215.15
5441,Zara Chen,zara.chen5441@shopmail.com,United Kingdom,2023-07-25,Standard,3201.23
5442,Chen Martin,chen.martin5442@shopmail.com,United States,2026-07-05,Standard,3353.96
5443,Grace Wilson,grace.wilson5443@shopmail.com,Ireland,2026-06-19,Standard,2646.93
5444,Chen Harris,chen.harris5444@shopmail.com,Australia,2023-04-01,Standard,972.23
5445,Charlotte Cohen,charlotte.cohen5445@shopmail.com,India,2021-09-09,Standard,1429.49
5446,Chen Murphy,chen.murphy5446@shopmail.com,Australia,2021-10-03,Standard,3076.58
5447,Grace Moore,grace.moore5447@shopmail.com,Canada,2026-02-18,Standard,4469.86
5448,Priya Lewis,priya.lewis5448@shopmail.com,Australia,2023-03-19,Standard,1971.96
5449,Chen Khan,chen.khan5449@shopmail.com,Canada,2024-10-23,Standard,1182.48
5450,Nina Johnson,nina.johnson5450@shopmail.com,United Kingdom,2021-02-18,Standard,1887.82
5451,Maya Anderson,maya.anderson5451@shopmail.com,New Zealand,2026-05-05,Standard,2257.87
5452,Harper Andersen,harper.andersen5452@shopmail.com,Ireland,2020-11-12,Standard,1993.35
5453,Sofia Lee,sofia.lee5453@shopmail.com,Singapore,2025-08-10,Standard,399.85
5454,Jack Khan,jack.khan5454@shopmail.com,Singapore,2022-03-16,Standard,3334.26
5455,Ava Johnson,ava.johnson5455@shopmail.com,Australia,2020-04-04,Standard,2386.09
5456,Amelia Murphy,amelia.murphy5456@shopmail.com,Australia,2024-04-03,Standard,282.87
5457,Lucas Smith,lucas.smith5457@shopmail.com,Australia,2023-01-26,Standard,2574.27
5458,Leo Murphy,leo.murphy5458@shopmail.com,United States,2020-03-19,Standard,2668.47
5459,Elijah Kim,elijah.kim5459@shopmail.com,Canada,2023-01-31,Standard,2754.44
5460,Sophia Wilson,sophia.wilson5460@shopmail.com,Australia,2023-03-15,Standard,1911.51
5461,Mason Walker,mason.walker5461@shopmail.com,Ireland,2024-12-15,Standard,1904.93
5462,Priya Lewis,priya.lewis5462@shopmail.com,Australia,2026-06-26,Standard,4759.18
5463,Lucas Kim,lucas.kim5463@shopmail.com,Canada,2023-04-29,Standard,1653.47
5464,Jack Martin,jack.martin5464@shopmail.com,Australia,2021-03-21,Standard,2208.05
5465,Hugo Walker,hugo.walker5465@shopmail.com,Australia,2022-05-31,Standard,1897.98
5466,Nina Clark,nina.clark5466@shopmail.com,United States,2020-11-23,Standard,4768.68
5467,Sophia Taylor,sophia.taylor5467@shopmail.com,Singapore,2024-08-21,Standard,3372.08
5468,Charlotte Young,charlotte.young5468@shopmail.com,India,2025-02-27,Standard,424.47
5469,Grace Silva,grace.silva5469@shopmail.com,Singapore,2020-04-14,Standard,1976.13
5470,Arjun Lee,arjun.lee5470@shopmail.com,Australia,2023-09-08,Standard,1059.23
5471,Sophia Williams,sophia.williams5471@shopmail.com,Australia,2024-05-14,Standard,515.69
5472,Sofia Costa,sofia.costa5472@shopmail.com,Australia,2021-04-10,Standard,1926.49
5473,Harper Costa,harper.costa5473@shopmail.com,India,2023-01-19,Standard,3510.63
5474,Liam Garcia,liam.garcia5474@shopmail.com,Australia,2022-07-16,Standard,1111.79
5475,Zara Martin,zara.martin5475@shopmail.com,United States,2024-09-13,Standard,3999.51
5476,Amelia Lewis,amelia.lewis5476@shopmail.com,United States,2021-02-15,Standard,1350.94
5477,Nina Andersen,nina.andersen5477@shopmail.com,Ireland,2022-12-22,Standard,425.33
5478,Emma Jones,emma.jones5478@shopmail.com,United Kingdom,2025-07-14,Standard,2882.38
5479,Liam Jones,liam.jones5479@shopmail.com,New Zealand,2026-02-07,Standard,437.48
5480,Jack Smith,jack.smith5480@shopmail.com,New Zealand,2026-06-26,Standard,3141.37
5481,Hugo Garcia,hugo.garcia5481@shopmail.com,Ireland,2020-04-12,Standard,228.29
5482,Yuki Thomas,yuki.thomas5482@shopmail.com,Australia,2021-09-08,Standard,2542.26
5483,Grace Singh,grace.singh5483@shopmail.com,Australia,2024-07-13,Standard,4396.70
5484,Liam Jones,liam.jones5484@shopmail.com,India,2020-06-11,Standard,1182.95
5485,Isabella Davis,isabella.davis5485@shopmail.com,Ireland,2022-04-01,Standard,1237.52
5486,Chen Walker,chen.walker5486@shopmail.com,United States,2022-12-05,Standard,4263.14
5487,Emma Martin,emma.martin5487@shopmail.com,United Kingdom,2022-03-19,Standard,358.50
5488,Emma Murphy,emma.murphy5488@shopmail.com,India,2021-01-28,Standard,2331.18
5489,Hugo Miller,hugo.miller5489@shopmail.com,Australia,2026-02-04,Standard,1834.36
5490,Ava Hall,ava.hall5490@shopmail.com,Ireland,2025-05-22,Standard,474.63
5491,Ava Cohen,ava.cohen5491@shopmail.com,Australia,2022-04-12,Standard,4209.14
5492,Oliver Walker,oliver.walker5492@shopmail.com,Australia,2021-07-08,Standard,1456.58
5493,Henry Smith,henry.smith5493@shopmail.com,Australia,2025-11-03,Standard,2667.10
5494,Ava Young,ava.young5494@shopmail.com,Australia,2021-05-03,Standard,636.10
5495,Maya Rossi,maya.rossi5495@shopmail.com,Singapore,2023-05-10,Standard,1522.15
5496,Oscar Jones,oscar.jones5496@shopmail.com,Ireland,2022-05-22,Standard,4654.81
5497,Ruby Khan,ruby.khan5497@shopmail.com,United Kingdom,2025-07-03,Standard,1826.71
5498,Leo Moore,leo.moore5498@shopmail.com,India,2020-10-20,Standard,1146.44
5499,Ava Williams,ava.williams5499@shopmail.com,Singapore,2025-08-07,Standard,1447.99
5500,Sophia Kim,sophia.kim5500@shopmail.com,Australia,2026-06-23,Standard,4794.03
5501,Lucas Harris,lucas.harris5501@shopmail.com,Singapore,2021-09-13,Standard,571.06
5502,Wei Brown,wei.brown5502@shopmail.com,Australia,2022-08-30,Standard,395.53
5503,Chen Martin,chen.martin5503@shopmail.com,United Kingdom,2020-07-29,Standard,1972.63
5504,Leo Taylor,leo.taylor5504@shopmail.com,United Kingdom,2020-09-29,Standard,1951.30
5505,Aarav Patel,aarav.patel5505@shopmail.com,United Kingdom,2021-11-15,Standard,4792.03
5506,Mia Cohen,mia.cohen5506@shopmail.com,Canada,2023-07-01,Standard,4288.42
5507,James Wilson,james.wilson5507@shopmail.com,Singapore,2024-01-28,Standard,1358.38
5508,Noah Rossi,noah.rossi5508@shopmail.com,India,2026-02-01,Standard,2866.61
5509,Samuel Lewis,samuel.lewis5509@shopmail.com,United States,2025-11-23,Standard,4391.53
5510,Sofia Kowalski,sofia.kowalski5510@shopmail.com,United Kingdom,2023-03-02,Standard,2432.08
5511,Eva Lee,eva.lee5511@shopmail.com,Australia,2020-05-05,Standard,1772.37
5512,Hugo Allen,hugo.allen5512@shopmail.com,United Kingdom,2025-01-23,Standard,1669.77
5513,Jack Martin,jack.martin5513@shopmail.com,United Kingdom,2024-01-31,Standard,3735.83
5514,Wei Anderson,wei.anderson5514@shopmail.com,Australia,2025-01-10,Standard,3063.13
5515,Ava Rossi,ava.rossi5515@shopmail.com,Australia,2024-05-15,Standard,1940.20
5516,Mateo Chen,mateo.chen5516@shopmail.com,United Kingdom,2020-04-16,Standard,1243.15
5517,James Murphy,james.murphy5517@shopmail.com,Australia,2020-06-24,Standard,398.41
5518,Zara Davis,zara.davis5518@shopmail.com,Australia,2020-01-21,Standard,4736.78
5519,Charlotte Khan,charlotte.khan5519@shopmail.com,Singapore,2024-09-20,Standard,4133.50
5520,Aarav Williams,aarav.williams5520@shopmail.com,Ireland,2025-09-27,Standard,2136.38
5521,Oliver Smith,oliver.smith5521@shopmail.com,Australia,2024-08-13,Standard,1964.05
5522,Eva Brown,eva.brown5522@shopmail.com,Singapore,2023-01-18,Standard,4743.72
5523,Oliver Cohen,oliver.cohen5523@shopmail.com,Australia,2026-01-05,Standard,675.45
5524,Ruby Singh,ruby.singh5524@shopmail.com,Australia,2022-02-26,Standard,2407.21
5525,Sophia Davis,sophia.davis5525@shopmail.com,United Kingdom,2021-10-22,Standard,672.03
5526,Isabella Dubois,isabella.dubois5526@shopmail.com,Australia,2022-01-11,Standard,839.95
5527,Isabella Young,isabella.young5527@shopmail.com,Australia,2026-01-04,Standard,1333.05
5528,Priya Anderson,priya.anderson5528@shopmail.com,United States,2022-02-27,Standard,1718.00
5529,Eva Walker,eva.walker5529@shopmail.com,Australia,2020-01-06,Standard,1310.01
5530,Liam Dubois,liam.dubois5530@shopmail.com,New Zealand,2025-01-26,Standard,2905.63
5531,Sophia Lee,sophia.lee5531@shopmail.com,United Kingdom,2021-02-20,Standard,3381.75
5532,Harper Patel,harper.patel5532@shopmail.com,Singapore,2020-05-01,Standard,3965.00
5533,Priya Moore,priya.moore5533@shopmail.com,United Kingdom,2024-12-19,Standard,4452.70
5534,Lucas Nakamura,lucas.nakamura5534@shopmail.com,India,2021-06-21,Standard,4432.97
5535,James Kowalski,james.kowalski5535@shopmail.com,New Zealand,2021-04-26,Standard,3069.87
5536,Mateo Cohen,mateo.cohen5536@shopmail.com,United States,2020-06-16,Standard,2874.22
5537,Henry Nakamura,henry.nakamura5537@shopmail.com,Australia,2020-04-29,Standard,612.60
5538,Maya Johnson,maya.johnson5538@shopmail.com,Australia,2020-04-07,Standard,4295.78
5539,Oliver Young,oliver.young5539@shopmail.com,Canada,2023-09-11,Standard,1164.41
5540,Noah Allen,noah.allen5540@shopmail.com,Ireland,2021-06-01,Standard,3775.89
5541,Isla Miller,isla.miller5541@shopmail.com,Singapore,2022-12-11,Standard,1381.97
5542,Arjun Singh,arjun.singh5542@shopmail.com,Ireland,2025-02-03,Standard,1381.62
5543,Elijah Dubois,elijah.dubois5543@shopmail.com,Australia,2021-12-18,Standard,408.01
5544,Isla Dubois,isla.dubois5544@shopmail.com,India,2022-07-03,Standard,108.35
5545,Ethan Patel,ethan.patel5545@shopmail.com,United States,2026-04-09,Standard,3083.88
5546,Olivia Lee,olivia.lee5546@shopmail.com,United States,2026-04-05,Standard,2808.88
5547,Sophia Anderson,sophia.anderson5547@shopmail.com,Australia,2022-06-27,Standard,3954.76
5548,Samuel Silva,samuel.silva5548@shopmail.com,New Zealand,2022-09-08,Standard,3945.69
5549,Jack Costa,jack.costa5549@shopmail.com,Australia,2023-07-30,Standard,3908.74
5550,Arjun Hall,arjun.hall5550@shopmail.com,United Kingdom,2025-07-12,Standard,3764.39
5551,Hugo Costa,hugo.costa5551@shopmail.com,New Zealand,2020-03-26,Standard,2614.71
5552,Zara Taylor,zara.taylor5552@shopmail.com,India,2020-01-03,Standard,4003.75
5553,Eva Kowalski,eva.kowalski5553@shopmail.com,India,2020-07-19,Standard,3309.46
5554,Sofia Anderson,sofia.anderson5554@shopmail.com,United States,2026-02-03,Standard,2059.92
5555,Charlotte Jones,charlotte.jones5555@shopmail.com,Canada,2020-07-17,Standard,1864.84
5556,Grace Rossi,grace.rossi5556@shopmail.com,Australia,2022-08-14,Standard,2171.27
5557,Zara Nguyen,zara.nguyen5557@shopmail.com,United States,2020-06-26,Standard,398.37
5558,Priya Anderson,priya.anderson5558@shopmail.com,United States,2024-08-24,Standard,447.52
5559,Ethan Singh,ethan.singh5559@shopmail.com,Singapore,2026-04-13,Standard,331.74
5560,Hugo Dubois,hugo.dubois5560@shopmail.com,Australia,2021-07-27,Standard,1717.03
5561,Olivia Khan,olivia.khan5561@shopmail.com,New Zealand,2022-03-07,Standard,2298.77
5562,Jack Thomas,jack.thomas5562@shopmail.com,Singapore,2024-06-17,Standard,1419.65
5563,Yuki Rossi,yuki.rossi5563@shopmail.com,Ireland,2025-08-05,Standard,4126.47
5564,Mia Hall,mia.hall5564@shopmail.com,Ireland,2020-02-07,Standard,2551.22
5565,Mia Harris,mia.harris5565@shopmail.com,Canada,2021-07-30,Standard,4324.58
5566,Mia Martin,mia.martin5566@shopmail.com,New Zealand,2025-09-29,Standard,22.88
5567,Liam Lewis,liam.lewis5567@shopmail.com,Australia,2025-02-04,Standard,3405.30
5568,Yuki Davis,yuki.davis5568@shopmail.com,Canada,2023-09-17,Standard,1641.64
5569,Jack Miller,jack.miller5569@shopmail.com,United Kingdom,2025-12-29,Standard,1622.58
5570,Henry Young,henry.young5570@shopmail.com,India,2020-04-27,Standard,1844.03
5571,Oscar Costa,oscar.costa5571@shopmail.com,Ireland,2024-03-31,Standard,71.74
5572,Zara Thomas,zara.thomas5572@shopmail.com,United Kingdom,2025-01-26,Standard,294.88
5573,Amelia Lee,amelia.lee5573@shopmail.com,Singapore,2021-08-14,Standard,2978.80
5574,Chen Young,chen.young5574@shopmail.com,United Kingdom,2022-01-12,Standard,4468.40
5575,Ava Hall,ava.hall5575@shopmail.com,Singapore,2026-01-11,Standard,4423.79
5576,Elijah Nakamura,elijah.nakamura5576@shopmail.com,United Kingdom,2022-07-16,Standard,221.23
5577,Olivia Wilson,olivia.wilson5577@shopmail.com,India,2024-11-17,Standard,1883.09
5578,Samuel Garcia,samuel.garcia5578@shopmail.com,United States,2021-10-08,Standard,476.20
5579,Wei Thomas,wei.thomas5579@shopmail.com,India,2021-07-22,Standard,3980.26
5580,Olivia Walker,olivia.walker5580@shopmail.com,Australia,2024-07-26,Standard,2227.25
5581,Mia Davis,mia.davis5581@shopmail.com,United Kingdom,2022-09-13,Standard,2833.63
5582,Jack Kim,jack.kim5582@shopmail.com,India,2022-05-09,Standard,2279.23
5583,James Chen,james.chen5583@shopmail.com,Australia,2021-05-31,Standard,3933.15
5584,Liam Martin,liam.martin5584@shopmail.com,Australia,2022-08-02,Standard,2814.57
5585,Isla Williams,isla.williams5585@shopmail.com,New Zealand,2025-12-17,Standard,3745.13
5586,Sofia Smith,sofia.smith5586@shopmail.com,Australia,2021-09-11,Standard,216.40
5587,Oliver Brown,oliver.brown5587@shopmail.com,Australia,2026-06-19,Standard,1148.93
5588,Harper Martin,harper.martin5588@shopmail.com,United Kingdom,2022-07-13,Standard,2349.16
5589,Oscar Garcia,oscar.garcia5589@shopmail.com,India,2020-09-10,Standard,9.90
5590,Olivia Taylor,olivia.taylor5590@shopmail.com,Canada,2026-07-10,Standard,3110.55
5591,Leo Miller,leo.miller5591@shopmail.com,United Kingdom,2021-08-21,Standard,884.19
5592,Chen Kim,chen.kim5592@shopmail.com,Canada,2023-02-24,Standard,3360.07
5593,Noah Khan,noah.khan5593@shopmail.com,Canada,2024-02-18,Standard,1698.71
5594,Eva Walker,eva.walker5594@shopmail.com,Australia,2025-01-15,Standard,2780.96
5595,Samuel Anderson,samuel.anderson5595@shopmail.com,Australia,2020-01-02,Standard,1371.14
5596,Sofia Martin,sofia.martin5596@shopmail.com,Australia,2022-08-17,Standard,397.65
5597,Charlotte Rossi,charlotte.rossi5597@shopmail.com,United States,2025-12-29,Standard,3688.22
5598,Wei Allen,wei.allen5598@shopmail.com,United Kingdom,2023-04-01,Standard,2117.24
5599,Wei Harris,wei.harris5599@shopmail.com,United States,2020-02-22,Standard,3755.38
5600,Sophia Young,sophia.young5600@shopmail.com,Ireland,2023-12-15,Standard,939.90
5601,Samuel Miller,samuel.miller5601@shopmail.com,Australia,2025-01-22,Standard,4675.37
5602,Leo Singh,leo.singh5602@shopmail.com,Canada,2024-10-19,Standard,1631.91
5603,Sofia Taylor,sofia.taylor5603@shopmail.com,Singapore,2025-04-12,Standard,3110.89
5604,Grace Jones,grace.jones5604@shopmail.com,Australia,2020-04-18,Standard,3762.02
5605,Lucas Dubois,lucas.dubois5605@shopmail.com,Australia,2023-08-08,Standard,2288.59
5606,Emma Singh,emma.singh5606@shopmail.com,Singapore,2020-10-30,Standard,3826.34
5607,Samuel Brown,samuel.brown5607@shopmail.com,Australia,2021-06-24,Standard,1180.35
5608,Sophia Chen,sophia.chen5608@shopmail.com,United States,2026-02-18,Standard,3262.81
5609,Chloe Johnson,chloe.johnson5609@shopmail.com,United Kingdom,2025-05-11,Standard,3036.53
5610,Amelia Allen,amelia.allen5610@shopmail.com,Australia,2021-07-08,Standard,725.61
5611,Oscar Davis,oscar.davis5611@shopmail.com,United States,2023-12-28,Standard,2811.71
5612,Noah Wilson,noah.wilson5612@shopmail.com,United Kingdom,2025-10-17,Standard,3458.22
5613,Isla Nguyen,isla.nguyen5613@shopmail.com,United Kingdom,2022-06-22,Standard,4375.75
5614,Ava Garcia,ava.garcia5614@shopmail.com,New Zealand,2021-09-15,Standard,2910.12
5615,Mason Johnson,mason.johnson5615@shopmail.com,Australia,2020-04-28,Standard,4507.01
5616,Harper Rossi,harper.rossi5616@shopmail.com,United Kingdom,2022-10-03,Standard,2735.03
5617,Maya Costa,maya.costa5617@shopmail.com,Canada,2021-08-31,Standard,4193.77
5618,Noah Martin,noah.martin5618@shopmail.com,Australia,2022-11-29,Standard,2099.30
5619,Eva Khan,eva.khan5619@shopmail.com,United Kingdom,2024-04-05,Standard,2940.51
5620,Elijah Murphy,elijah.murphy5620@shopmail.com,Ireland,2026-01-01,Standard,3425.31
5621,Oliver Cohen,oliver.cohen5621@shopmail.com,Singapore,2026-03-18,Standard,968.19
5622,Oscar Singh,oscar.singh5622@shopmail.com,United Kingdom,2026-05-24,Standard,343.58
5623,Chen Martin,chen.martin5623@shopmail.com,United States,2021-07-25,Standard,197.97
5624,Oliver Lewis,oliver.lewis5624@shopmail.com,Singapore,2020-05-04,Standard,3909.72
5625,Sofia Thomas,sofia.thomas5625@shopmail.com,Canada,2024-10-18,Standard,1886.01
5626,Mia Kowalski,mia.kowalski5626@shopmail.com,United States,2022-06-21,Standard,4183.22
5627,Mateo Jones,mateo.jones5627@shopmail.com,Ireland,2021-08-14,Standard,2341.69
5628,Zara Hall,zara.hall5628@shopmail.com,United Kingdom,2022-06-22,Standard,4618.73
5629,Harper Cohen,harper.cohen5629@shopmail.com,United Kingdom,2024-05-25,Standard,1507.27
5630,Charlotte Murphy,charlotte.murphy5630@shopmail.com,United Kingdom,2022-12-01,Standard,2538.89
5631,Isla Young,isla.young5631@shopmail.com,India,2024-10-10,Standard,766.77
5632,Zara Costa,zara.costa5632@shopmail.com,New Zealand,2024-02-14,Standard,3986.21
5633,Olivia Walker,olivia.walker5633@shopmail.com,United Kingdom,2021-07-19,Standard,1511.53
5634,Grace Wilson,grace.wilson5634@shopmail.com,India,2024-09-11,Standard,1569.56
5635,Maya Allen,maya.allen5635@shopmail.com,Australia,2021-08-08,Standard,3928.43
5636,Emma Singh,emma.singh5636@shopmail.com,Ireland,2021-06-01,Standard,3603.33
5637,Grace Cohen,grace.cohen5637@shopmail.com,Australia,2022-08-05,Standard,3550.54
5638,Olivia Silva,olivia.silva5638@shopmail.com,India,2022-06-01,Standard,1235.52
5639,Zara Wilson,zara.wilson5639@shopmail.com,Australia,2021-06-20,Standard,2762.53
5640,Yuki Kowalski,yuki.kowalski5640@shopmail.com,Ireland,2024-02-29,Standard,4324.96
5641,Mia Anderson,mia.anderson5641@shopmail.com,Ireland,2022-03-13,Standard,1405.00
5642,Oscar Rossi,oscar.rossi5642@shopmail.com,United States,2020-01-26,Standard,1377.00
5643,Sofia Cohen,sofia.cohen5643@shopmail.com,Canada,2026-05-12,Standard,2225.48
5644,Elijah Nguyen,elijah.nguyen5644@shopmail.com,Australia,2025-10-29,Standard,1398.27
5645,Emma Rossi,emma.rossi5645@shopmail.com,Australia,2022-04-13,Standard,1104.86
5646,Samuel Nakamura,samuel.nakamura5646@shopmail.com,Australia,2021-01-18,Standard,1404.50
5647,Arjun Anderson,arjun.anderson5647@shopmail.com,Ireland,2022-09-22,Standard,926.73
5648,Isabella Brown,isabella.brown5648@shopmail.com,India,2023-01-09,Standard,1519.95
5649,Jack Cohen,jack.cohen5649@shopmail.com,United Kingdom,2024-12-28,Standard,56.40
5650,Mason Singh,mason.singh5650@shopmail.com,Singapore,2022-06-18,Standard,3220.33
5651,Kai Kowalski,kai.kowalski5651@shopmail.com,Australia,2020-01-18,Standard,541.55
5652,Elijah Anderson,elijah.anderson5652@shopmail.com,Australia,2020-07-19,Standard,4278.44
5653,Kai Young,kai.young5653@shopmail.com,United States,2023-01-04,Standard,607.20
5654,Aarav Andersen,aarav.andersen5654@shopmail.com,Australia,2022-04-18,Standard,4765.69
5655,Amelia Kowalski,amelia.kowalski5655@shopmail.com,United States,2026-06-18,Standard,1828.92
5656,Isla Thomas,isla.thomas5656@shopmail.com,Canada,2026-01-21,Standard,2905.21
5657,Oscar Garcia,oscar.garcia5657@shopmail.com,Canada,2022-04-27,Standard,1829.71
5658,Chen Clark,chen.clark5658@shopmail.com,India,2023-03-17,Standard,4275.13
5659,Eva Wilson,eva.wilson5659@shopmail.com,Australia,2026-04-22,Standard,4729.78
5660,Grace Lewis,grace.lewis5660@shopmail.com,India,2020-07-31,Standard,545.88
5661,Mason Anderson,mason.anderson5661@shopmail.com,New Zealand,2024-02-22,Standard,3665.27
5662,Ava Costa,ava.costa5662@shopmail.com,Australia,2024-03-12,Standard,239.61
5663,James Jones,james.jones5663@shopmail.com,Australia,2023-09-21,Standard,1400.51
5664,Sophia Murphy,sophia.murphy5664@shopmail.com,United Kingdom,2025-12-13,Standard,3433.90
5665,Emma Andersen,emma.andersen5665@shopmail.com,Australia,2022-06-06,Standard,4567.96
5666,Isla Costa,isla.costa5666@shopmail.com,Singapore,2020-05-26,Standard,1372.04
5667,Noah Brown,noah.brown5667@shopmail.com,New Zealand,2020-09-08,Standard,1305.31
5668,Noah Patel,noah.patel5668@shopmail.com,United Kingdom,2024-04-25,Standard,4289.40
5669,Chen Jones,chen.jones5669@shopmail.com,Singapore,2022-05-24,Standard,4001.46
5670,Mason Nakamura,mason.nakamura5670@shopmail.com,Singapore,2021-02-26,Standard,1317.31
5671,Amelia Murphy,amelia.murphy5671@shopmail.com,New Zealand,2025-02-19,Standard,1534.65
5672,Isla Brown,isla.brown5672@shopmail.com,Australia,2020-06-21,Standard,2997.43
5673,James Miller,james.miller5673@shopmail.com,United Kingdom,2025-10-15,Standard,4470.71
5674,Charlotte Young,charlotte.young5674@shopmail.com,United States,2021-03-26,Standard,2337.88
5675,Chloe Dubois,chloe.dubois5675@shopmail.com,New Zealand,2020-05-27,Standard,437.81
5676,Eva Williams,eva.williams5676@shopmail.com,Australia,2025-03-09,Standard,3793.49
5677,Oliver Chen,oliver.chen5677@shopmail.com,India,2025-11-29,Standard,3330.79
5678,Amelia Murphy,amelia.murphy5678@shopmail.com,Canada,2021-02-25,Standard,2092.47
5679,Oliver Nguyen,oliver.nguyen5679@shopmail.com,United States,2024-05-13,Standard,2036.61
5680,Kai Kowalski,kai.kowalski5680@shopmail.com,Australia,2020-12-14,Standard,2730.00
5681,Ruby Kim,ruby.kim5681@shopmail.com,United States,2023-12-30,Standard,2779.88
5682,Kai Moore,kai.moore5682@shopmail.com,Singapore,2022-03-26,Standard,767.19
5683,Noah Murphy,noah.murphy5683@shopmail.com,Australia,2023-08-07,Standard,4151.22
5684,Chen Andersen,chen.andersen5684@shopmail.com,Australia,2024-03-15,Standard,910.04
5685,Sofia Andersen,sofia.andersen5685@shopmail.com,Australia,2026-08-05,Standard,1669.33
5686,Priya Silva,priya.silva5686@shopmail.com,Canada,2021-09-06,Standard,2618.08
5687,Harper Nguyen,harper.nguyen5687@shopmail.com,Australia,2022-10-10,Standard,2776.81
5688,Hugo Khan,hugo.khan5688@shopmail.com,Australia,2023-03-02,Standard,764.27
5689,Jack Anderson,jack.anderson5689@shopmail.com,Australia,2025-04-01,Standard,4346.02
5690,Ruby Allen,ruby.allen5690@shopmail.com,United States,2020-06-26,Standard,319.37
5691,Chen Andersen,chen.andersen5691@shopmail.com,New Zealand,2024-10-08,Standard,2053.23
5692,Oscar Martin,oscar.martin5692@shopmail.com,Australia,2022-04-09,Standard,31.01
5693,Isla Allen,isla.allen5693@shopmail.com,Australia,2021-10-07,Standard,4324.56
5694,Henry Taylor,henry.taylor5694@shopmail.com,United States,2024-04-22,Standard,2063.99
5695,Arjun Lee,arjun.lee5695@shopmail.com,New Zealand,2023-07-21,Standard,334.24
5696,Mateo Brown,mateo.brown5696@shopmail.com,Australia,2023-08-03,Standard,603.75
5697,Kai Nguyen,kai.nguyen5697@shopmail.com,New Zealand,2024-10-12,Standard,511.18
5698,Harper Smith,harper.smith5698@shopmail.com,Ireland,2026-02-07,Standard,2242.16
5699,Mason Smith,mason.smith5699@shopmail.com,United States,2026-04-30,Standard,4434.52
5700,Elijah Smith,elijah.smith5700@shopmail.com,Singapore,2025-02-13,Standard,3674.52
5701,Ethan Dubois,ethan.dubois5701@shopmail.com,Canada,2021-11-14,Standard,4560.63
5702,Ruby Murphy,ruby.murphy5702@shopmail.com,United States,2021-04-19,Standard,580.18
5703,Isla Young,isla.young5703@shopmail.com,Australia,2023-07-30,Standard,615.70
5704,Ruby Khan,ruby.khan5704@shopmail.com,United Kingdom,2022-03-23,Standard,5.26
5705,Eva Brown,eva.brown5705@shopmail.com,Australia,2024-12-17,Standard,4355.52
5706,Isabella Jones,isabella.jones5706@shopmail.com,Australia,2021-08-02,Standard,3438.37
5707,Zara Anderson,zara.anderson5707@shopmail.com,Australia,2023-04-24,Standard,3240.65
5708,Oscar Martin,oscar.martin5708@shopmail.com,Singapore,2020-07-31,Standard,1674.23
5709,Ruby Silva,ruby.silva5709@shopmail.com,United States,2021-01-19,Standard,3635.48
5710,Leo Davis,leo.davis5710@shopmail.com,Singapore,2026-07-02,Standard,2796.31
5711,Ruby Miller,ruby.miller5711@shopmail.com,United Kingdom,2024-02-03,Standard,3406.93
5712,Leo Patel,leo.patel5712@shopmail.com,Ireland,2024-06-21,Standard,1932.65
5713,Henry Singh,henry.singh5713@shopmail.com,New Zealand,2020-06-15,Standard,2914.83
5714,Charlotte Nakamura,charlotte.nakamura5714@shopmail.com,Australia,2022-03-08,Standard,1380.35
5715,Zara Johnson,zara.johnson5715@shopmail.com,Australia,2024-02-10,Standard,731.23
5716,Wei Wilson,wei.wilson5716@shopmail.com,Singapore,2024-04-04,Standard,3274.32
5717,Mateo Moore,mateo.moore5717@shopmail.com,Ireland,2025-02-22,Standard,2995.89
5718,Mia Wilson,mia.wilson5718@shopmail.com,Australia,2026-07-01,Standard,364.51
5719,Aarav Harris,aarav.harris5719@shopmail.com,India,2020-02-24,Standard,2201.54
5720,Mateo Young,mateo.young5720@shopmail.com,United States,2022-09-23,Standard,2022.40
5721,Sophia Allen,sophia.allen5721@shopmail.com,United States,2026-07-31,Standard,548.59
5722,Chen Williams,chen.williams5722@shopmail.com,Canada,2021-01-28,Standard,210.51
5723,Jack Anderson,jack.anderson5723@shopmail.com,United Kingdom,2020-02-06,Standard,147.50
5724,Liam Wilson,liam.wilson5724@shopmail.com,United Kingdom,2023-11-29,Standard,2690.52
5725,Amelia Clark,amelia.clark5725@shopmail.com,United States,2023-10-09,Standard,2869.79
5726,Arjun Martin,arjun.martin5726@shopmail.com,Australia,2023-07-29,Standard,1387.31
5727,Isla Martin,isla.martin5727@shopmail.com,United Kingdom,2025-07-08,Standard,4293.27
5728,Eva Taylor,eva.taylor5728@shopmail.com,Australia,2023-03-07,Standard,2738.18
5729,Ruby Costa,ruby.costa5729@shopmail.com,Australia,2022-10-29,Standard,1845.14
5730,Isla Singh,isla.singh5730@shopmail.com,Singapore,2024-05-05,Standard,4094.71
5731,Harper Anderson,harper.anderson5731@shopmail.com,Australia,2022-04-30,Standard,439.77
5732,Oscar Wilson,oscar.wilson5732@shopmail.com,Singapore,2024-07-27,Standard,2031.76
5733,Isabella Nakamura,isabella.nakamura5733@shopmail.com,Australia,2023-06-25,Standard,1885.66
5734,Chen Clark,chen.clark5734@shopmail.com,India,2021-11-12,Standard,4744.81
5735,Oscar Wilson,oscar.wilson5735@shopmail.com,New Zealand,2020-01-11,Standard,189.11
5736,Liam Anderson,liam.anderson5736@shopmail.com,Australia,2026-02-14,Standard,1877.39
5737,Emma Garcia,emma.garcia5737@shopmail.com,New Zealand,2024-03-24,Standard,3791.57
5738,Priya Garcia,priya.garcia5738@shopmail.com,India,2020-04-08,Standard,2685.50
5739,Chen Lewis,chen.lewis5739@shopmail.com,Australia,2021-08-09,Standard,2378.43
5740,Sophia Chen,sophia.chen5740@shopmail.com,Singapore,2022-04-11,Standard,3502.24
5741,Mason Harris,mason.harris5741@shopmail.com,United Kingdom,2024-09-19,Standard,4056.08
5742,Amelia Kim,amelia.kim5742@shopmail.com,India,2022-04-02,Standard,3896.75
5743,Ava Brown,ava.brown5743@shopmail.com,Australia,2020-06-03,Standard,2828.80
5744,Kai Harris,kai.harris5744@shopmail.com,Australia,2026-03-15,Standard,2128.16
5745,Sophia Smith,sophia.smith5745@shopmail.com,Ireland,2023-06-22,Standard,4097.32
5746,Maya Williams,maya.williams5746@shopmail.com,Australia,2025-11-27,Standard,3089.75
5747,Ethan Allen,ethan.allen5747@shopmail.com,Canada,2023-02-15,Standard,309.45
5748,Maya Taylor,maya.taylor5748@shopmail.com,India,2020-07-26,Standard,2983.86
5749,Ethan Brown,ethan.brown5749@shopmail.com,New Zealand,2022-06-22,Standard,3040.11
5750,Grace Kowalski,grace.kowalski5750@shopmail.com,Australia,2022-09-20,Standard,3697.51
5751,Jack Thomas,jack.thomas5751@shopmail.com,United States,2020-04-11,Standard,2456.86
5752,Ava Wilson,ava.wilson5752@shopmail.com,Australia,2024-10-23,Standard,2495.58
5753,Sofia Costa,sofia.costa5753@shopmail.com,New Zealand,2025-02-22,Standard,4291.82
5754,Aarav Rossi,aarav.rossi5754@shopmail.com,Australia,2023-11-24,Standard,4374.53
5755,Ethan Jones,ethan.jones5755@shopmail.com,Australia,2020-05-28,Standard,4701.50
5756,Arjun Martin,arjun.martin5756@shopmail.com,Singapore,2022-09-28,Standard,40.16
5757,Samuel Kowalski,samuel.kowalski5757@shopmail.com,United States,2022-04-10,Standard,2902.37
5758,Samuel Khan,samuel.khan5758@shopmail.com,New Zealand,2021-07-25,Standard,454.39
5759,Hugo Davis,hugo.davis5759@shopmail.com,Canada,2023-06-17,Standard,671.67
5760,Leo Lee,leo.lee5760@shopmail.com,United States,2024-07-29,Standard,3520.54
5761,Sofia Johnson,sofia.johnson5761@shopmail.com,Ireland,2021-03-01,Standard,1946.57
5762,Oscar Kowalski,oscar.kowalski5762@shopmail.com,United States,2021-02-06,Standard,2443.62
5763,Ruby Chen,ruby.chen5763@shopmail.com,Australia,2025-12-14,Standard,2604.93
5764,Amelia Singh,amelia.singh5764@shopmail.com,Australia,2024-11-06,Standard,2614.79
5765,Sofia Johnson,sofia.johnson5765@shopmail.com,Australia,2024-06-12,Standard,4219.67
5766,Lucas Rossi,lucas.rossi5766@shopmail.com,United Kingdom,2021-12-05,Standard,2842.20
5767,Mia Kowalski,mia.kowalski5767@shopmail.com,United Kingdom,2024-11-16,Standard,2130.50
5768,Isla Smith,isla.smith5768@shopmail.com,India,2022-03-08,Standard,2148.22
5769,Jack Garcia,jack.garcia5769@shopmail.com,United Kingdom,2023-08-23,Standard,811.24
5770,Arjun Andersen,arjun.andersen5770@shopmail.com,India,2020-01-03,Standard,2226.24
5771,Hugo Harris,hugo.harris5771@shopmail.com,Ireland,2023-07-26,Standard,2714.88
5772,Oliver Wilson,oliver.wilson5772@shopmail.com,United Kingdom,2023-10-30,Standard,2987.94
5773,Ruby Rossi,ruby.rossi5773@shopmail.com,Australia,2024-11-11,Standard,1549.04
5774,Eva Cohen,eva.cohen5774@shopmail.com,United Kingdom,2023-04-28,Standard,119.70
5775,Mason Dubois,mason.dubois5775@shopmail.com,United Kingdom,2025-12-19,Standard,118.26
5776,Olivia Jones,olivia.jones5776@shopmail.com,Canada,2023-04-06,Standard,599.03
5777,Chloe Miller,chloe.miller5777@shopmail.com,Ireland,2024-05-06,Standard,1582.37
5778,Arjun Moore,arjun.moore5778@shopmail.com,India,2020-10-13,Standard,4576.31
5779,Elijah Patel,elijah.patel5779@shopmail.com,United Kingdom,2023-12-08,Standard,3846.88
5780,Maya Andersen,maya.andersen5780@shopmail.com,United States,2020-11-24,Standard,3111.78
5781,Yuki Nakamura,yuki.nakamura5781@shopmail.com,United Kingdom,2020-06-10,Standard,269.20
5782,Mateo Williams,mateo.williams5782@shopmail.com,Australia,2022-01-22,Standard,1257.07
5783,Eva Taylor,eva.taylor5783@shopmail.com,United States,2025-01-05,Standard,2693.66
5784,Oscar Patel,oscar.patel5784@shopmail.com,Singapore,2025-03-11,Standard,4763.61
5785,Ethan Johnson,ethan.johnson5785@shopmail.com,Ireland,2021-08-01,Standard,2830.32
5786,Olivia Davis,olivia.davis5786@shopmail.com,Australia,2021-09-06,Standard,1631.50
5787,James Jones,james.jones5787@shopmail.com,Singapore,2025-09-08,Standard,1878.84
5788,Liam Cohen,liam.cohen5788@shopmail.com,New Zealand,2021-12-01,Standard,2743.78
5789,Olivia Chen,olivia.chen5789@shopmail.com,Singapore,2023-11-12,Standard,716.33
5790,Mia Thomas,mia.thomas5790@shopmail.com,Australia,2022-02-13,Standard,1958.76
5791,Amelia Davis,amelia.davis5791@shopmail.com,Singapore,2026-04-16,Standard,75.25
5792,Lucas Williams,lucas.williams5792@shopmail.com,Australia,2025-08-03,Standard,3066.91
5793,Olivia Wilson,olivia.wilson5793@shopmail.com,Ireland,2022-12-07,Standard,3770.38
5794,Charlotte Kowalski,charlotte.kowalski5794@shopmail.com,Australia,2022-11-29,Standard,3368.40
5795,Nina Silva,nina.silva5795@shopmail.com,United Kingdom,2022-09-06,Standard,2253.95
5796,Wei Johnson,wei.johnson5796@shopmail.com,Canada,2023-08-30,Standard,2375.13
5797,Ava Lewis,ava.lewis5797@shopmail.com,New Zealand,2024-05-20,Standard,4540.98
5798,Eva Nguyen,eva.nguyen5798@shopmail.com,United Kingdom,2025-07-24,Standard,1227.42
5799,Charlotte Andersen,charlotte.andersen5799@shopmail.com,United States,2022-05-03,Standard,1737.06
5800,Yuki Clark,yuki.clark5800@shopmail.com,United Kingdom,2022-06-15,Standard,1221.05
5801,Noah Lewis,noah.lewis5801@shopmail.com,United Kingdom,2024-10-23,Standard,4302.35
5802,Maya Singh,maya.singh5802@shopmail.com,United Kingdom,2025-10-06,Standard,953.41
5803,Zara Khan,zara.khan5803@shopmail.com,Australia,2023-04-30,Standard,2695.51
5804,Ethan Patel,ethan.patel5804@shopmail.com,Singapore,2026-02-18,Standard,4534.56
5805,Lucas Singh,lucas.singh5805@shopmail.com,United States,2022-06-03,Standard,2084.05
5806,Jack Walker,jack.walker5806@shopmail.com,United States,2023-07-06,Standard,1153.62
5807,Olivia Rossi,olivia.rossi5807@shopmail.com,United States,2024-02-03,Standard,2517.72
5808,James Khan,james.khan5808@shopmail.com,India,2023-04-05,Standard,1169.78
5809,Grace Dubois,grace.dubois5809@shopmail.com,Australia,2022-10-28,Standard,1443.68
5810,Leo Allen,leo.allen5810@shopmail.com,United States,2020-05-09,Standard,1708.95
5811,Yuki Hall,yuki.hall5811@shopmail.com,Ireland,2020-09-01,Standard,1733.66
5812,Liam Taylor,liam.taylor5812@shopmail.com,United States,2023-01-07,Standard,1924.29
5813,Lucas Smith,lucas.smith5813@shopmail.com,Australia,2025-02-18,Standard,945.95
5814,Mia Moore,mia.moore5814@shopmail.com,India,2020-07-06,Standard,3345.33
5815,Chloe Lee,chloe.lee5815@shopmail.com,Canada,2025-06-30,Standard,4353.53
5816,Hugo Hall,hugo.hall5816@shopmail.com,New Zealand,2023-11-15,Standard,3201.38
5817,James Harris,james.harris5817@shopmail.com,United States,2020-04-27,Standard,304.49
5818,Elijah Allen,elijah.allen5818@shopmail.com,United States,2023-12-09,Standard,527.71
5819,Liam Wilson,liam.wilson5819@shopmail.com,Canada,2020-01-20,Standard,1439.51
5820,Chen Johnson,chen.johnson5820@shopmail.com,Singapore,2022-01-27,Standard,4605.22
5821,Oliver Walker,oliver.walker5821@shopmail.com,Australia,2023-11-07,Standard,1089.48
5822,Noah Wilson,noah.wilson5822@shopmail.com,United States,2022-12-20,Standard,3704.54
5823,Ethan Lee,ethan.lee5823@shopmail.com,Ireland,2025-07-06,Standard,2978.11
5824,Chen Moore,chen.moore5824@shopmail.com,Australia,2021-02-15,Standard,536.04
5825,Harper Patel,harper.patel5825@shopmail.com,India,2020-04-29,Standard,1318.90
5826,Lucas Chen,lucas.chen5826@shopmail.com,United Kingdom,2022-01-26,Standard,4247.61
5827,Aarav Anderson,aarav.anderson5827@shopmail.com,United States,2024-11-13,Standard,4034.37
5828,Charlotte Taylor,charlotte.taylor5828@shopmail.com,Ireland,2023-11-09,Standard,532.85
5829,Emma Nakamura,emma.nakamura5829@shopmail.com,United Kingdom,2025-07-24,Standard,1072.53
5830,Mason Dubois,mason.dubois5830@shopmail.com,Canada,2023-12-04,Standard,1673.10
5831,Chen Garcia,chen.garcia5831@shopmail.com,New Zealand,2024-11-01,Standard,4688.64
5832,Eva Garcia,eva.garcia5832@shopmail.com,India,2022-08-08,Standard,1556.06
5833,Ava Murphy,ava.murphy5833@shopmail.com,Singapore,2023-05-31,Standard,1651.30
5834,Sofia Hall,sofia.hall5834@shopmail.com,Ireland,2022-06-19,Standard,3305.46
5835,Liam Singh,liam.singh5835@shopmail.com,Australia,2025-04-25,Standard,895.09
5836,Oliver Singh,oliver.singh5836@shopmail.com,United States,2022-03-29,Standard,1187.76
5837,Aarav Kim,aarav.kim5837@shopmail.com,Australia,2021-07-29,Standard,4060.11
5838,Priya Murphy,priya.murphy5838@shopmail.com,United Kingdom,2024-09-29,Standard,3451.88
5839,Lucas Kowalski,lucas.kowalski5839@shopmail.com,New Zealand,2021-02-19,Standard,834.24
5840,Leo Johnson,leo.johnson5840@shopmail.com,United States,2022-11-20,Standard,2523.45
5841,Isla Silva,isla.silva5841@shopmail.com,United Kingdom,2021-10-16,Standard,67.75
5842,Samuel Brown,samuel.brown5842@shopmail.com,United Kingdom,2026-05-27,Standard,1123.40
5843,Eva Kowalski,eva.kowalski5843@shopmail.com,Australia,2020-03-23,Standard,3792.48
5844,Harper Allen,harper.allen5844@shopmail.com,Australia,2024-11-20,Standard,3574.71
5845,Emma Walker,emma.walker5845@shopmail.com,United Kingdom,2020-05-13,Standard,3418.93
5846,Samuel Andersen,samuel.andersen5846@shopmail.com,Australia,2021-05-27,Standard,4389.02
5847,Grace Silva,grace.silva5847@shopmail.com,Australia,2021-02-13,Standard,4548.69
5848,Amelia Lewis,amelia.lewis5848@shopmail.com,Ireland,2022-07-27,Standard,3973.37
5849,Kai Dubois,kai.dubois5849@shopmail.com,United States,2020-06-06,Standard,1481.17
5850,Sofia Garcia,sofia.garcia5850@shopmail.com,Singapore,2023-04-10,Standard,3121.02
5851,Emma Anderson,emma.anderson5851@shopmail.com,United Kingdom,2022-09-19,Standard,1923.54
5852,Mateo Williams,mateo.williams5852@shopmail.com,Singapore,2021-08-15,Standard,2654.29
5853,Harper Miller,harper.miller5853@shopmail.com,Australia,2022-11-11,Standard,636.07
5854,Mateo Nguyen,mateo.nguyen5854@shopmail.com,United States,2024-03-30,Standard,2239.48
5855,Eva Jones,eva.jones5855@shopmail.com,Australia,2023-09-18,Standard,1405.46
5856,Olivia Young,olivia.young5856@shopmail.com,Singapore,2022-11-25,Standard,931.60
5857,Ava Nakamura,ava.nakamura5857@shopmail.com,Canada,2022-04-11,Standard,3105.10
5858,Harper Kowalski,harper.kowalski5858@shopmail.com,India,2024-03-05,Standard,1080.11
5859,Ava Williams,ava.williams5859@shopmail.com,Singapore,2021-10-04,Standard,3189.47
5860,Hugo Murphy,hugo.murphy5860@shopmail.com,United States,2021-05-01,Standard,3255.38
5861,Oliver Hall,oliver.hall5861@shopmail.com,Australia,2024-07-29,Standard,705.97
5862,Hugo Davis,hugo.davis5862@shopmail.com,Singapore,2025-03-30,Standard,2903.79
5863,Charlotte Allen,charlotte.allen5863@shopmail.com,Ireland,2020-09-20,Standard,4366.57
5864,Amelia Thomas,amelia.thomas5864@shopmail.com,United States,2021-04-01,Standard,4040.89
5865,Isabella Garcia,isabella.garcia5865@shopmail.com,Canada,2020-08-07,Standard,3509.54
5866,Oscar Lee,oscar.lee5866@shopmail.com,India,2021-09-29,Standard,752.31
5867,Hugo Dubois,hugo.dubois5867@shopmail.com,Australia,2024-06-14,Standard,2722.56
5868,Noah Hall,noah.hall5868@shopmail.com,United States,2022-06-11,Standard,3261.11
5869,Leo Murphy,leo.murphy5869@shopmail.com,Australia,2020-04-20,Standard,1723.13
5870,Nina Khan,nina.khan5870@shopmail.com,Singapore,2025-01-22,Standard,2339.15
5871,Chloe Young,chloe.young5871@shopmail.com,United Kingdom,2020-11-27,Standard,1791.17
5872,Mason Brown,mason.brown5872@shopmail.com,New Zealand,2023-01-27,Standard,1525.42
5873,James Taylor,james.taylor5873@shopmail.com,Australia,2021-06-20,Standard,3725.35
5874,Charlotte Nakamura,charlotte.nakamura5874@shopmail.com,Australia,2026-04-14,Standard,2372.96
5875,Samuel Williams,samuel.williams5875@shopmail.com,Australia,2023-06-22,Standard,3062.17
5876,Emma Thomas,emma.thomas5876@shopmail.com,India,2023-07-19,Standard,2414.39
5877,Chloe Chen,chloe.chen5877@shopmail.com,Australia,2022-08-31,Standard,3113.16
5878,Emma Lewis,emma.lewis5878@shopmail.com,Australia,2022-04-22,Standard,1311.08
5879,Henry Patel,henry.patel5879@shopmail.com,New Zealand,2020-10-08,Standard,2575.05
5880,Isabella Harris,isabella.harris5880@shopmail.com,Ireland,2024-10-02,Standard,2600.18
5881,Oliver Williams,oliver.williams5881@shopmail.com,Australia,2022-09-24,Standard,3984.50
5882,Elijah Silva,elijah.silva5882@shopmail.com,Australia,2020-10-20,Standard,232.65
5883,Priya Miller,priya.miller5883@shopmail.com,Australia,2022-09-28,Standard,1347.92
5884,Emma Miller,emma.miller5884@shopmail.com,United States,2023-06-25,Standard,766.48
5885,James Miller,james.miller5885@shopmail.com,Australia,2026-01-02,Standard,3156.16
5886,Lucas Nguyen,lucas.nguyen5886@shopmail.com,Ireland,2022-08-24,Standard,834.30
5887,Arjun Moore,arjun.moore5887@shopmail.com,Singapore,2020-11-10,Standard,4231.12
5888,Charlotte Nakamura,charlotte.nakamura5888@shopmail.com,Australia,2024-08-10,Standard,1066.87
5889,James Harris,james.harris5889@shopmail.com,United States,2026-05-04,Standard,3248.34
5890,Ava Murphy,ava.murphy5890@shopmail.com,Australia,2024-04-07,Standard,2881.12
5891,Henry Khan,henry.khan5891@shopmail.com,India,2023-06-08,Standard,3110.48
5892,Leo Murphy,leo.murphy5892@shopmail.com,Australia,2020-07-08,Standard,205.16
5893,Sofia Wilson,sofia.wilson5893@shopmail.com,Australia,2022-11-18,Standard,3354.00
5894,Oliver Brown,oliver.brown5894@shopmail.com,United States,2020-02-06,Standard,2192.41
5895,Leo Harris,leo.harris5895@shopmail.com,New Zealand,2026-04-15,Standard,1752.88
5896,Olivia Andersen,olivia.andersen5896@shopmail.com,India,2023-08-06,Standard,500.16
5897,Amelia Rossi,amelia.rossi5897@shopmail.com,Australia,2025-12-07,Standard,1782.31
5898,Sophia Garcia,sophia.garcia5898@shopmail.com,India,2022-12-20,Standard,3833.03
5899,Yuki Nguyen,yuki.nguyen5899@shopmail.com,New Zealand,2024-01-28,Standard,2017.52
5900,Ruby Anderson,ruby.anderson5900@shopmail.com,India,2024-06-07,Standard,1651.76
5901,Charlotte Davis,charlotte.davis5901@shopmail.com,India,2022-02-01,Standard,2176.89
5902,Oscar Garcia,oscar.garcia5902@shopmail.com,Australia,2024-12-03,Standard,2141.51
5903,Sophia Khan,sophia.khan5903@shopmail.com,United States,2024-08-27,Standard,3600.40
5904,Leo Harris,leo.harris5904@shopmail.com,India,2023-12-22,Standard,1923.80
5905,Elijah Chen,elijah.chen5905@shopmail.com,Ireland,2024-04-12,Standard,4433.60
5906,Chloe Andersen,chloe.andersen5906@shopmail.com,Australia,2020-04-13,Standard,1786.83
5907,Oscar Martin,oscar.martin5907@shopmail.com,United States,2021-02-07,Standard,938.87
5908,Kai Murphy,kai.murphy5908@shopmail.com,Canada,2023-03-19,Standard,3951.19
5909,Liam Thomas,liam.thomas5909@shopmail.com,Canada,2021-07-26,Standard,1043.59
5910,Wei Kim,wei.kim5910@shopmail.com,Australia,2023-05-21,Standard,1426.17
5911,Jack Kim,jack.kim5911@shopmail.com,Australia,2025-07-17,Standard,2036.46
5912,Amelia Smith,amelia.smith5912@shopmail.com,New Zealand,2021-03-28,Standard,343.77
5913,Henry Singh,henry.singh5913@shopmail.com,Ireland,2021-01-31,Standard,3284.15
5914,Mia Miller,mia.miller5914@shopmail.com,United Kingdom,2022-01-30,Standard,1418.50
5915,Ethan Davis,ethan.davis5915@shopmail.com,India,2024-06-13,Standard,4753.68
5916,Grace Martin,grace.martin5916@shopmail.com,United Kingdom,2022-12-08,Standard,2300.15
5917,Aarav Kim,aarav.kim5917@shopmail.com,United Kingdom,2024-03-24,Standard,2585.51
5918,Nina Kim,nina.kim5918@shopmail.com,India,2025-09-22,Standard,4331.49
5919,Olivia Martin,olivia.martin5919@shopmail.com,United Kingdom,2026-03-07,Standard,2681.92
5920,Ethan Smith,ethan.smith5920@shopmail.com,Australia,2023-02-13,Standard,2598.16
5921,Oscar Lee,oscar.lee5921@shopmail.com,United Kingdom,2022-07-18,Standard,3312.46
5922,Ava Patel,ava.patel5922@shopmail.com,India,2022-01-11,Standard,3584.74
5923,Isabella Davis,isabella.davis5923@shopmail.com,Singapore,2021-11-17,Standard,2316.26
5924,Emma Kim,emma.kim5924@shopmail.com,United Kingdom,2022-07-02,Standard,1344.77
5925,Liam Clark,liam.clark5925@shopmail.com,Australia,2024-03-24,Standard,3565.57
5926,Isabella Miller,isabella.miller5926@shopmail.com,Australia,2026-02-03,Standard,2167.98
5927,Elijah Khan,elijah.khan5927@shopmail.com,Australia,2023-02-24,Standard,2303.11
5928,Kai Moore,kai.moore5928@shopmail.com,Australia,2020-12-24,Standard,2575.07
5929,Chloe Chen,chloe.chen5929@shopmail.com,Singapore,2020-08-06,Standard,4070.32
5930,Ruby Allen,ruby.allen5930@shopmail.com,Singapore,2025-01-09,Standard,2523.94
5931,Kai Clark,kai.clark5931@shopmail.com,India,2025-05-08,Standard,4293.07
5932,Hugo Silva,hugo.silva5932@shopmail.com,India,2020-08-20,Standard,1515.47
5933,Elijah Miller,elijah.miller5933@shopmail.com,United States,2021-05-23,Standard,529.82
5934,Maya Singh,maya.singh5934@shopmail.com,Ireland,2023-10-07,Standard,4741.65
5935,Sofia Nakamura,sofia.nakamura5935@shopmail.com,Canada,2021-01-23,Standard,2653.88
5936,Maya Miller,maya.miller5936@shopmail.com,Australia,2024-11-07,Standard,369.45
5937,Amelia Hall,amelia.hall5937@shopmail.com,United Kingdom,2022-09-23,Standard,454.62
5938,Grace Moore,grace.moore5938@shopmail.com,Australia,2021-11-19,Standard,2862.61
5939,Mateo Patel,mateo.patel5939@shopmail.com,United States,2021-12-30,Standard,3575.26
5940,Grace Miller,grace.miller5940@shopmail.com,United Kingdom,2023-06-03,Standard,2922.25
5941,Amelia Cohen,amelia.cohen5941@shopmail.com,United States,2025-09-08,Standard,340.95
5942,Nina Martin,nina.martin5942@shopmail.com,United States,2026-08-13,Standard,3111.70
5943,Hugo Brown,hugo.brown5943@shopmail.com,United Kingdom,2025-12-12,Standard,4694.54
5944,Lucas Brown,lucas.brown5944@shopmail.com,Australia,2022-04-28,Standard,3086.41
5945,James Cohen,james.cohen5945@shopmail.com,Australia,2024-10-10,Standard,4757.32
5946,Sofia Moore,sofia.moore5946@shopmail.com,Ireland,2021-12-04,Standard,551.61
5947,Ethan Moore,ethan.moore5947@shopmail.com,United Kingdom,2021-05-08,Standard,3851.19
5948,Harper Jones,harper.jones5948@shopmail.com,United States,2025-11-28,Standard,1581.23
5949,Hugo Williams,hugo.williams5949@shopmail.com,Ireland,2020-07-04,Standard,1490.27
5950,Eva Brown,eva.brown5950@shopmail.com,Australia,2025-05-04,Standard,3228.27
5951,Eva Patel,eva.patel5951@shopmail.com,Canada,2023-04-26,Standard,1783.54
5952,Chen Khan,chen.khan5952@shopmail.com,Australia,2023-10-31,Standard,3335.25
5953,Harper Dubois,harper.dubois5953@shopmail.com,Ireland,2021-05-21,Standard,735.11
5954,Zara Martin,zara.martin5954@shopmail.com,India,2021-09-23,Standard,698.40
5955,Priya Allen,priya.allen5955@shopmail.com,Australia,2024-11-28,Standard,3881.87
5956,Noah Taylor,noah.taylor5956@shopmail.com,United Kingdom,2026-04-03,Standard,4226.81
5957,Noah Clark,noah.clark5957@shopmail.com,United States,2024-09-20,Standard,4310.55
5958,Oliver Taylor,oliver.taylor5958@shopmail.com,Canada,2022-02-08,Standard,1947.92
5959,Liam Davis,liam.davis5959@shopmail.com,Canada,2026-01-29,Standard,1896.79
5960,Nina Clark,nina.clark5960@shopmail.com,United Kingdom,2022-11-23,Standard,468.81
5961,Amelia Dubois,amelia.dubois5961@shopmail.com,New Zealand,2023-07-27,Standard,1122.02
5962,Priya Kim,priya.kim5962@shopmail.com,Australia,2020-08-03,Standard,2894.92
5963,James Murphy,james.murphy5963@shopmail.com,India,2024-06-26,Standard,2502.32
5964,Chen Williams,chen.williams5964@shopmail.com,Singapore,2026-08-01,Standard,2057.52
5965,Yuki Nguyen,yuki.nguyen5965@shopmail.com,Ireland,2026-06-30,Standard,2584.22
5966,Elijah Lewis,elijah.lewis5966@shopmail.com,Canada,2020-05-11,Standard,2699.54
5967,Samuel Taylor,samuel.taylor5967@shopmail.com,Canada,2021-03-16,Standard,2212.33
5968,Mason Allen,mason.allen5968@shopmail.com,Singapore,2021-01-15,Standard,2008.98
5969,Isla Jones,isla.jones5969@shopmail.com,Australia,2022-04-24,Standard,1035.80
5970,Samuel Murphy,samuel.murphy5970@shopmail.com,Australia,2024-10-22,Standard,2173.54
5971,Ruby Wilson,ruby.wilson5971@shopmail.com,Australia,2025-05-15,Standard,3152.94
5972,Wei Smith,wei.smith5972@shopmail.com,Canada,2022-01-08,Standard,1467.02
5973,Lucas Thomas,lucas.thomas5973@shopmail.com,Canada,2023-01-12,Standard,451.48
5974,Samuel Nakamura,samuel.nakamura5974@shopmail.com,Ireland,2022-07-29,Standard,3891.64
5975,Emma Singh,emma.singh5975@shopmail.com,Singapore,2022-10-03,Standard,887.17
5976,Harper Kowalski,harper.kowalski5976@shopmail.com,United Kingdom,2023-06-17,Standard,4328.58
5977,Oliver Andersen,oliver.andersen5977@shopmail.com,Australia,2023-06-23,Standard,1392.91
5978,Lucas Young,lucas.young5978@shopmail.com,Ireland,2026-03-14,Standard,4188.55
5979,Zara Anderson,zara.anderson5979@shopmail.com,Singapore,2020-05-06,Standard,755.24
5980,Zara Harris,zara.harris5980@shopmail.com,Ireland,2024-02-15,Standard,35.15
5981,Eva Walker,eva.walker5981@shopmail.com,United States,2024-08-11,Standard,1684.98
5982,Ava Davis,ava.davis5982@shopmail.com,Singapore,2025-10-09,Standard,2043.82
5983,Noah Allen,noah.allen5983@shopmail.com,United Kingdom,2023-01-27,Standard,38.71
5984,Nina Young,nina.young5984@shopmail.com,Australia,2023-06-19,Standard,2375.97
5985,Mason Andersen,mason.andersen5985@shopmail.com,India,2020-09-23,Standard,4306.82
5986,Henry Williams,henry.williams5986@shopmail.com,United Kingdom,2023-06-28,Standard,3987.93
5987,Elijah Walker,elijah.walker5987@shopmail.com,United Kingdom,2021-01-17,Standard,3285.01
5988,Samuel Brown,samuel.brown5988@shopmail.com,United States,2022-01-03,Standard,1850.61
5989,Noah Jones,noah.jones5989@shopmail.com,Australia,2022-03-28,Standard,1527.87
5990,Priya Lewis,priya.lewis5990@shopmail.com,Australia,2026-06-25,Standard,2849.44
5991,Mia Williams,mia.williams5991@shopmail.com,Singapore,2021-12-15,Standard,1160.94
5992,Charlotte Kim,charlotte.kim5992@shopmail.com,United Kingdom,2026-07-16,Standard,3187.03
5993,Leo Taylor,leo.taylor5993@shopmail.com,Ireland,2021-11-18,Standard,2735.27
5994,Ethan Lee,ethan.lee5994@shopmail.com,United States,2024-04-20,Standard,447.70
5995,Aarav Garcia,aarav.garcia5995@shopmail.com,Australia,2026-01-28,Standard,3755.69
5996,Mason Johnson,mason.johnson5996@shopmail.com,India,2022-08-02,Standard,3760.52
5997,Yuki Wilson,yuki.wilson5997@shopmail.com,New Zealand,2021-09-01,Standard,1411.47
5998,Charlotte Kowalski,charlotte.kowalski5998@shopmail.com,Singapore,2021-12-28,Standard,2459.46
5999,Mason Lewis,mason.lewis5999@shopmail.com,United Kingdom,2022-02-22,Standard,967.54
6000,Yuki Nakamura,yuki.nakamura6000@shopmail.com,United States,2022-07-31,Standard,4570.91
6001,Aarav Martin,aarav.martin6001@shopmail.com,United States,2024-02-28,Standard,492.13
6002,Kai Kim,kai.kim6002@shopmail.com,United Kingdom,2022-11-08,Standard,3511.94
6003,Isla Kowalski,isla.kowalski6003@shopmail.com,Ireland,2024-01-22,Standard,3897.29
6004,Mia Young,mia.young6004@shopmail.com,Australia,2026-04-21,Standard,847.66
6005,Samuel Wilson,samuel.wilson6005@shopmail.com,United States,2023-09-12,Standard,1648.92
6006,Chloe Lewis,chloe.lewis6006@shopmail.com,Australia,2023-10-24,Standard,3941.72
6007,Olivia Costa,olivia.costa6007@shopmail.com,United Kingdom,2021-10-30,Standard,4675.59
6008,Arjun Nakamura,arjun.nakamura6008@shopmail.com,Ireland,2024-03-08,Standard,2922.14
6009,Ruby Smith,ruby.smith6009@shopmail.com,Australia,2026-05-20,Standard,2049.22
6010,Eva Kowalski,eva.kowalski6010@shopmail.com,New Zealand,2023-08-31,Standard,1005.74
6011,Eva Miller,eva.miller6011@shopmail.com,United States,2024-07-16,Standard,1575.06
6012,Aarav Rossi,aarav.rossi6012@shopmail.com,Australia,2026-02-28,Standard,2510.56
6013,James Williams,james.williams6013@shopmail.com,Ireland,2026-08-08,Standard,1633.07
6014,Elijah Dubois,elijah.dubois6014@shopmail.com,United States,2025-02-08,Standard,1018.88
6015,Zara Young,zara.young6015@shopmail.com,Canada,2024-07-04,Standard,3201.42
6016,Kai Kowalski,kai.kowalski6016@shopmail.com,United Kingdom,2025-01-17,Standard,2827.41
6017,Samuel Clark,samuel.clark6017@shopmail.com,United States,2020-03-08,Standard,1961.20
6018,Oliver Rossi,oliver.rossi6018@shopmail.com,Canada,2020-04-01,Standard,4186.48
6019,Leo Brown,leo.brown6019@shopmail.com,Australia,2022-12-04,Standard,2981.88
6020,Ava Garcia,ava.garcia6020@shopmail.com,Australia,2022-05-30,Standard,3832.42
6021,Aarav Silva,aarav.silva6021@shopmail.com,Australia,2023-10-11,Standard,1882.51
6022,Sofia Singh,sofia.singh6022@shopmail.com,United Kingdom,2023-08-27,Standard,0.25
6023,Chen Jones,chen.jones6023@shopmail.com,United States,2025-08-31,Standard,2027.41
6024,Olivia Miller,olivia.miller6024@shopmail.com,United Kingdom,2025-07-05,Standard,3178.49
6025,Aarav Costa,aarav.costa6025@shopmail.com,Canada,2022-01-10,Standard,981.17
6026,Amelia Nguyen,amelia.nguyen6026@shopmail.com,India,2024-11-16,Standard,2762.32
6027,Priya Johnson,priya.johnson6027@shopmail.com,New Zealand,2023-08-20,Standard,3645.45
6028,Olivia Allen,olivia.allen6028@shopmail.com,Ireland,2024-08-02,Standard,1960.94
6029,Nina Lee,nina.lee6029@shopmail.com,United States,2023-11-06,Standard,1492.16
6030,Elijah Clark,elijah.clark6030@shopmail.com,Australia,2026-04-16,Standard,2086.24
6031,Ruby Andersen,ruby.andersen6031@shopmail.com,India,2021-11-18,Standard,4317.64
6032,Chloe Davis,chloe.davis6032@shopmail.com,New Zealand,2020-05-16,Standard,4053.53
6033,Chen Brown,chen.brown6033@shopmail.com,Singapore,2022-09-12,Standard,2586.80
6034,Oscar Kowalski,oscar.kowalski6034@shopmail.com,Canada,2021-12-07,Standard,3626.74
6035,Yuki Khan,yuki.khan6035@shopmail.com,Ireland,2020-10-19,Standard,3020.09
6036,Harper Nakamura,harper.nakamura6036@shopmail.com,Singapore,2023-03-23,Standard,2750.26
6037,Grace Dubois,grace.dubois6037@shopmail.com,Australia,2024-04-27,Standard,940.14
6038,Isla Patel,isla.patel6038@shopmail.com,Australia,2020-03-18,Standard,3456.43
6039,Ava Johnson,ava.johnson6039@shopmail.com,Ireland,2020-11-21,Standard,4080.74
6040,Isabella Silva,isabella.silva6040@shopmail.com,United States,2026-06-25,Standard,1811.39
6041,Chen Garcia,chen.garcia6041@shopmail.com,Ireland,2022-05-03,Standard,7.36
6042,Wei Khan,wei.khan6042@shopmail.com,United Kingdom,2021-08-26,Standard,4351.45
6043,Oscar Rossi,oscar.rossi6043@shopmail.com,United Kingdom,2025-11-17,Standard,1805.03
6044,Ruby Brown,ruby.brown6044@shopmail.com,Australia,2024-05-05,Standard,1572.23
6045,Isabella Brown,isabella.brown6045@shopmail.com,Australia,2024-09-26,Standard,1035.03
6046,Yuki Young,yuki.young6046@shopmail.com,Australia,2022-11-23,Standard,1934.24
6047,Eva Kim,eva.kim6047@shopmail.com,Canada,2022-09-28,Standard,1116.62
6048,Maya Jones,maya.jones6048@shopmail.com,Singapore,2021-09-08,Standard,941.65
6049,Mateo Silva,mateo.silva6049@shopmail.com,Singapore,2024-09-23,Standard,426.13
6050,Emma Silva,emma.silva6050@shopmail.com,Australia,2021-05-23,Standard,4252.36
6051,Yuki Lewis,yuki.lewis6051@shopmail.com,United Kingdom,2025-03-03,Standard,2215.44
6052,Leo Taylor,leo.taylor6052@shopmail.com,Singapore,2024-08-20,Standard,4272.92
6053,Charlotte Harris,charlotte.harris6053@shopmail.com,United Kingdom,2024-12-25,Standard,2583.28
6054,Liam Khan,liam.khan6054@shopmail.com,India,2026-03-20,Standard,4391.18
6055,Eva Cohen,eva.cohen6055@shopmail.com,United States,2022-12-21,Standard,3761.07
6056,Mateo Lewis,mateo.lewis6056@shopmail.com,Singapore,2023-03-20,Standard,3120.30
6057,Wei Khan,wei.khan6057@shopmail.com,Canada,2023-10-01,Standard,664.02
6058,Sofia Moore,sofia.moore6058@shopmail.com,United States,2025-02-25,Standard,3778.62
6059,Olivia Harris,olivia.harris6059@shopmail.com,United States,2024-05-13,Standard,2235.51
6060,Arjun Murphy,arjun.murphy6060@shopmail.com,New Zealand,2020-04-12,Standard,1272.66
6061,Isabella Johnson,isabella.johnson6061@shopmail.com,United States,2024-09-21,Standard,2242.78
6062,Ava Walker,ava.walker6062@shopmail.com,India,2024-12-28,Standard,1683.51
6063,Yuki Garcia,yuki.garcia6063@shopmail.com,Australia,2023-07-22,Standard,3621.03
6064,Amelia Martin,amelia.martin6064@shopmail.com,Australia,2026-08-06,Standard,279.31
6065,Liam Williams,liam.williams6065@shopmail.com,India,2023-02-11,Standard,3544.68
6066,Grace Nguyen,grace.nguyen6066@shopmail.com,United Kingdom,2024-01-02,Standard,3484.67
6067,Isabella Harris,isabella.harris6067@shopmail.com,Canada,2023-04-04,Standard,3467.29
6068,Chen Harris,chen.harris6068@shopmail.com,United States,2023-09-28,Standard,3142.53
6069,Leo Nguyen,leo.nguyen6069@shopmail.com,Australia,2023-11-01,Standard,4578.39
6070,Mason Wilson,mason.wilson6070@shopmail.com,United Kingdom,2024-10-26,Standard,4722.50
6071,James Williams,james.williams6071@shopmail.com,New Zealand,2025-03-25,Standard,138.74
6072,Nina Garcia,nina.garcia6072@shopmail.com,Australia,2020-09-02,Standard,3530.94
6073,Yuki Nguyen,yuki.nguyen6073@shopmail.com,United Kingdom,2020-11-14,Standard,377.59
6074,Eva Khan,eva.khan6074@shopmail.com,India,2024-06-22,Standard,4001.03
6075,Ava Garcia,ava.garcia6075@shopmail.com,United States,2021-02-20,Standard,3277.67
6076,Priya Khan,priya.khan6076@shopmail.com,Australia,2025-01-08,Standard,3780.27
6077,Zara Chen,zara.chen6077@shopmail.com,United Kingdom,2020-11-09,Standard,1497.40
6078,Yuki Murphy,yuki.murphy6078@shopmail.com,United States,2024-10-07,Standard,4431.92
6079,Isla Singh,isla.singh6079@shopmail.com,United States,2025-06-17,Standard,3210.86
6080,Zara Rossi,zara.rossi6080@shopmail.com,Canada,2026-07-18,Standard,1975.72
6081,Charlotte Dubois,charlotte.dubois6081@shopmail.com,Australia,2020-03-05,Standard,3553.80
6082,Elijah Nguyen,elijah.nguyen6082@shopmail.com,United Kingdom,2023-11-06,Standard,4694.16
6083,Hugo Nguyen,hugo.nguyen6083@shopmail.com,Australia,2025-11-27,Standard,3081.14
6084,Noah Lewis,noah.lewis6084@shopmail.com,Canada,2021-11-03,Standard,3366.64
6085,Ethan Smith,ethan.smith6085@shopmail.com,Canada,2022-01-09,Standard,2756.41
6086,Mia Cohen,mia.cohen6086@shopmail.com,United Kingdom,2023-03-16,Standard,4105.75
6087,Priya Lewis,priya.lewis6087@shopmail.com,United States,2022-09-18,Standard,2991.08
6088,Leo Taylor,leo.taylor6088@shopmail.com,Australia,2020-10-01,Standard,1216.21
6089,Sofia Jones,sofia.jones6089@shopmail.com,Australia,2020-12-27,Standard,2553.28
6090,Charlotte Williams,charlotte.williams6090@shopmail.com,New Zealand,2025-06-07,Standard,1476.14
6091,Harper Martin,harper.martin6091@shopmail.com,United States,2021-01-04,Standard,1215.99
6092,Isla Allen,isla.allen6092@shopmail.com,Australia,2022-12-05,Standard,2184.99
6093,Yuki Wilson,yuki.wilson6093@shopmail.com,Australia,2022-02-08,Standard,1571.11
6094,Aarav Young,aarav.young6094@shopmail.com,Australia,2020-03-09,Standard,4464.11
6095,Lucas Lee,lucas.lee6095@shopmail.com,Ireland,2025-08-28,Standard,2308.08
6096,Ethan Patel,ethan.patel6096@shopmail.com,Australia,2026-01-09,Standard,4395.73
6097,Grace Singh,grace.singh6097@shopmail.com,New Zealand,2025-07-28,Standard,2299.52
6098,Oliver Martin,oliver.martin6098@shopmail.com,Australia,2022-04-13,Standard,4409.63
6099,Noah Khan,noah.khan6099@shopmail.com,Singapore,2022-02-08,Standard,41.58
6100,Sofia Khan,sofia.khan6100@shopmail.com,United Kingdom,2022-03-12,Standard,1284.17
6101,Grace Hall,grace.hall6101@shopmail.com,United States,2020-11-17,Standard,1676.46
6102,Samuel Nakamura,samuel.nakamura6102@shopmail.com,Ireland,2026-01-12,Standard,1750.46
6103,Lucas Davis,lucas.davis6103@shopmail.com,United States,2026-03-04,Standard,2891.12
6104,Chen Brown,chen.brown6104@shopmail.com,Ireland,2026-06-22,Standard,2508.07
6105,Noah Thomas,noah.thomas6105@shopmail.com,United States,2024-03-16,Standard,1585.40
6106,Kai Davis,kai.davis6106@shopmail.com,United Kingdom,2025-03-02,Standard,1656.78
6107,Samuel Taylor,samuel.taylor6107@shopmail.com,Australia,2026-01-12,Standard,986.56
6108,Oliver Lee,oliver.lee6108@shopmail.com,New Zealand,2025-12-21,Standard,3658.58
6109,Nina Garcia,nina.garcia6109@shopmail.com,United States,2020-06-17,Standard,3515.23
6110,Mason Andersen,mason.andersen6110@shopmail.com,Australia,2022-11-23,Standard,4157.51
6111,Mason Clark,mason.clark6111@shopmail.com,Australia,2021-12-09,Standard,1496.43
6112,Lucas Miller,lucas.miller6112@shopmail.com,Canada,2024-02-24,Standard,2756.32
6113,Harper Brown,harper.brown6113@shopmail.com,India,2021-02-20,Standard,832.27
6114,Isla Hall,isla.hall6114@shopmail.com,Australia,2025-04-18,Standard,4342.09
6115,Wei Garcia,wei.garcia6115@shopmail.com,Australia,2023-04-26,Standard,3473.90
6116,Ava Moore,ava.moore6116@shopmail.com,Australia,2020-12-09,Standard,1595.23
6117,Sofia Nguyen,sofia.nguyen6117@shopmail.com,Australia,2020-08-09,Standard,4570.90
6118,Priya Lee,priya.lee6118@shopmail.com,Australia,2022-02-16,Standard,282.65
6119,Yuki Young,yuki.young6119@shopmail.com,Australia,2025-01-16,Standard,2116.57
6120,Ava Miller,ava.miller6120@shopmail.com,Australia,2024-07-26,Standard,1730.70
6121,Arjun Walker,arjun.walker6121@shopmail.com,Singapore,2023-07-05,Standard,1534.88
6122,Grace Kowalski,grace.kowalski6122@shopmail.com,Australia,2023-06-05,Standard,1562.57
6123,Yuki Davis,yuki.davis6123@shopmail.com,Ireland,2026-04-06,Standard,3561.52
6124,Mia Miller,mia.miller6124@shopmail.com,Australia,2024-07-23,Standard,4506.05
6125,Eva Lewis,eva.lewis6125@shopmail.com,United Kingdom,2021-09-17,Standard,264.37
6126,Yuki Garcia,yuki.garcia6126@shopmail.com,India,2021-02-25,Standard,109.96
6127,Oliver Kim,oliver.kim6127@shopmail.com,Singapore,2024-04-07,Standard,3312.10
6128,Ava Johnson,ava.johnson6128@shopmail.com,Australia,2025-11-26,Standard,3054.95
6129,Lucas Clark,lucas.clark6129@shopmail.com,Australia,2021-05-20,Standard,1941.59
6130,Isabella Singh,isabella.singh6130@shopmail.com,United States,2021-05-30,Standard,729.34
6131,Ava Cohen,ava.cohen6131@shopmail.com,United Kingdom,2024-07-05,Standard,818.40
6132,Charlotte Costa,charlotte.costa6132@shopmail.com,Ireland,2024-04-11,Standard,4582.10
6133,Olivia Nakamura,olivia.nakamura6133@shopmail.com,Australia,2023-01-14,Standard,2383.53
6134,Ava Smith,ava.smith6134@shopmail.com,Australia,2023-11-15,Standard,2729.77
6135,Elijah Patel,elijah.patel6135@shopmail.com,United States,2021-06-14,Standard,3648.30
6136,Arjun Rossi,arjun.rossi6136@shopmail.com,Australia,2022-04-04,Standard,757.92
6137,Olivia Williams,olivia.williams6137@shopmail.com,Singapore,2025-03-12,Standard,4381.77
6138,Zara Dubois,zara.dubois6138@shopmail.com,United Kingdom,2025-07-13,Standard,3528.08
6139,Aarav Moore,aarav.moore6139@shopmail.com,United States,2025-03-11,Standard,4508.52
6140,Isabella Patel,isabella.patel6140@shopmail.com,Australia,2023-04-24,Standard,1606.45
6141,Liam Allen,liam.allen6141@shopmail.com,Singapore,2025-09-27,Standard,4246.00
6142,Olivia Anderson,olivia.anderson6142@shopmail.com,Singapore,2025-10-14,Standard,1917.28
6143,Charlotte Williams,charlotte.williams6143@shopmail.com,New Zealand,2026-03-12,Standard,137.66
6144,Mia Clark,mia.clark6144@shopmail.com,Australia,2024-09-10,Standard,3759.24
6145,Yuki Murphy,yuki.murphy6145@shopmail.com,New Zealand,2025-01-21,Standard,4582.17
6146,Jack Allen,jack.allen6146@shopmail.com,Australia,2026-07-01,Standard,111.81
6147,Ava Khan,ava.khan6147@shopmail.com,Canada,2026-07-21,Standard,2424.29
6148,Leo Chen,leo.chen6148@shopmail.com,Canada,2022-11-29,Standard,980.34
6149,Oliver Kim,oliver.kim6149@shopmail.com,United Kingdom,2023-12-22,Standard,2070.79
6150,Elijah Lee,elijah.lee6150@shopmail.com,United States,2026-04-08,Standard,2362.26
6151,Isla Khan,isla.khan6151@shopmail.com,United States,2024-04-09,Standard,1668.45
6152,Samuel Harris,samuel.harris6152@shopmail.com,Australia,2022-04-23,Standard,1868.89
6153,Emma Singh,emma.singh6153@shopmail.com,Singapore,2021-06-08,Standard,4248.24
6154,Elijah Johnson,elijah.johnson6154@shopmail.com,Australia,2021-02-04,Standard,3836.95
6155,Mason Dubois,mason.dubois6155@shopmail.com,United Kingdom,2020-02-07,Standard,4426.10
6156,Ruby Lewis,ruby.lewis6156@shopmail.com,Singapore,2025-01-05,Standard,4332.24
6157,Ava Costa,ava.costa6157@shopmail.com,India,2020-03-04,Standard,1028.73
6158,Olivia Martin,olivia.martin6158@shopmail.com,United Kingdom,2021-05-11,Standard,3647.65
6159,Aarav Nakamura,aarav.nakamura6159@shopmail.com,India,2023-08-14,Standard,3503.29
6160,Arjun Thomas,arjun.thomas6160@shopmail.com,Canada,2026-05-21,Standard,1391.27
6161,Noah Davis,noah.davis6161@shopmail.com,New Zealand,2025-02-25,Standard,3882.62
6162,Emma Nguyen,emma.nguyen6162@shopmail.com,Australia,2023-06-14,Standard,2114.40
6163,Arjun Harris,arjun.harris6163@shopmail.com,India,2024-01-08,Standard,4236.98
6164,Grace Murphy,grace.murphy6164@shopmail.com,Australia,2020-08-18,Standard,3936.35
6165,Chen Lee,chen.lee6165@shopmail.com,Australia,2024-06-01,Standard,2368.44
6166,Arjun Clark,arjun.clark6166@shopmail.com,United States,2025-10-18,Standard,1939.26
6167,Kai Singh,kai.singh6167@shopmail.com,Ireland,2023-09-20,Standard,1823.99
6168,Isabella Thomas,isabella.thomas6168@shopmail.com,United Kingdom,2025-12-30,Standard,3185.04
6169,Lucas Nakamura,lucas.nakamura6169@shopmail.com,Australia,2026-01-06,Standard,4325.14
6170,Sophia Nakamura,sophia.nakamura6170@shopmail.com,Australia,2021-09-23,Standard,1178.25
6171,Amelia Williams,amelia.williams6171@shopmail.com,United Kingdom,2025-09-19,Standard,2468.35
6172,Leo Andersen,leo.andersen6172@shopmail.com,Canada,2023-05-05,Standard,3271.24
6173,Leo Cohen,leo.cohen6173@shopmail.com,United Kingdom,2025-07-21,Standard,2411.43
6174,Samuel Chen,samuel.chen6174@shopmail.com,New Zealand,2023-08-19,Standard,3848.21
6175,Ethan Murphy,ethan.murphy6175@shopmail.com,New Zealand,2023-02-23,Standard,2757.75
6176,Nina Murphy,nina.murphy6176@shopmail.com,United Kingdom,2021-08-23,Standard,380.88
6177,Sofia Moore,sofia.moore6177@shopmail.com,Australia,2025-05-10,Standard,1547.41
6178,Sofia Allen,sofia.allen6178@shopmail.com,India,2021-10-11,Standard,4434.08
6179,Samuel Cohen,samuel.cohen6179@shopmail.com,New Zealand,2026-01-10,Standard,3400.98
6180,Zara Garcia,zara.garcia6180@shopmail.com,Singapore,2020-09-20,Standard,3387.62
6181,Wei Nakamura,wei.nakamura6181@shopmail.com,United Kingdom,2021-10-02,Standard,2057.00
6182,Priya Davis,priya.davis6182@shopmail.com,Canada,2021-04-27,Standard,3791.56
6183,Samuel Cohen,samuel.cohen6183@shopmail.com,United Kingdom,2022-11-19,Standard,1606.30
6184,Zara Singh,zara.singh6184@shopmail.com,United Kingdom,2023-07-27,Standard,345.32
6185,Sofia Kowalski,sofia.kowalski6185@shopmail.com,New Zealand,2021-04-02,Standard,2934.61
6186,Chloe Nakamura,chloe.nakamura6186@shopmail.com,India,2024-10-14,Standard,1140.40
6187,James Brown,james.brown6187@shopmail.com,India,2022-04-26,Standard,1684.62
6188,Isla Taylor,isla.taylor6188@shopmail.com,Australia,2021-03-27,Standard,1900.81
6189,Mason Williams,mason.williams6189@shopmail.com,Australia,2023-09-02,Standard,2762.91
6190,Isabella Taylor,isabella.taylor6190@shopmail.com,New Zealand,2021-08-15,Standard,606.01
6191,Zara Andersen,zara.andersen6191@shopmail.com,Ireland,2022-05-30,Standard,1465.49
6192,Eva Thomas,eva.thomas6192@shopmail.com,United States,2024-04-11,Standard,1969.01
6193,Emma Costa,emma.costa6193@shopmail.com,Singapore,2025-10-30,Standard,3678.20
6194,Leo Brown,leo.brown6194@shopmail.com,Australia,2025-09-04,Standard,4659.98
6195,Zara Smith,zara.smith6195@shopmail.com,Ireland,2022-04-15,Standard,943.37
6196,Yuki Dubois,yuki.dubois6196@shopmail.com,Australia,2020-10-21,Standard,4024.83
6197,Chen Lee,chen.lee6197@shopmail.com,United States,2022-09-18,Standard,1798.69
6198,Kai Chen,kai.chen6198@shopmail.com,United Kingdom,2025-06-13,Standard,500.77
6199,Sofia Hall,sofia.hall6199@shopmail.com,New Zealand,2023-01-21,Standard,2000.78
6200,Olivia Patel,olivia.patel6200@shopmail.com,Australia,2026-07-27,Standard,740.36
6201,Jack Williams,jack.williams6201@shopmail.com,India,2024-11-26,Standard,2325.87
6202,Zara Chen,zara.chen6202@shopmail.com,Singapore,2021-07-18,Standard,2379.71
6203,Emma Allen,emma.allen6203@shopmail.com,Canada,2022-04-24,Standard,1896.42
6204,Yuki Costa,yuki.costa6204@shopmail.com,Australia,2021-03-14,Standard,2876.64
6205,Isabella Nakamura,isabella.nakamura6205@shopmail.com,United Kingdom,2024-08-01,Standard,2133.35
6206,Isabella Khan,isabella.khan6206@shopmail.com,United Kingdom,2020-06-23,Standard,819.42
6207,Ava Patel,ava.patel6207@shopmail.com,United Kingdom,2022-06-09,Standard,2674.00
6208,Olivia Cohen,olivia.cohen6208@shopmail.com,United States,2023-10-25,Standard,4198.81
6209,Arjun Wilson,arjun.wilson6209@shopmail.com,Australia,2021-10-12,Standard,1854.13
6210,Grace Clark,grace.clark6210@shopmail.com,Australia,2024-02-27,Standard,1908.79
6211,Isla Lewis,isla.lewis6211@shopmail.com,New Zealand,2024-06-07,Standard,12.13
6212,Arjun Johnson,arjun.johnson6212@shopmail.com,United States,2023-11-07,Standard,394.49
6213,Nina Costa,nina.costa6213@shopmail.com,Australia,2025-08-29,Standard,310.44
6214,Ruby Nguyen,ruby.nguyen6214@shopmail.com,United Kingdom,2020-10-07,Standard,735.25
6215,Zara Walker,zara.walker6215@shopmail.com,Australia,2023-06-10,Standard,2899.27
6216,Lucas Allen,lucas.allen6216@shopmail.com,Australia,2021-02-14,Standard,2061.33
6217,Zara Andersen,zara.andersen6217@shopmail.com,Australia,2025-10-30,Standard,3644.81
6218,Harper Nakamura,harper.nakamura6218@shopmail.com,Ireland,2023-10-09,Standard,3182.23
6219,Ruby Lewis,ruby.lewis6219@shopmail.com,United States,2024-12-27,Standard,2084.99
6220,Charlotte Hall,charlotte.hall6220@shopmail.com,India,2020-05-30,Standard,2310.76
6221,Mateo Hall,mateo.hall6221@shopmail.com,New Zealand,2022-12-14,Standard,3113.48
6222,Amelia Walker,amelia.walker6222@shopmail.com,Australia,2024-11-04,Standard,2577.81
6223,Oscar Miller,oscar.miller6223@shopmail.com,United Kingdom,2024-08-08,Standard,3843.37
6224,Mia Anderson,mia.anderson6224@shopmail.com,Canada,2020-01-11,Standard,3984.33
6225,Zara Brown,zara.brown6225@shopmail.com,United States,2024-07-16,Standard,4543.72
6226,Harper Walker,harper.walker6226@shopmail.com,Australia,2023-11-17,Standard,1010.44
6227,Hugo Rossi,hugo.rossi6227@shopmail.com,United States,2021-05-26,Standard,4771.72
6228,Emma Davis,emma.davis6228@shopmail.com,Australia,2023-09-26,Standard,3088.56
6229,Henry Rossi,henry.rossi6229@shopmail.com,Australia,2023-03-24,Standard,2949.90
6230,Aarav Harris,aarav.harris6230@shopmail.com,Singapore,2020-10-20,Standard,3929.51
6231,Aarav Andersen,aarav.andersen6231@shopmail.com,United States,2021-06-30,Standard,830.15
6232,Mateo Rossi,mateo.rossi6232@shopmail.com,United States,2023-10-11,Standard,1926.20
6233,Oliver Lee,oliver.lee6233@shopmail.com,United Kingdom,2023-01-12,Standard,3111.16
6234,Oscar Walker,oscar.walker6234@shopmail.com,Australia,2024-05-30,Standard,2563.04
6235,Mateo Rossi,mateo.rossi6235@shopmail.com,Australia,2023-07-10,Standard,727.91
6236,Isabella Andersen,isabella.andersen6236@shopmail.com,United Kingdom,2024-03-07,Standard,1677.69
6237,Olivia Patel,olivia.patel6237@shopmail.com,United States,2023-05-19,Standard,3997.75
6238,Mateo Khan,mateo.khan6238@shopmail.com,Australia,2024-08-01,Standard,1931.77
6239,Isabella Nakamura,isabella.nakamura6239@shopmail.com,Ireland,2022-12-11,Standard,3014.74
6240,Sophia Moore,sophia.moore6240@shopmail.com,United Kingdom,2021-11-17,Standard,1144.01
6241,Yuki Silva,yuki.silva6241@shopmail.com,Australia,2023-05-16,Standard,87.57
6242,Oliver Clark,oliver.clark6242@shopmail.com,United Kingdom,2024-12-26,Standard,3041.27
6243,Oliver Clark,oliver.clark6243@shopmail.com,Canada,2025-07-11,Standard,3213.32
6244,Oscar Harris,oscar.harris6244@shopmail.com,New Zealand,2021-05-24,Standard,2668.66
6245,Priya Costa,priya.costa6245@shopmail.com,United Kingdom,2020-06-19,Standard,2487.37
6246,Amelia Cohen,amelia.cohen6246@shopmail.com,New Zealand,2024-03-07,Standard,3426.65
6247,Jack Williams,jack.williams6247@shopmail.com,Australia,2025-03-05,Standard,121.91
6248,Eva Kim,eva.kim6248@shopmail.com,Australia,2020-03-20,Standard,373.60
6249,Sofia Johnson,sofia.johnson6249@shopmail.com,Singapore,2020-06-10,Standard,3638.30
6250,Chloe Williams,chloe.williams6250@shopmail.com,United Kingdom,2025-02-27,Standard,2749.34
6251,Zara Costa,zara.costa6251@shopmail.com,Australia,2025-06-25,Standard,2606.38
6252,Eva Taylor,eva.taylor6252@shopmail.com,United States,2023-07-04,Standard,1506.32
6253,Oliver Chen,oliver.chen6253@shopmail.com,Canada,2021-10-01,Standard,527.24
6254,Mateo Harris,mateo.harris6254@shopmail.com,Singapore,2026-03-01,Standard,3699.12
6255,Hugo Kowalski,hugo.kowalski6255@shopmail.com,United States,2024-07-03,Standard,3248.91
6256,Sofia Moore,sofia.moore6256@shopmail.com,Ireland,2024-10-20,Standard,2336.67
6257,Harper Nguyen,harper.nguyen6257@shopmail.com,Singapore,2023-12-29,Standard,3375.51
6258,Eva Singh,eva.singh6258@shopmail.com,Australia,2025-06-26,Standard,277.41
6259,Elijah Wilson,elijah.wilson6259@shopmail.com,United States,2026-01-14,Standard,1029.11
6260,Ava Martin,ava.martin6260@shopmail.com,Australia,2023-11-15,Standard,3937.31
6261,Mason Smith,mason.smith6261@shopmail.com,Australia,2023-01-19,Standard,909.90
6262,Eva Rossi,eva.rossi6262@shopmail.com,New Zealand,2021-11-06,Standard,2363.99
6263,Yuki Lee,yuki.lee6263@shopmail.com,United Kingdom,2024-07-17,Standard,4085.12
6264,Ethan Hall,ethan.hall6264@shopmail.com,United States,2026-05-14,Standard,1987.42
6265,Noah Lewis,noah.lewis6265@shopmail.com,United States,2020-04-01,Standard,940.88
6266,James Brown,james.brown6266@shopmail.com,United States,2022-07-24,Standard,3862.05
6267,Leo Nguyen,leo.nguyen6267@shopmail.com,United States,2021-09-20,Standard,1871.19
6268,Olivia Khan,olivia.khan6268@shopmail.com,Australia,2023-11-04,Standard,871.08
6269,Grace Harris,grace.harris6269@shopmail.com,Canada,2025-04-12,Standard,3886.93
6270,Aarav Jones,aarav.jones6270@shopmail.com,Australia,2025-09-05,Standard,4147.12
6271,Kai Kim,kai.kim6271@shopmail.com,United Kingdom,2026-07-17,Standard,497.69
6272,Elijah Wilson,elijah.wilson6272@shopmail.com,Australia,2021-11-11,Standard,362.68
6273,Lucas Hall,lucas.hall6273@shopmail.com,Australia,2024-03-26,Standard,396.52
6274,Oliver Cohen,oliver.cohen6274@shopmail.com,Ireland,2026-02-16,Standard,2724.52
6275,Isabella Allen,isabella.allen6275@shopmail.com,Ireland,2023-06-07,Standard,1892.71
6276,Priya Silva,priya.silva6276@shopmail.com,New Zealand,2023-01-22,Standard,1812.20
6277,Mateo Martin,mateo.martin6277@shopmail.com,Australia,2024-03-15,Standard,3294.92
6278,Priya Lewis,priya.lewis6278@shopmail.com,New Zealand,2020-11-08,Standard,525.00
6279,Oliver Andersen,oliver.andersen6279@shopmail.com,Singapore,2023-11-04,Standard,409.57
6280,Charlotte Silva,charlotte.silva6280@shopmail.com,Australia,2025-09-24,Standard,4638.58
6281,Chen Anderson,chen.anderson6281@shopmail.com,Australia,2022-04-24,Standard,2652.56
6282,Maya Miller,maya.miller6282@shopmail.com,Canada,2022-06-05,Standard,2133.88
6283,Leo Khan,leo.khan6283@shopmail.com,New Zealand,2021-02-12,Standard,2577.88
6284,Zara Cohen,zara.cohen6284@shopmail.com,Australia,2022-12-01,Standard,1833.61
6285,Elijah Thomas,elijah.thomas6285@shopmail.com,Australia,2020-11-01,Standard,1252.97
6286,Kai Harris,kai.harris6286@shopmail.com,Australia,2022-09-22,Standard,1553.49
6287,Emma Miller,emma.miller6287@shopmail.com,Australia,2022-01-26,Standard,2126.00
6288,Maya Martin,maya.martin6288@shopmail.com,United Kingdom,2020-02-16,Standard,938.86
6289,Isla Murphy,isla.murphy6289@shopmail.com,Ireland,2024-06-05,Standard,4416.64
6290,Henry Murphy,henry.murphy6290@shopmail.com,Australia,2026-06-05,Standard,50.72
6291,Grace Murphy,grace.murphy6291@shopmail.com,United Kingdom,2021-03-20,Standard,4662.36
6292,Harper Rossi,harper.rossi6292@shopmail.com,United Kingdom,2021-08-14,Standard,3554.22
6293,Mateo Smith,mateo.smith6293@shopmail.com,United States,2024-09-20,Standard,3140.19
6294,Noah Singh,noah.singh6294@shopmail.com,Australia,2021-01-19,Standard,2395.14
6295,Liam Young,liam.young6295@shopmail.com,United States,2025-11-14,Standard,4058.67
6296,Jack Dubois,jack.dubois6296@shopmail.com,Australia,2023-05-12,Standard,494.29
6297,Charlotte Costa,charlotte.costa6297@shopmail.com,Australia,2020-07-02,Standard,1085.70
6298,Lucas Kim,lucas.kim6298@shopmail.com,New Zealand,2023-09-07,Standard,3820.06
6299,Aarav Kowalski,aarav.kowalski6299@shopmail.com,United States,2023-05-07,Standard,524.10
6300,Samuel Garcia,samuel.garcia6300@shopmail.com,United Kingdom,2020-05-31,Standard,1549.93
6301,Ethan Johnson,ethan.johnson6301@shopmail.com,United Kingdom,2022-10-21,Standard,3821.21
6302,Nina Williams,nina.williams6302@shopmail.com,India,2025-06-15,Standard,3096.83
6303,Ethan Walker,ethan.walker6303@shopmail.com,Australia,2023-10-09,Standard,3908.88
6304,Sophia Silva,sophia.silva6304@shopmail.com,Singapore,2020-08-05,Standard,592.24
6305,Noah Nguyen,noah.nguyen6305@shopmail.com,United States,2026-06-08,Standard,479.24
6306,Jack Andersen,jack.andersen6306@shopmail.com,Australia,2026-07-01,Standard,1878.05
6307,James Rossi,james.rossi6307@shopmail.com,New Zealand,2021-12-18,Standard,565.76
6308,Chen Harris,chen.harris6308@shopmail.com,Australia,2022-10-16,Standard,3060.56
6309,Jack Wilson,jack.wilson6309@shopmail.com,Ireland,2023-10-28,Standard,4572.48
6310,Jack Smith,jack.smith6310@shopmail.com,Australia,2021-12-14,Standard,542.79
6311,Nina Johnson,nina.johnson6311@shopmail.com,United States,2025-09-20,Standard,2186.38
6312,Zara Khan,zara.khan6312@shopmail.com,Australia,2021-08-02,Standard,4151.23
6313,Eva Lee,eva.lee6313@shopmail.com,Australia,2024-02-16,Standard,2617.13
6314,Isla Walker,isla.walker6314@shopmail.com,Australia,2020-12-04,Standard,20.46
6315,Mateo Silva,mateo.silva6315@shopmail.com,Australia,2023-08-29,Standard,4086.16
6316,Ruby Walker,ruby.walker6316@shopmail.com,United Kingdom,2022-11-05,Standard,1811.43
6317,Amelia Patel,amelia.patel6317@shopmail.com,Australia,2020-04-16,Standard,4205.19
6318,Ava Walker,ava.walker6318@shopmail.com,Australia,2020-12-28,Standard,722.60
6319,Maya Harris,maya.harris6319@shopmail.com,Australia,2020-12-21,Standard,2742.51
6320,Mateo Khan,mateo.khan6320@shopmail.com,Singapore,2026-07-15,Standard,3391.36
6321,Nina Smith,nina.smith6321@shopmail.com,Australia,2023-10-20,Standard,3878.53
6322,Eva Rossi,eva.rossi6322@shopmail.com,Australia,2025-07-11,Standard,4458.95
6323,Ava Cohen,ava.cohen6323@shopmail.com,Canada,2020-04-19,Standard,922.78
6324,Sofia Singh,sofia.singh6324@shopmail.com,United States,2025-01-24,Standard,4356.26
6325,Nina Walker,nina.walker6325@shopmail.com,Australia,2021-06-14,Standard,1217.52
6326,Charlotte Smith,charlotte.smith6326@shopmail.com,United Kingdom,2021-01-16,Standard,4623.25
6327,Aarav Andersen,aarav.andersen6327@shopmail.com,Ireland,2022-08-07,Standard,3651.68
6328,Arjun Hall,arjun.hall6328@shopmail.com,Australia,2022-09-06,Standard,2151.45
6329,Arjun Clark,arjun.clark6329@shopmail.com,Australia,2026-04-01,Standard,2177.02
6330,Jack Rossi,jack.rossi6330@shopmail.com,United States,2024-11-19,Standard,4117.00
6331,James Kim,james.kim6331@shopmail.com,New Zealand,2022-07-08,Standard,1488.79
6332,Hugo Rossi,hugo.rossi6332@shopmail.com,Singapore,2022-08-13,Standard,4045.24
6333,Ruby Harris,ruby.harris6333@shopmail.com,Australia,2022-07-21,Standard,1083.83
6334,Aarav Singh,aarav.singh6334@shopmail.com,Canada,2025-01-22,Standard,1599.99
6335,Oscar Clark,oscar.clark6335@shopmail.com,United Kingdom,2021-04-21,Standard,3741.51
6336,Yuki Andersen,yuki.andersen6336@shopmail.com,New Zealand,2025-12-24,Standard,4122.17
6337,Hugo Walker,hugo.walker6337@shopmail.com,Canada,2024-12-02,Standard,3481.74
6338,Amelia Davis,amelia.davis6338@shopmail.com,United States,2021-01-14,Standard,4755.97
6339,Charlotte Johnson,charlotte.johnson6339@shopmail.com,United Kingdom,2023-03-31,Standard,778.55
6340,Emma Rossi,emma.rossi6340@shopmail.com,India,2026-07-18,Standard,4276.80
6341,Mateo Walker,mateo.walker6341@shopmail.com,Ireland,2025-05-09,Standard,1985.07
6342,Sophia Miller,sophia.miller6342@shopmail.com,Australia,2020-07-28,Standard,2323.76
6343,Nina Murphy,nina.murphy6343@shopmail.com,United Kingdom,2023-06-10,Standard,4229.34
6344,Mateo Young,mateo.young6344@shopmail.com,Singapore,2023-12-09,Standard,2007.97
6345,Henry Anderson,henry.anderson6345@shopmail.com,United States,2026-05-04,Standard,3793.19
6346,Isabella Thomas,isabella.thomas6346@shopmail.com,United Kingdom,2026-06-19,Standard,1008.42
6347,Isla Allen,isla.allen6347@shopmail.com,New Zealand,2020-04-11,Standard,3639.42
6348,Hugo Smith,hugo.smith6348@shopmail.com,India,2025-09-09,Standard,1237.54
6349,Charlotte Nakamura,charlotte.nakamura6349@shopmail.com,United Kingdom,2024-09-03,Standard,54.76
6350,Leo Kim,leo.kim6350@shopmail.com,Canada,2026-08-14,Standard,3498.79
6351,Mia Singh,mia.singh6351@shopmail.com,Australia,2022-06-13,Standard,2493.13
6352,Grace Dubois,grace.dubois6352@shopmail.com,United States,2020-05-18,Standard,2999.02
6353,Chloe Silva,chloe.silva6353@shopmail.com,United States,2024-12-03,Standard,2861.49
6354,Henry Williams,henry.williams6354@shopmail.com,Ireland,2022-04-20,Standard,2733.61
6355,Grace Anderson,grace.anderson6355@shopmail.com,United Kingdom,2022-07-01,Standard,2385.61
6356,Hugo Taylor,hugo.taylor6356@shopmail.com,Canada,2024-12-23,Standard,334.84
6357,Ava Brown,ava.brown6357@shopmail.com,United States,2022-09-03,Standard,4744.11
6358,Sophia Wilson,sophia.wilson6358@shopmail.com,United States,2024-09-14,Standard,827.48
6359,Liam Singh,liam.singh6359@shopmail.com,United States,2021-11-18,Standard,1379.61
6360,Lucas Lee,lucas.lee6360@shopmail.com,Australia,2022-09-17,Standard,249.05
6361,Isabella Martin,isabella.martin6361@shopmail.com,India,2026-08-11,Standard,4459.55
6362,Aarav Lewis,aarav.lewis6362@shopmail.com,United Kingdom,2020-04-02,Standard,3779.99
6363,Olivia Kim,olivia.kim6363@shopmail.com,India,2022-11-25,Standard,3397.05
6364,James Chen,james.chen6364@shopmail.com,India,2023-11-09,Standard,3140.96
6365,Mason Allen,mason.allen6365@shopmail.com,United States,2026-01-11,Standard,4223.78
6366,Priya Wilson,priya.wilson6366@shopmail.com,India,2023-06-05,Standard,433.65
6367,Isla Allen,isla.allen6367@shopmail.com,Australia,2025-05-29,Standard,3433.93
6368,Emma Williams,emma.williams6368@shopmail.com,Ireland,2024-04-15,Standard,4135.13
6369,Aarav Clark,aarav.clark6369@shopmail.com,United States,2026-03-26,Standard,1614.39
6370,Maya Murphy,maya.murphy6370@shopmail.com,Ireland,2023-10-27,Standard,1177.96
6371,Sophia Nakamura,sophia.nakamura6371@shopmail.com,Ireland,2020-02-10,Standard,1228.44
6372,Mateo Patel,mateo.patel6372@shopmail.com,New Zealand,2021-08-09,Standard,2541.15
6373,James Hall,james.hall6373@shopmail.com,Australia,2024-12-23,Standard,1968.95
6374,Yuki Wilson,yuki.wilson6374@shopmail.com,United Kingdom,2023-09-26,Standard,3843.43
6375,Ruby Dubois,ruby.dubois6375@shopmail.com,United Kingdom,2026-03-05,Standard,2544.16
6376,Chloe Andersen,chloe.andersen6376@shopmail.com,United Kingdom,2020-04-22,Standard,3257.93
6377,Liam Lee,liam.lee6377@shopmail.com,Canada,2026-08-14,Standard,4564.59
6378,Lucas Davis,lucas.davis6378@shopmail.com,Australia,2020-11-03,Standard,4401.86
6379,Liam Garcia,liam.garcia6379@shopmail.com,India,2023-08-28,Standard,2688.88
6380,Grace Martin,grace.martin6380@shopmail.com,India,2026-06-20,Standard,3176.80
6381,Maya Murphy,maya.murphy6381@shopmail.com,India,2025-11-18,Standard,3728.33
6382,Lucas Nakamura,lucas.nakamura6382@shopmail.com,United States,2022-04-11,Standard,3966.56
6383,Noah Clark,noah.clark6383@shopmail.com,Ireland,2021-10-07,Standard,3866.72
6384,Nina Nguyen,nina.nguyen6384@shopmail.com,Ireland,2024-08-01,Standard,833.67
6385,Sophia Murphy,sophia.murphy6385@shopmail.com,Singapore,2026-06-23,Standard,1883.05
6386,Yuki Davis,yuki.davis6386@shopmail.com,United Kingdom,2020-02-04,Standard,1125.38
6387,Mia Andersen,mia.andersen6387@shopmail.com,United States,2025-09-05,Standard,31.82
6388,James Johnson,james.johnson6388@shopmail.com,United Kingdom,2020-11-17,Standard,3367.60
6389,Mia Nakamura,mia.nakamura6389@shopmail.com,United States,2023-07-02,Standard,1624.68
6390,Ava Anderson,ava.anderson6390@shopmail.com,Australia,2021-08-25,Standard,3269.31
6391,James Garcia,james.garcia6391@shopmail.com,Canada,2025-06-26,Standard,1732.09
6392,Mateo Lewis,mateo.lewis6392@shopmail.com,Australia,2024-06-19,Standard,1322.05
6393,Oscar Wilson,oscar.wilson6393@shopmail.com,Singapore,2020-10-06,Standard,266.66
6394,Zara Chen,zara.chen6394@shopmail.com,United Kingdom,2021-06-23,Standard,4197.34
6395,Priya Johnson,priya.johnson6395@shopmail.com,Ireland,2021-02-04,Standard,1706.46
6396,Jack Costa,jack.costa6396@shopmail.com,United States,2022-11-01,Standard,1323.72
6397,Emma Lee,emma.lee6397@shopmail.com,Canada,2024-06-19,Standard,265.93
6398,Maya Allen,maya.allen6398@shopmail.com,New Zealand,2026-02-01,Standard,4473.62
6399,Mason Moore,mason.moore6399@shopmail.com,Australia,2026-06-04,Standard,4644.46
6400,Isla Cohen,isla.cohen6400@shopmail.com,Australia,2022-09-01,Standard,3306.21
6401,Amelia Chen,amelia.chen6401@shopmail.com,United States,2020-02-12,Standard,2045.97
6402,Ava Clark,ava.clark6402@shopmail.com,United Kingdom,2024-12-29,Standard,4693.55
6403,Isabella Lee,isabella.lee6403@shopmail.com,Australia,2024-07-01,Standard,2330.05
6404,Zara Andersen,zara.andersen6404@shopmail.com,United Kingdom,2025-08-10,Standard,3377.74
6405,Samuel Rossi,samuel.rossi6405@shopmail.com,Australia,2021-01-26,Standard,1751.92
6406,Oliver Costa,oliver.costa6406@shopmail.com,United Kingdom,2025-07-26,Standard,2924.66
6407,Ruby Wilson,ruby.wilson6407@shopmail.com,Australia,2021-06-12,Standard,1681.91
6408,Nina Wilson,nina.wilson6408@shopmail.com,Australia,2021-05-03,Standard,4072.25
6409,Isabella Dubois,isabella.dubois6409@shopmail.com,Canada,2023-12-16,Standard,606.37
6410,Ethan Anderson,ethan.anderson6410@shopmail.com,India,2025-01-17,Standard,4040.53
6411,Zara Costa,zara.costa6411@shopmail.com,Singapore,2022-03-20,Standard,3618.96
6412,Hugo Allen,hugo.allen6412@shopmail.com,United States,2021-10-23,Standard,2848.27
6413,Oliver Allen,oliver.allen6413@shopmail.com,United States,2024-03-03,Standard,4389.53
6414,Sophia Jones,sophia.jones6414@shopmail.com,United Kingdom,2022-05-14,Standard,3849.95
6415,Chloe Garcia,chloe.garcia6415@shopmail.com,New Zealand,2021-11-06,Standard,4673.26
6416,Henry Allen,henry.allen6416@shopmail.com,United States,2023-05-24,Standard,3340.76
6417,Sophia Walker,sophia.walker6417@shopmail.com,Australia,2023-05-09,Standard,2694.18
6418,Henry Harris,henry.harris6418@shopmail.com,India,2024-08-14,Standard,760.57
6419,Elijah Patel,elijah.patel6419@shopmail.com,India,2020-11-22,Standard,2482.23
6420,Maya Harris,maya.harris6420@shopmail.com,Canada,2020-10-14,Standard,853.52
6421,Nina Murphy,nina.murphy6421@shopmail.com,Canada,2025-01-15,Standard,1131.05
6422,Leo Rossi,leo.rossi6422@shopmail.com,United States,2021-12-04,Standard,4232.97
6423,Aarav Walker,aarav.walker6423@shopmail.com,Australia,2023-06-06,Standard,948.25
6424,Chen Walker,chen.walker6424@shopmail.com,India,2025-03-09,Standard,2490.68
6425,Lucas Kim,lucas.kim6425@shopmail.com,United Kingdom,2025-05-05,Standard,529.52
6426,Jack Walker,jack.walker6426@shopmail.com,Australia,2025-10-24,Standard,4159.44
6427,Liam Thomas,liam.thomas6427@shopmail.com,India,2026-05-29,Standard,225.00
6428,Ethan Lewis,ethan.lewis6428@shopmail.com,United States,2020-03-17,Standard,3075.40
6429,Elijah Young,elijah.young6429@shopmail.com,United States,2026-07-08,Standard,4147.89
6430,Emma Johnson,emma.johnson6430@shopmail.com,Canada,2020-07-23,Standard,2724.60
6431,James Jones,james.jones6431@shopmail.com,United Kingdom,2023-12-22,Standard,2318.06
6432,Ruby Singh,ruby.singh6432@shopmail.com,Australia,2023-03-25,Standard,4219.11
6433,Jack Kim,jack.kim6433@shopmail.com,Canada,2021-07-20,Standard,604.28
6434,Aarav Anderson,aarav.anderson6434@shopmail.com,Australia,2022-06-23,Standard,1980.44
6435,Eva Lee,eva.lee6435@shopmail.com,Australia,2020-12-12,Standard,3445.60
6436,Zara Brown,zara.brown6436@shopmail.com,Australia,2023-09-22,Standard,711.88
6437,Harper Miller,harper.miller6437@shopmail.com,Canada,2021-04-10,Standard,3610.28
6438,Mia Taylor,mia.taylor6438@shopmail.com,United Kingdom,2023-06-26,Standard,4374.92
6439,Aarav Cohen,aarav.cohen6439@shopmail.com,United Kingdom,2024-09-20,Standard,2743.57
6440,James Smith,james.smith6440@shopmail.com,Singapore,2020-09-26,Standard,2504.18
6441,Elijah Lee,elijah.lee6441@shopmail.com,Australia,2023-09-13,Standard,2931.93
6442,Zara Silva,zara.silva6442@shopmail.com,Ireland,2023-06-08,Standard,785.20
6443,Nina Andersen,nina.andersen6443@shopmail.com,Singapore,2022-09-19,Standard,4003.51
6444,Priya Singh,priya.singh6444@shopmail.com,Singapore,2024-08-28,Standard,4375.65
6445,Ruby Murphy,ruby.murphy6445@shopmail.com,Ireland,2020-12-03,Standard,4718.10
6446,Harper Johnson,harper.johnson6446@shopmail.com,Ireland,2021-11-22,Standard,797.59
6447,Lucas Walker,lucas.walker6447@shopmail.com,United States,2022-08-25,Standard,1932.88
6448,James Williams,james.williams6448@shopmail.com,Canada,2022-04-10,Standard,687.60
6449,Nina Johnson,nina.johnson6449@shopmail.com,India,2020-06-04,Standard,3375.22
6450,Emma Kowalski,emma.kowalski6450@shopmail.com,New Zealand,2025-01-30,Standard,1951.58
6451,Yuki Walker,yuki.walker6451@shopmail.com,Australia,2025-01-23,Standard,2415.54
6452,Harper Hall,harper.hall6452@shopmail.com,United Kingdom,2022-11-30,Standard,3161.56
6453,Emma Young,emma.young6453@shopmail.com,Australia,2022-10-15,Standard,599.72
6454,Samuel Cohen,samuel.cohen6454@shopmail.com,India,2021-08-11,Standard,3475.77
6455,Emma Kowalski,emma.kowalski6455@shopmail.com,United States,2024-01-29,Standard,3894.84
6456,Zara Costa,zara.costa6456@shopmail.com,Australia,2022-03-15,Standard,1467.73
6457,Ethan Costa,ethan.costa6457@shopmail.com,United Kingdom,2026-08-03,Standard,92.28
6458,Priya Martin,priya.martin6458@shopmail.com,Canada,2026-08-13,Standard,4152.61
6459,Sofia Taylor,sofia.taylor6459@shopmail.com,United States,2025-04-04,Standard,2678.09
6460,Ethan Allen,ethan.allen6460@shopmail.com,United States,2022-03-22,Standard,1190.98
6461,Isla Miller,isla.miller6461@shopmail.com,Australia,2022-10-05,Standard,94.53
6462,Ruby Lee,ruby.lee6462@shopmail.com,New Zealand,2023-10-26,Standard,1193.05
6463,Amelia Brown,amelia.brown6463@shopmail.com,Australia,2022-07-31,Standard,2030.88
6464,Oliver Taylor,oliver.taylor6464@shopmail.com,Australia,2023-04-15,Standard,3639.13
6465,Aarav Johnson,aarav.johnson6465@shopmail.com,Singapore,2026-05-23,Standard,2585.92
6466,Mason Rossi,mason.rossi6466@shopmail.com,Australia,2020-08-13,Standard,1160.29
6467,Sofia Williams,sofia.williams6467@shopmail.com,United Kingdom,2020-10-24,Standard,1918.85
6468,Elijah Harris,elijah.harris6468@shopmail.com,Australia,2023-08-30,Standard,460.02
6469,Olivia Cohen,olivia.cohen6469@shopmail.com,Canada,2021-01-02,Standard,1755.06
6470,Sofia Hall,sofia.hall6470@shopmail.com,United States,2025-08-04,Standard,259.87
6471,Hugo Lewis,hugo.lewis6471@shopmail.com,Singapore,2020-08-02,Standard,1312.24
6472,Isabella Walker,isabella.walker6472@shopmail.com,United Kingdom,2024-05-29,Standard,1466.63
6473,Ava Thomas,ava.thomas6473@shopmail.com,United Kingdom,2024-03-04,Standard,4108.08
6474,Elijah Hall,elijah.hall6474@shopmail.com,Australia,2025-09-22,Standard,3843.77
6475,Liam Cohen,liam.cohen6475@shopmail.com,Ireland,2025-10-18,Standard,361.77
6476,Ava Harris,ava.harris6476@shopmail.com,Canada,2023-11-15,Standard,4336.41
6477,Sofia Lee,sofia.lee6477@shopmail.com,Canada,2023-06-24,Standard,2933.95
6478,Aarav Jones,aarav.jones6478@shopmail.com,India,2025-04-10,Standard,528.36
6479,Oscar Hall,oscar.hall6479@shopmail.com,United Kingdom,2025-07-25,Standard,4557.09
6480,Jack Kowalski,jack.kowalski6480@shopmail.com,Ireland,2022-08-02,Standard,833.65
6481,Isla Wilson,isla.wilson6481@shopmail.com,New Zealand,2024-08-04,Standard,1180.95
6482,Leo Davis,leo.davis6482@shopmail.com,Canada,2024-08-08,Standard,643.81
6483,Noah Andersen,noah.andersen6483@shopmail.com,Singapore,2024-02-02,Standard,4280.53
6484,Leo Harris,leo.harris6484@shopmail.com,United Kingdom,2021-06-22,Standard,44.44
6485,James Rossi,james.rossi6485@shopmail.com,United Kingdom,2020-10-26,Standard,1500.77
6486,Wei Anderson,wei.anderson6486@shopmail.com,Australia,2023-07-11,Standard,2914.14
6487,Charlotte Khan,charlotte.khan6487@shopmail.com,Ireland,2024-01-08,Standard,3204.69
6488,Grace Silva,grace.silva6488@shopmail.com,United States,2020-11-12,Standard,1469.15
6489,Amelia Kowalski,amelia.kowalski6489@shopmail.com,Australia,2025-08-31,Standard,201.76
6490,Hugo Williams,hugo.williams6490@shopmail.com,Australia,2020-06-29,Standard,377.51
6491,Wei Singh,wei.singh6491@shopmail.com,Canada,2021-01-28,Standard,4077.98
6492,Amelia Anderson,amelia.anderson6492@shopmail.com,United States,2025-10-04,Standard,2517.34
6493,Arjun Miller,arjun.miller6493@shopmail.com,United States,2022-04-28,Standard,183.67
6494,Jack Davis,jack.davis6494@shopmail.com,United Kingdom,2022-09-22,Standard,2663.34
6495,Sophia Singh,sophia.singh6495@shopmail.com,United States,2025-04-21,Standard,3397.06
6496,Sofia Garcia,sofia.garcia6496@shopmail.com,United States,2023-12-17,Standard,4476.46
6497,Eva Williams,eva.williams6497@shopmail.com,United Kingdom,2020-05-24,Standard,3172.02
6498,Charlotte Allen,charlotte.allen6498@shopmail.com,United Kingdom,2026-03-30,Standard,2574.25
6499,Lucas Kim,lucas.kim6499@shopmail.com,United States,2021-12-22,Standard,2515.23
6500,James Murphy,james.murphy6500@shopmail.com,Australia,2025-06-22,Standard,751.65
6501,James Dubois,james.dubois6501@shopmail.com,Australia,2023-04-04,Standard,2147.66
6502,Mason Rossi,mason.rossi6502@shopmail.com,Australia,2023-12-11,Standard,2015.88
6503,Olivia Rossi,olivia.rossi6503@shopmail.com,United States,2022-07-03,Standard,3490.33
6504,Olivia Andersen,olivia.andersen6504@shopmail.com,Australia,2020-07-22,Standard,3689.50
6505,Eva Silva,eva.silva6505@shopmail.com,United States,2026-07-20,Standard,3018.29
6506,Nina Nguyen,nina.nguyen6506@shopmail.com,Australia,2022-11-11,Standard,1664.06
6507,Wei Dubois,wei.dubois6507@shopmail.com,Australia,2024-08-13,Standard,2214.96
6508,Ava Clark,ava.clark6508@shopmail.com,United Kingdom,2025-05-23,Standard,1264.49
6509,Liam Kowalski,liam.kowalski6509@shopmail.com,United Kingdom,2025-11-27,Standard,2472.49
6510,Grace Silva,grace.silva6510@shopmail.com,United Kingdom,2020-10-07,Standard,4168.31
6511,Chen Cohen,chen.cohen6511@shopmail.com,Australia,2020-12-10,Standard,2039.94
6512,Sofia Kowalski,sofia.kowalski6512@shopmail.com,Australia,2023-12-09,Standard,3210.41
6513,Mateo Chen,mateo.chen6513@shopmail.com,Australia,2023-05-28,Standard,1194.93
6514,Ava Khan,ava.khan6514@shopmail.com,Australia,2024-12-02,Standard,1005.64
6515,Isabella Johnson,isabella.johnson6515@shopmail.com,Canada,2020-05-12,Standard,646.57
6516,Kai Patel,kai.patel6516@shopmail.com,United Kingdom,2023-09-18,Standard,3640.42
6517,Amelia Harris,amelia.harris6517@shopmail.com,Ireland,2025-04-07,Standard,3376.83
6518,Ruby Harris,ruby.harris6518@shopmail.com,Australia,2022-03-30,Standard,477.22
6519,Oscar Dubois,oscar.dubois6519@shopmail.com,United States,2021-03-19,Standard,2841.13
6520,Lucas Singh,lucas.singh6520@shopmail.com,Australia,2024-02-29,Standard,1359.22
6521,Ruby Anderson,ruby.anderson6521@shopmail.com,Australia,2021-02-27,Standard,689.17
6522,Emma Wilson,emma.wilson6522@shopmail.com,United Kingdom,2023-04-03,Standard,1617.67
6523,Olivia Brown,olivia.brown6523@shopmail.com,United Kingdom,2023-04-26,Standard,2831.30
6524,Liam Khan,liam.khan6524@shopmail.com,Canada,2020-05-29,Standard,3195.88
6525,Hugo Dubois,hugo.dubois6525@shopmail.com,Australia,2026-05-15,Standard,4063.85
6526,Jack Rossi,jack.rossi6526@shopmail.com,Australia,2025-11-01,Standard,2448.01
6527,Elijah Walker,elijah.walker6527@shopmail.com,United Kingdom,2021-02-02,Standard,1880.29
6528,James Moore,james.moore6528@shopmail.com,Ireland,2023-03-01,Standard,1193.91
6529,Ethan Brown,ethan.brown6529@shopmail.com,Australia,2020-05-02,Standard,2785.26
6530,Wei Lee,wei.lee6530@shopmail.com,United Kingdom,2021-10-06,Standard,2952.42
6531,Samuel Lee,samuel.lee6531@shopmail.com,Australia,2025-07-07,Standard,3319.88
6532,Zara Miller,zara.miller6532@shopmail.com,United States,2026-05-16,Standard,2718.69
6533,Grace Hall,grace.hall6533@shopmail.com,New Zealand,2024-08-19,Standard,3622.06
6534,Isabella Khan,isabella.khan6534@shopmail.com,India,2025-07-26,Standard,3327.30
6535,Sofia Miller,sofia.miller6535@shopmail.com,United States,2024-03-26,Standard,752.46
6536,Chen Anderson,chen.anderson6536@shopmail.com,United States,2023-09-02,Standard,3032.81
6537,Emma Smith,emma.smith6537@shopmail.com,Australia,2021-06-05,Standard,1199.10
6538,Elijah Lee,elijah.lee6538@shopmail.com,New Zealand,2020-06-08,Standard,1786.95
6539,Henry Silva,henry.silva6539@shopmail.com,Australia,2022-01-25,Standard,1725.24
6540,Mateo Nakamura,mateo.nakamura6540@shopmail.com,India,2020-06-27,Standard,3965.12
6541,Oliver Nakamura,oliver.nakamura6541@shopmail.com,Singapore,2021-11-10,Standard,3706.57
6542,Isla Smith,isla.smith6542@shopmail.com,United Kingdom,2020-10-11,Standard,1981.53
6543,Leo Williams,leo.williams6543@shopmail.com,Canada,2026-01-30,Standard,3844.98
6544,Mia Martin,mia.martin6544@shopmail.com,India,2021-06-04,Standard,2341.42
6545,Arjun Young,arjun.young6545@shopmail.com,Ireland,2023-02-02,Standard,2332.39
6546,Samuel Williams,samuel.williams6546@shopmail.com,India,2026-03-30,Standard,1831.76
6547,Mason Singh,mason.singh6547@shopmail.com,Australia,2023-08-29,Standard,674.57
6548,Jack Hall,jack.hall6548@shopmail.com,United States,2023-02-28,Standard,1453.18
6549,Isabella Smith,isabella.smith6549@shopmail.com,Australia,2021-10-17,Standard,3836.37
6550,Aarav Dubois,aarav.dubois6550@shopmail.com,Australia,2022-10-25,Standard,2576.12
6551,Jack Moore,jack.moore6551@shopmail.com,Canada,2020-10-15,Standard,1172.72
6552,Henry Harris,henry.harris6552@shopmail.com,United States,2020-11-10,Standard,1440.98
6553,Liam Lee,liam.lee6553@shopmail.com,Australia,2021-03-26,Standard,4384.32
6554,Liam Anderson,liam.anderson6554@shopmail.com,United Kingdom,2024-04-08,Standard,3030.23
6555,Sophia Clark,sophia.clark6555@shopmail.com,Ireland,2021-05-12,Standard,2900.56
6556,Harper Costa,harper.costa6556@shopmail.com,United Kingdom,2020-01-27,Standard,1839.53
6557,Olivia Clark,olivia.clark6557@shopmail.com,United States,2021-01-13,Standard,4192.12
6558,Nina Davis,nina.davis6558@shopmail.com,Australia,2026-07-04,Standard,3860.34
6559,Samuel Wilson,samuel.wilson6559@shopmail.com,Canada,2023-07-15,Standard,4065.59
6560,Charlotte Anderson,charlotte.anderson6560@shopmail.com,New Zealand,2025-06-14,Standard,1964.19
6561,Arjun Martin,arjun.martin6561@shopmail.com,New Zealand,2020-09-16,Standard,4650.35
6562,Ethan Clark,ethan.clark6562@shopmail.com,Australia,2023-02-24,Standard,447.53
6563,Noah Nakamura,noah.nakamura6563@shopmail.com,Australia,2021-03-30,Standard,4530.57
6564,Arjun Miller,arjun.miller6564@shopmail.com,New Zealand,2020-02-09,Standard,4554.13
6565,Chen Garcia,chen.garcia6565@shopmail.com,Canada,2022-08-06,Standard,751.55
6566,Sophia Silva,sophia.silva6566@shopmail.com,India,2020-01-10,Standard,1486.65
6567,Chloe Williams,chloe.williams6567@shopmail.com,United States,2024-01-19,Standard,1987.54
6568,Nina Lewis,nina.lewis6568@shopmail.com,Ireland,2020-07-14,Standard,3872.03
6569,Charlotte Rossi,charlotte.rossi6569@shopmail.com,Australia,2023-04-27,Standard,3170.79
6570,Isla Rossi,isla.rossi6570@shopmail.com,United States,2022-05-21,Standard,332.20
6571,Mason Miller,mason.miller6571@shopmail.com,New Zealand,2023-12-19,Standard,3662.05
6572,Charlotte Lewis,charlotte.lewis6572@shopmail.com,United Kingdom,2025-04-24,Standard,600.69
6573,Isabella Rossi,isabella.rossi6573@shopmail.com,United Kingdom,2025-04-18,Standard,2878.29
6574,Emma Rossi,emma.rossi6574@shopmail.com,Canada,2023-01-01,Standard,131.14
6575,Amelia Silva,amelia.silva6575@shopmail.com,New Zealand,2022-11-23,Standard,2967.54
6576,Hugo Nakamura,hugo.nakamura6576@shopmail.com,United States,2020-01-16,Standard,2900.49
6577,Ethan Harris,ethan.harris6577@shopmail.com,India,2021-03-12,Standard,3398.49
6578,Jack Young,jack.young6578@shopmail.com,Australia,2022-01-31,Standard,3915.94
6579,Jack Walker,jack.walker6579@shopmail.com,Australia,2020-01-18,Standard,4000.59
6580,Olivia Lee,olivia.lee6580@shopmail.com,Australia,2024-10-13,Standard,3643.57
6581,Chloe Patel,chloe.patel6581@shopmail.com,Australia,2020-09-24,Standard,3373.55
6582,Arjun Williams,arjun.williams6582@shopmail.com,United Kingdom,2025-06-25,Standard,4442.21
6583,Jack Harris,jack.harris6583@shopmail.com,Australia,2020-05-28,Standard,389.83
6584,Maya Chen,maya.chen6584@shopmail.com,Singapore,2023-09-23,Standard,1417.55
6585,Oliver Thomas,oliver.thomas6585@shopmail.com,United Kingdom,2022-07-14,Standard,1901.59
6586,Charlotte Young,charlotte.young6586@shopmail.com,Australia,2020-09-08,Standard,1348.31
6587,Wei Nakamura,wei.nakamura6587@shopmail.com,United Kingdom,2025-03-15,Standard,2877.35
6588,Arjun Kim,arjun.kim6588@shopmail.com,Ireland,2026-07-19,Standard,3918.28
6589,Hugo Lewis,hugo.lewis6589@shopmail.com,United States,2022-10-30,Standard,2480.47
6590,Henry Smith,henry.smith6590@shopmail.com,Singapore,2022-10-06,Standard,1945.38
6591,Oliver Johnson,oliver.johnson6591@shopmail.com,Australia,2025-02-10,Standard,3830.08
6592,James Jones,james.jones6592@shopmail.com,United States,2025-06-14,Standard,4558.48
6593,Ethan Murphy,ethan.murphy6593@shopmail.com,United Kingdom,2026-06-09,Standard,4355.78
6594,Eva Moore,eva.moore6594@shopmail.com,Ireland,2022-04-07,Standard,3916.19
6595,Liam Silva,liam.silva6595@shopmail.com,United States,2021-02-26,Standard,531.11
6596,Noah Silva,noah.silva6596@shopmail.com,Australia,2026-06-08,Standard,3376.72
6597,Leo Brown,leo.brown6597@shopmail.com,Australia,2023-02-12,Standard,2957.22
6598,Lucas Garcia,lucas.garcia6598@shopmail.com,New Zealand,2023-03-19,Standard,1409.88
6599,Sofia Allen,sofia.allen6599@shopmail.com,India,2024-09-28,Standard,2149.15
6600,Ethan Lee,ethan.lee6600@shopmail.com,Australia,2025-10-26,Standard,1454.58
6601,Nina Singh,nina.singh6601@shopmail.com,Canada,2023-11-03,Standard,1795.32
6602,Lucas Lee,lucas.lee6602@shopmail.com,India,2021-03-22,Standard,2304.22
6603,Olivia Martin,olivia.martin6603@shopmail.com,Canada,2022-08-17,Standard,1728.93
6604,James Brown,james.brown6604@shopmail.com,New Zealand,2026-07-26,Standard,2801.31
6605,Charlotte Chen,charlotte.chen6605@shopmail.com,United Kingdom,2022-05-28,Standard,3452.84
6606,Sophia Murphy,sophia.murphy6606@shopmail.com,Singapore,2025-02-12,Standard,1129.72
6607,Henry Martin,henry.martin6607@shopmail.com,India,2023-05-27,Standard,3664.07
6608,Isabella Lewis,isabella.lewis6608@shopmail.com,United States,2025-07-21,Standard,3444.75
6609,Isabella Moore,isabella.moore6609@shopmail.com,Ireland,2026-04-13,Standard,3948.88
6610,Kai Kim,kai.kim6610@shopmail.com,United Kingdom,2022-09-24,Standard,4010.85
6611,Isabella Murphy,isabella.murphy6611@shopmail.com,Singapore,2024-05-08,Standard,2656.36
6612,Ava Clark,ava.clark6612@shopmail.com,Canada,2020-11-16,Standard,4756.96
6613,Harper Lewis,harper.lewis6613@shopmail.com,India,2022-04-02,Standard,3796.95
6614,Ruby Kim,ruby.kim6614@shopmail.com,United States,2020-05-16,Standard,2066.02
6615,Mateo Nguyen,mateo.nguyen6615@shopmail.com,United States,2021-02-18,Standard,2292.92
6616,Ethan Hall,ethan.hall6616@shopmail.com,United States,2021-05-28,Standard,568.52
6617,Sophia Kim,sophia.kim6617@shopmail.com,Australia,2023-10-20,Standard,117.59
6618,Hugo Dubois,hugo.dubois6618@shopmail.com,India,2022-02-08,Standard,4485.42
6619,Mateo Clark,mateo.clark6619@shopmail.com,United Kingdom,2023-05-23,Standard,1923.09
6620,Hugo Andersen,hugo.andersen6620@shopmail.com,Canada,2025-01-08,Standard,74.76
6621,Wei Hall,wei.hall6621@shopmail.com,United Kingdom,2025-06-13,Standard,23.53
6622,Ethan Harris,ethan.harris6622@shopmail.com,New Zealand,2021-06-25,Standard,2282.09
6623,Oliver Andersen,oliver.andersen6623@shopmail.com,United Kingdom,2024-06-16,Standard,4578.07
6624,Hugo Anderson,hugo.anderson6624@shopmail.com,United Kingdom,2023-08-12,Standard,605.49
6625,Emma Allen,emma.allen6625@shopmail.com,Australia,2021-12-12,Standard,1869.26
6626,Emma Smith,emma.smith6626@shopmail.com,Australia,2020-11-24,Standard,3762.10
6627,Sophia Brown,sophia.brown6627@shopmail.com,Australia,2023-08-31,Standard,2035.84
6628,Grace Jones,grace.jones6628@shopmail.com,India,2025-02-25,Standard,924.13
6629,Aarav Clark,aarav.clark6629@shopmail.com,Ireland,2025-10-07,Standard,393.12
6630,Ava Lee,ava.lee6630@shopmail.com,Australia,2020-07-11,Standard,3228.41
6631,Arjun Khan,arjun.khan6631@shopmail.com,Australia,2022-03-02,Standard,2548.11
6632,Yuki Kim,yuki.kim6632@shopmail.com,India,2020-07-28,Standard,3667.98
6633,Arjun Chen,arjun.chen6633@shopmail.com,United States,2021-06-07,Standard,943.88
6634,Amelia Jones,amelia.jones6634@shopmail.com,Australia,2022-12-16,Standard,3193.49
6635,Kai Davis,kai.davis6635@shopmail.com,United States,2025-03-24,Standard,4553.70
6636,Harper Singh,harper.singh6636@shopmail.com,United Kingdom,2023-07-22,Standard,3478.27
6637,Noah Wilson,noah.wilson6637@shopmail.com,Australia,2020-10-21,Standard,3706.08
6638,Kai Dubois,kai.dubois6638@shopmail.com,Australia,2021-07-26,Standard,100.76
6639,Amelia Garcia,amelia.garcia6639@shopmail.com,United States,2024-06-16,Standard,3945.35
6640,Sophia Murphy,sophia.murphy6640@shopmail.com,United Kingdom,2020-09-15,Standard,3062.76
6641,Ethan Johnson,ethan.johnson6641@shopmail.com,Australia,2022-02-15,Standard,1984.61
6642,Sophia Kowalski,sophia.kowalski6642@shopmail.com,India,2022-09-04,Standard,2033.09
6643,Mason Hall,mason.hall6643@shopmail.com,Singapore,2020-09-27,Standard,1986.37
6644,Henry Kowalski,henry.kowalski6644@shopmail.com,New Zealand,2020-03-02,Standard,4015.69
6645,Isabella Lee,isabella.lee6645@shopmail.com,Ireland,2026-06-23,Standard,3198.84
6646,Nina Lee,nina.lee6646@shopmail.com,Singapore,2022-01-05,Standard,4692.05
6647,Elijah Andersen,elijah.andersen6647@shopmail.com,Australia,2024-07-05,Standard,3864.21
6648,Oliver Taylor,oliver.taylor6648@shopmail.com,United Kingdom,2022-09-11,Standard,2213.26
6649,Aarav Costa,aarav.costa6649@shopmail.com,United Kingdom,2021-11-08,Standard,4494.16
6650,Priya Taylor,priya.taylor6650@shopmail.com,India,2024-08-24,Standard,3655.73
6651,Aarav Walker,aarav.walker6651@shopmail.com,Singapore,2025-10-31,Standard,1336.42
6652,Harper Kowalski,harper.kowalski6652@shopmail.com,Ireland,2026-01-29,Standard,2088.03
6653,Sophia Davis,sophia.davis6653@shopmail.com,Australia,2023-06-20,Standard,3759.14
6654,Ethan Lee,ethan.lee6654@shopmail.com,Australia,2024-10-11,Standard,1236.02
6655,Eva Nakamura,eva.nakamura6655@shopmail.com,Australia,2023-08-05,Standard,2697.26
6656,Ruby Garcia,ruby.garcia6656@shopmail.com,United Kingdom,2023-07-23,Standard,3371.91
6657,Eva Brown,eva.brown6657@shopmail.com,Ireland,2024-05-10,Standard,3353.28
6658,Lucas Murphy,lucas.murphy6658@shopmail.com,United States,2025-05-15,Standard,4459.54
6659,Emma Thomas,emma.thomas6659@shopmail.com,United Kingdom,2026-06-21,Standard,470.25
6660,Isabella Johnson,isabella.johnson6660@shopmail.com,Canada,2022-12-27,Standard,4581.74
6661,Harper Rossi,harper.rossi6661@shopmail.com,Australia,2021-04-21,Standard,1979.79
6662,Jack Chen,jack.chen6662@shopmail.com,Canada,2020-04-02,Standard,1038.55
6663,Mason Hall,mason.hall6663@shopmail.com,United States,2023-05-01,Standard,347.81
6664,James Taylor,james.taylor6664@shopmail.com,India,2023-08-01,Standard,1654.56
6665,Samuel Costa,samuel.costa6665@shopmail.com,United States,2025-04-02,Standard,3693.90
6666,Henry Costa,henry.costa6666@shopmail.com,Australia,2024-01-10,Standard,4688.38
6667,Hugo Hall,hugo.hall6667@shopmail.com,Ireland,2023-11-19,Standard,323.75
6668,Isabella Clark,isabella.clark6668@shopmail.com,Canada,2025-01-23,Standard,1293.28
6669,Ava Jones,ava.jones6669@shopmail.com,Australia,2025-05-17,Standard,3241.98
6670,Jack Rossi,jack.rossi6670@shopmail.com,Australia,2022-06-13,Standard,3410.32
6671,Leo Anderson,leo.anderson6671@shopmail.com,United Kingdom,2024-05-28,Standard,4597.64
6672,Henry Kowalski,henry.kowalski6672@shopmail.com,Australia,2021-02-27,Standard,769.50
6673,Arjun Young,arjun.young6673@shopmail.com,Canada,2021-10-18,Standard,985.37
6674,Olivia Smith,olivia.smith6674@shopmail.com,United States,2020-06-24,Standard,1735.17
6675,Harper Williams,harper.williams6675@shopmail.com,Canada,2025-09-12,Standard,3357.24
6676,Nina Thomas,nina.thomas6676@shopmail.com,Singapore,2022-11-01,Standard,4772.29
6677,Arjun Wilson,arjun.wilson6677@shopmail.com,United States,2025-03-25,Standard,1071.22
6678,Lucas Davis,lucas.davis6678@shopmail.com,Australia,2025-04-16,Standard,3278.17
6679,Kai Nakamura,kai.nakamura6679@shopmail.com,Australia,2020-12-06,Standard,824.47
6680,Chloe Lee,chloe.lee6680@shopmail.com,Canada,2024-10-14,Standard,4711.63
6681,Wei Andersen,wei.andersen6681@shopmail.com,United Kingdom,2021-09-03,Standard,882.68
6682,Ruby Wilson,ruby.wilson6682@shopmail.com,Australia,2020-09-19,Standard,2962.48
6683,Olivia Dubois,olivia.dubois6683@shopmail.com,New Zealand,2021-07-18,Standard,2614.90
6684,Aarav Jones,aarav.jones6684@shopmail.com,United Kingdom,2021-10-18,Standard,2352.27
6685,Leo Martin,leo.martin6685@shopmail.com,Singapore,2024-06-08,Standard,1565.99
6686,Lucas Hall,lucas.hall6686@shopmail.com,United Kingdom,2023-09-21,Standard,438.60
6687,Olivia Johnson,olivia.johnson6687@shopmail.com,United Kingdom,2020-11-26,Standard,155.33
6688,Sophia Walker,sophia.walker6688@shopmail.com,Canada,2026-01-11,Standard,3689.20
6689,Elijah Wilson,elijah.wilson6689@shopmail.com,United Kingdom,2021-12-09,Standard,998.36
6690,Emma Smith,emma.smith6690@shopmail.com,Australia,2024-09-09,Standard,51.53
6691,Chloe Wilson,chloe.wilson6691@shopmail.com,Australia,2022-09-12,Standard,1546.75
6692,Isabella Nakamura,isabella.nakamura6692@shopmail.com,Australia,2020-01-12,Standard,3385.87
6693,Mason Lewis,mason.lewis6693@shopmail.com,Singapore,2021-08-06,Standard,4210.35
6694,Zara Moore,zara.moore6694@shopmail.com,United States,2023-09-17,Standard,3873.02
6695,Nina Davis,nina.davis6695@shopmail.com,United Kingdom,2026-06-05,Standard,679.42
6696,Arjun Johnson,arjun.johnson6696@shopmail.com,India,2021-04-03,Standard,4181.76
6697,Jack Lee,jack.lee6697@shopmail.com,Australia,2024-09-24,Standard,4033.12
6698,Leo Kim,leo.kim6698@shopmail.com,United States,2025-04-14,Standard,3489.04
6699,Yuki Smith,yuki.smith6699@shopmail.com,Australia,2022-04-25,Standard,4119.01
6700,Aarav Nguyen,aarav.nguyen6700@shopmail.com,New Zealand,2022-11-01,Standard,308.53
6701,Olivia Kim,olivia.kim6701@shopmail.com,Australia,2024-11-20,Standard,1876.63
6702,Hugo Rossi,hugo.rossi6702@shopmail.com,Australia,2020-05-05,Standard,3291.72
6703,Wei Young,wei.young6703@shopmail.com,Ireland,2023-09-18,Standard,2651.13
6704,Oliver Allen,oliver.allen6704@shopmail.com,Canada,2021-01-24,Standard,2351.05
6705,Yuki Anderson,yuki.anderson6705@shopmail.com,India,2024-08-18,Standard,3984.65
6706,Lucas Nakamura,lucas.nakamura6706@shopmail.com,Australia,2026-07-29,Standard,622.05
6707,Oliver Davis,oliver.davis6707@shopmail.com,United Kingdom,2020-01-25,Standard,1525.69
6708,Olivia Singh,olivia.singh6708@shopmail.com,India,2026-06-05,Standard,4695.48
6709,Grace Miller,grace.miller6709@shopmail.com,Canada,2022-03-10,Standard,586.41
6710,Lucas Allen,lucas.allen6710@shopmail.com,United Kingdom,2021-10-16,Standard,3351.03
6711,Lucas Wilson,lucas.wilson6711@shopmail.com,Singapore,2026-03-13,Standard,4490.15
6712,Priya Khan,priya.khan6712@shopmail.com,United States,2022-03-01,Standard,4723.71
6713,Chloe Walker,chloe.walker6713@shopmail.com,Australia,2023-12-03,Standard,4421.92
6714,Emma Walker,emma.walker6714@shopmail.com,United States,2024-07-15,Standard,836.91
6715,Chen Moore,chen.moore6715@shopmail.com,India,2024-01-31,Standard,224.27
6716,Oliver Garcia,oliver.garcia6716@shopmail.com,Australia,2023-09-12,Standard,3726.21
6717,Priya Hall,priya.hall6717@shopmail.com,United States,2024-11-18,Standard,4007.16
6718,Henry Silva,henry.silva6718@shopmail.com,Canada,2026-02-03,Standard,2650.38
6719,Mia Chen,mia.chen6719@shopmail.com,Australia,2022-06-24,Standard,395.79
6720,Chloe Lewis,chloe.lewis6720@shopmail.com,United States,2026-08-03,Standard,89.67
6721,Harper Johnson,harper.johnson6721@shopmail.com,New Zealand,2024-01-09,Standard,3851.24
6722,Maya Khan,maya.khan6722@shopmail.com,Australia,2025-04-12,Standard,565.12
6723,Maya Kowalski,maya.kowalski6723@shopmail.com,Australia,2023-06-21,Standard,3968.72
6724,Elijah Taylor,elijah.taylor6724@shopmail.com,India,2022-06-20,Standard,1766.29
6725,Chen Young,chen.young6725@shopmail.com,Singapore,2024-02-01,Standard,2862.03
6726,Mia Williams,mia.williams6726@shopmail.com,United Kingdom,2023-12-15,Standard,2704.95
6727,Chloe Hall,chloe.hall6727@shopmail.com,United States,2025-07-24,Standard,2878.00
6728,Ava Miller,ava.miller6728@shopmail.com,Singapore,2022-02-10,Standard,3769.22
6729,Hugo Dubois,hugo.dubois6729@shopmail.com,Australia,2020-03-16,Standard,3401.48
6730,Chen Rossi,chen.rossi6730@shopmail.com,United Kingdom,2021-08-07,Standard,2122.33
6731,Aarav Hall,aarav.hall6731@shopmail.com,Ireland,2021-03-02,Standard,421.26
6732,Charlotte Smith,charlotte.smith6732@shopmail.com,United States,2026-05-23,Standard,4698.75
6733,Sofia Nakamura,sofia.nakamura6733@shopmail.com,India,2025-03-18,Standard,4375.51
6734,Liam Miller,liam.miller6734@shopmail.com,United Kingdom,2021-11-18,Standard,871.36
6735,Amelia Moore,amelia.moore6735@shopmail.com,United Kingdom,2025-11-06,Standard,2856.54
6736,Charlotte Brown,charlotte.brown6736@shopmail.com,Australia,2025-10-06,Standard,939.64
6737,Henry Kowalski,henry.kowalski6737@shopmail.com,Singapore,2020-10-15,Standard,623.54
6738,Isla Costa,isla.costa6738@shopmail.com,United States,2026-07-31,Standard,2963.65
6739,Ethan Smith,ethan.smith6739@shopmail.com,Singapore,2025-07-23,Standard,1347.66
6740,Oliver Davis,oliver.davis6740@shopmail.com,Canada,2022-10-06,Standard,3506.51
6741,Nina Murphy,nina.murphy6741@shopmail.com,India,2021-06-02,Standard,2239.40
6742,Chen Chen,chen.chen6742@shopmail.com,Australia,2022-06-21,Standard,1013.97
6743,Oscar Andersen,oscar.andersen6743@shopmail.com,United States,2023-12-15,Standard,4236.07
6744,Isabella Khan,isabella.khan6744@shopmail.com,United Kingdom,2026-04-16,Standard,4131.75
6745,Isla Chen,isla.chen6745@shopmail.com,United States,2021-03-05,Standard,2621.27
6746,Aarav Harris,aarav.harris6746@shopmail.com,India,2025-03-29,Standard,1900.44
6747,Harper Brown,harper.brown6747@shopmail.com,Canada,2026-05-17,Standard,41.05
6748,James Murphy,james.murphy6748@shopmail.com,Australia,2025-07-26,Standard,2819.45
6749,Samuel Walker,samuel.walker6749@shopmail.com,Ireland,2023-02-07,Standard,1500.64
6750,Aarav Walker,aarav.walker6750@shopmail.com,New Zealand,2021-03-27,Standard,4080.00
6751,Liam Silva,liam.silva6751@shopmail.com,United Kingdom,2026-07-09,Standard,4347.01
6752,Lucas Kowalski,lucas.kowalski6752@shopmail.com,Australia,2024-04-28,Standard,3073.20
6753,Chen Young,chen.young6753@shopmail.com,Singapore,2022-08-09,Standard,1429.05
6754,Chloe Patel,chloe.patel6754@shopmail.com,India,2021-03-22,Standard,3308.97
6755,Olivia Clark,olivia.clark6755@shopmail.com,Australia,2023-10-28,Standard,2782.75
6756,Isla Martin,isla.martin6756@shopmail.com,India,2025-10-13,Standard,1581.07
6757,Nina Brown,nina.brown6757@shopmail.com,United States,2026-06-02,Standard,4637.41
6758,Mateo Khan,mateo.khan6758@shopmail.com,United Kingdom,2025-01-19,Standard,2435.44
6759,Ethan Cohen,ethan.cohen6759@shopmail.com,United Kingdom,2024-09-02,Standard,3196.77
6760,Arjun Jones,arjun.jones6760@shopmail.com,United Kingdom,2025-05-07,Standard,2525.99
6761,Amelia Walker,amelia.walker6761@shopmail.com,Singapore,2020-06-08,Standard,2346.27
6762,Amelia Brown,amelia.brown6762@shopmail.com,United States,2021-02-04,Standard,3870.58
6763,Henry Rossi,henry.rossi6763@shopmail.com,United Kingdom,2021-01-19,Standard,4224.77
6764,Mason Hall,mason.hall6764@shopmail.com,Singapore,2020-04-14,Standard,3081.21
6765,James Cohen,james.cohen6765@shopmail.com,United States,2025-12-29,Standard,1045.98
6766,Hugo Thomas,hugo.thomas6766@shopmail.com,Australia,2022-02-20,Standard,947.38
6767,Isla Hall,isla.hall6767@shopmail.com,New Zealand,2020-02-25,Standard,1134.22
6768,Mason Singh,mason.singh6768@shopmail.com,India,2026-08-04,Standard,2899.27
6769,Elijah Dubois,elijah.dubois6769@shopmail.com,United Kingdom,2020-06-26,Standard,3494.62
6770,Ethan Garcia,ethan.garcia6770@shopmail.com,Ireland,2021-07-20,Standard,4462.54
6771,Jack Hall,jack.hall6771@shopmail.com,Australia,2021-10-11,Standard,2201.28
6772,Priya Allen,priya.allen6772@shopmail.com,Ireland,2021-05-01,Standard,1366.77
6773,Chloe Anderson,chloe.anderson6773@shopmail.com,New Zealand,2020-08-07,Standard,904.20
6774,Elijah Harris,elijah.harris6774@shopmail.com,New Zealand,2025-05-28,Standard,2339.03
6775,Wei Kowalski,wei.kowalski6775@shopmail.com,Ireland,2023-09-12,Standard,4253.90
6776,Hugo Harris,hugo.harris6776@shopmail.com,Canada,2024-01-02,Standard,1507.02
6777,Sofia Silva,sofia.silva6777@shopmail.com,Australia,2021-09-01,Standard,176.39
6778,Grace Davis,grace.davis6778@shopmail.com,United States,2022-10-27,Standard,353.49
6779,Grace Walker,grace.walker6779@shopmail.com,New Zealand,2024-01-16,Standard,2705.28
6780,Ruby Chen,ruby.chen6780@shopmail.com,Australia,2021-10-17,Standard,517.31
6781,Nina Harris,nina.harris6781@shopmail.com,Singapore,2021-01-16,Standard,4591.45
6782,Isabella Murphy,isabella.murphy6782@shopmail.com,Singapore,2020-02-28,Standard,4045.15
6783,Priya Johnson,priya.johnson6783@shopmail.com,United States,2024-07-17,Standard,496.17
6784,Isabella Thomas,isabella.thomas6784@shopmail.com,Australia,2026-01-25,Standard,3115.72
6785,Olivia Nguyen,olivia.nguyen6785@shopmail.com,United Kingdom,2023-04-27,Standard,1359.76
6786,Arjun Patel,arjun.patel6786@shopmail.com,Australia,2020-01-18,Standard,4496.69
6787,Mateo Nguyen,mateo.nguyen6787@shopmail.com,United Kingdom,2023-10-25,Standard,2787.04
6788,Emma Wilson,emma.wilson6788@shopmail.com,United Kingdom,2022-05-19,Standard,3387.33
6789,Leo Smith,leo.smith6789@shopmail.com,United States,2025-08-03,Standard,2338.99
6790,Maya Walker,maya.walker6790@shopmail.com,Ireland,2022-06-05,Standard,1114.02
6791,Elijah Cohen,elijah.cohen6791@shopmail.com,United Kingdom,2022-02-24,Standard,2767.48
6792,Eva Brown,eva.brown6792@shopmail.com,New Zealand,2024-08-10,Standard,169.76
6793,Kai Taylor,kai.taylor6793@shopmail.com,Canada,2022-09-27,Standard,1921.48
6794,Charlotte Anderson,charlotte.anderson6794@shopmail.com,United Kingdom,2026-04-24,Standard,83.39
6795,Mia Anderson,mia.anderson6795@shopmail.com,Australia,2026-04-30,Standard,2131.79
6796,Chen Johnson,chen.johnson6796@shopmail.com,United Kingdom,2021-03-02,Standard,2197.98
6797,Eva Williams,eva.williams6797@shopmail.com,United Kingdom,2025-03-08,Standard,114.03
6798,Noah Allen,noah.allen6798@shopmail.com,Singapore,2021-03-17,Standard,828.69
6799,Emma Martin,emma.martin6799@shopmail.com,India,2022-05-05,Standard,1213.69
6800,Samuel Williams,samuel.williams6800@shopmail.com,United States,2024-11-22,Standard,2875.84
6801,Lucas Davis,lucas.davis6801@shopmail.com,United Kingdom,2022-01-16,Standard,3494.96
6802,Arjun Moore,arjun.moore6802@shopmail.com,Singapore,2022-08-31,Standard,3623.56
6803,Ethan Jones,ethan.jones6803@shopmail.com,Canada,2021-10-07,Standard,2774.36
6804,Charlotte Anderson,charlotte.anderson6804@shopmail.com,Australia,2020-01-11,Standard,4080.48
6805,Ethan Johnson,ethan.johnson6805@shopmail.com,United States,2020-12-14,Standard,766.15
6806,Grace Williams,grace.williams6806@shopmail.com,Australia,2026-04-09,Standard,604.43
6807,Isabella Khan,isabella.khan6807@shopmail.com,Australia,2025-03-12,Standard,2133.46
6808,Zara Taylor,zara.taylor6808@shopmail.com,United States,2020-08-09,Standard,1514.67
6809,Samuel Dubois,samuel.dubois6809@shopmail.com,United Kingdom,2025-07-04,Standard,3529.62
6810,Maya Silva,maya.silva6810@shopmail.com,Ireland,2021-11-13,Standard,4275.19
6811,Isabella Brown,isabella.brown6811@shopmail.com,United Kingdom,2022-03-03,Standard,723.48
6812,Kai Johnson,kai.johnson6812@shopmail.com,Australia,2021-11-16,Standard,2022.66
6813,Nina Dubois,nina.dubois6813@shopmail.com,Australia,2023-04-07,Standard,1241.69
6814,Grace Nguyen,grace.nguyen6814@shopmail.com,United States,2026-07-02,Standard,1555.41
6815,Zara Cohen,zara.cohen6815@shopmail.com,United Kingdom,2020-02-23,Standard,4054.28
6816,Grace Johnson,grace.johnson6816@shopmail.com,Singapore,2024-10-13,Standard,4253.36
6817,Aarav Silva,aarav.silva6817@shopmail.com,Australia,2022-11-18,Standard,4400.72
6818,Chen Taylor,chen.taylor6818@shopmail.com,United Kingdom,2025-03-03,Standard,1044.09
6819,Arjun Rossi,arjun.rossi6819@shopmail.com,Canada,2022-10-23,Standard,2252.51
6820,Arjun Andersen,arjun.andersen6820@shopmail.com,New Zealand,2020-02-27,Standard,2119.29
6821,Eva Lewis,eva.lewis6821@shopmail.com,United Kingdom,2023-07-26,Standard,2297.05
6822,Henry Brown,henry.brown6822@shopmail.com,United Kingdom,2020-12-19,Standard,682.94
6823,Samuel Khan,samuel.khan6823@shopmail.com,United States,2025-02-01,Standard,4576.78
6824,Isabella Andersen,isabella.andersen6824@shopmail.com,New Zealand,2021-09-27,Standard,1914.65
6825,Emma Wilson,emma.wilson6825@shopmail.com,United States,2021-08-23,Standard,4289.19
6826,Noah Kim,noah.kim6826@shopmail.com,New Zealand,2021-05-04,Standard,2100.22
6827,James Allen,james.allen6827@shopmail.com,Australia,2025-07-11,Standard,357.75
6828,Kai Kowalski,kai.kowalski6828@shopmail.com,Australia,2023-10-02,Standard,1858.52
6829,Jack Andersen,jack.andersen6829@shopmail.com,United States,2020-02-13,Standard,3815.51
6830,Noah Chen,noah.chen6830@shopmail.com,United Kingdom,2023-06-05,Standard,4797.39
6831,Nina Nguyen,nina.nguyen6831@shopmail.com,Singapore,2020-09-19,Standard,692.86
6832,Hugo Nakamura,hugo.nakamura6832@shopmail.com,Australia,2021-05-19,Standard,4224.56
6833,Aarav Wilson,aarav.wilson6833@shopmail.com,United States,2024-01-18,Standard,1143.47
6834,Mateo Lewis,mateo.lewis6834@shopmail.com,Australia,2024-06-21,Standard,3800.66
6835,Ava Costa,ava.costa6835@shopmail.com,India,2020-12-16,Standard,4690.10
6836,Arjun Clark,arjun.clark6836@shopmail.com,United States,2020-03-21,Standard,2507.04
6837,James Davis,james.davis6837@shopmail.com,United States,2020-01-05,Standard,3322.27
6838,Jack Cohen,jack.cohen6838@shopmail.com,Australia,2024-02-12,Standard,818.64
6839,Ruby Rossi,ruby.rossi6839@shopmail.com,Singapore,2021-02-27,Standard,3477.75
6840,Emma Murphy,emma.murphy6840@shopmail.com,New Zealand,2020-08-26,Standard,1367.91
6841,Ethan Kowalski,ethan.kowalski6841@shopmail.com,United States,2026-06-29,Standard,1790.35
6842,Chloe Kim,chloe.kim6842@shopmail.com,United States,2021-09-13,Standard,3110.96
6843,Wei Singh,wei.singh6843@shopmail.com,Australia,2020-08-07,Standard,1572.11
6844,Noah Garcia,noah.garcia6844@shopmail.com,Australia,2026-05-26,Standard,4440.74
6845,Emma Murphy,emma.murphy6845@shopmail.com,Australia,2021-03-10,Standard,2382.54
6846,Mateo Johnson,mateo.johnson6846@shopmail.com,Canada,2021-12-24,Standard,56.74
6847,Emma Anderson,emma.anderson6847@shopmail.com,United Kingdom,2023-03-29,Standard,2713.66
6848,Lucas Lee,lucas.lee6848@shopmail.com,Canada,2021-12-20,Standard,157.31
6849,James Taylor,james.taylor6849@shopmail.com,India,2025-04-11,Standard,1749.48
6850,Samuel Murphy,samuel.murphy6850@shopmail.com,New Zealand,2025-03-02,Standard,3237.31
6851,Chen Lee,chen.lee6851@shopmail.com,India,2024-09-25,Standard,1542.20
6852,Chloe Walker,chloe.walker6852@shopmail.com,New Zealand,2021-11-15,Standard,1663.43
6853,Charlotte Clark,charlotte.clark6853@shopmail.com,Singapore,2021-11-09,Standard,269.55
6854,Ava Chen,ava.chen6854@shopmail.com,New Zealand,2021-04-07,Standard,1676.27
6855,Amelia Silva,amelia.silva6855@shopmail.com,New Zealand,2020-06-10,Standard,4517.56
6856,Mateo Garcia,mateo.garcia6856@shopmail.com,Australia,2022-09-03,Standard,2201.21
6857,Samuel Lee,samuel.lee6857@shopmail.com,United States,2024-10-01,Standard,3821.86
6858,Jack Costa,jack.costa6858@shopmail.com,Ireland,2025-01-06,Standard,1820.74
6859,Sophia Kim,sophia.kim6859@shopmail.com,Ireland,2020-01-20,Standard,4019.92
6860,Priya Allen,priya.allen6860@shopmail.com,United States,2020-12-28,Standard,3880.01
6861,Henry Walker,henry.walker6861@shopmail.com,India,2020-07-09,Standard,3839.71
6862,Kai Walker,kai.walker6862@shopmail.com,India,2024-05-20,Standard,2477.81
6863,Ava Lewis,ava.lewis6863@shopmail.com,New Zealand,2026-08-06,Standard,2938.92
6864,Isla Brown,isla.brown6864@shopmail.com,Australia,2023-10-14,Standard,2415.92
6865,Lucas Young,lucas.young6865@shopmail.com,Canada,2020-07-03,Standard,3234.43
6866,Chloe Clark,chloe.clark6866@shopmail.com,New Zealand,2023-09-16,Standard,128.68
6867,Samuel Costa,samuel.costa6867@shopmail.com,United States,2024-11-23,Standard,1003.68
6868,Aarav Nguyen,aarav.nguyen6868@shopmail.com,Ireland,2022-09-24,Standard,1523.22
6869,Chloe Miller,chloe.miller6869@shopmail.com,Australia,2021-04-22,Standard,434.54
6870,Emma Nakamura,emma.nakamura6870@shopmail.com,United Kingdom,2020-10-17,Standard,4618.37
6871,Aarav Singh,aarav.singh6871@shopmail.com,Singapore,2024-10-03,Standard,4305.92
6872,Samuel Dubois,samuel.dubois6872@shopmail.com,Singapore,2023-08-09,Standard,2862.98
6873,Lucas Jones,lucas.jones6873@shopmail.com,Australia,2024-01-02,Standard,3968.41
6874,Grace Davis,grace.davis6874@shopmail.com,United States,2022-05-08,Standard,251.11
6875,Henry Moore,henry.moore6875@shopmail.com,Singapore,2023-01-31,Standard,3327.26
6876,Maya Smith,maya.smith6876@shopmail.com,Ireland,2020-06-12,Standard,4246.80
6877,Isabella Singh,isabella.singh6877@shopmail.com,New Zealand,2021-09-26,Standard,1661.59
6878,Oscar Wilson,oscar.wilson6878@shopmail.com,Australia,2023-10-03,Standard,4087.50
6879,Wei Andersen,wei.andersen6879@shopmail.com,Australia,2026-06-10,Standard,2481.80
6880,Ruby Dubois,ruby.dubois6880@shopmail.com,Australia,2021-07-31,Standard,4648.25
6881,Wei Murphy,wei.murphy6881@shopmail.com,Singapore,2022-11-12,Standard,2922.48
6882,Maya Lewis,maya.lewis6882@shopmail.com,United States,2023-06-03,Standard,1855.66
6883,Wei Taylor,wei.taylor6883@shopmail.com,India,2022-10-12,Standard,4490.28
6884,Oliver Murphy,oliver.murphy6884@shopmail.com,Canada,2026-02-21,Standard,4410.48
6885,Ruby Taylor,ruby.taylor6885@shopmail.com,Australia,2022-12-10,Standard,2062.94
6886,Henry Taylor,henry.taylor6886@shopmail.com,United States,2023-10-08,Standard,2569.61
6887,Zara Patel,zara.patel6887@shopmail.com,Ireland,2021-08-13,Standard,2983.17
6888,Mia Kowalski,mia.kowalski6888@shopmail.com,United States,2024-10-18,Standard,2974.43
6889,Isla Nakamura,isla.nakamura6889@shopmail.com,Singapore,2025-02-06,Standard,2830.47
6890,Maya Nakamura,maya.nakamura6890@shopmail.com,United States,2025-04-11,Standard,1587.09
6891,Zara Allen,zara.allen6891@shopmail.com,United States,2022-11-22,Standard,4240.69
6892,Wei Jones,wei.jones6892@shopmail.com,Australia,2023-02-11,Standard,20.50
6893,Samuel Wilson,samuel.wilson6893@shopmail.com,Canada,2026-07-08,Standard,4757.40
6894,Amelia Singh,amelia.singh6894@shopmail.com,Australia,2023-09-06,Standard,4620.29
6895,Leo Taylor,leo.taylor6895@shopmail.com,Canada,2025-02-01,Standard,1597.78
6896,Noah Martin,noah.martin6896@shopmail.com,New Zealand,2024-03-23,Standard,4299.90
6897,Kai Johnson,kai.johnson6897@shopmail.com,Australia,2021-09-19,Standard,4033.42
6898,Kai Young,kai.young6898@shopmail.com,Ireland,2023-04-21,Standard,2296.88
6899,Harper Kowalski,harper.kowalski6899@shopmail.com,Canada,2023-12-02,Standard,1954.19
6900,Noah Nguyen,noah.nguyen6900@shopmail.com,United Kingdom,2026-03-20,Standard,3855.92
6901,Elijah Wilson,elijah.wilson6901@shopmail.com,Canada,2022-09-10,Standard,4165.49
6902,Emma Rossi,emma.rossi6902@shopmail.com,Australia,2024-09-11,Standard,1609.38
6903,Aarav Nakamura,aarav.nakamura6903@shopmail.com,Australia,2023-07-18,Standard,4645.44
6904,Oliver Kim,oliver.kim6904@shopmail.com,Australia,2021-06-21,Standard,3391.45
6905,Chloe Walker,chloe.walker6905@shopmail.com,Australia,2022-10-13,Standard,253.72
6906,Chloe Taylor,chloe.taylor6906@shopmail.com,Ireland,2025-07-08,Standard,323.55
6907,Grace Thomas,grace.thomas6907@shopmail.com,New Zealand,2023-05-06,Standard,2191.53
6908,Sofia Singh,sofia.singh6908@shopmail.com,Australia,2020-09-13,Standard,3839.04
6909,Oliver Wilson,oliver.wilson6909@shopmail.com,Singapore,2020-11-09,Standard,1006.59
6910,James Cohen,james.cohen6910@shopmail.com,United States,2022-01-31,Standard,2676.48
6911,Oscar Andersen,oscar.andersen6911@shopmail.com,Ireland,2020-07-13,Standard,4349.62
6912,Grace Jones,grace.jones6912@shopmail.com,United Kingdom,2023-05-08,Standard,1664.24
6913,Isla Allen,isla.allen6913@shopmail.com,United States,2024-07-01,Standard,1808.20
6914,Sofia Kowalski,sofia.kowalski6914@shopmail.com,United Kingdom,2023-04-29,Standard,383.54
6915,Olivia Thomas,olivia.thomas6915@shopmail.com,Singapore,2026-03-06,Standard,3267.18
6916,Mia Allen,mia.allen6916@shopmail.com,Australia,2020-11-07,Standard,4503.08
6917,Kai Andersen,kai.andersen6917@shopmail.com,United Kingdom,2024-11-07,Standard,2803.20
6918,Priya Lewis,priya.lewis6918@shopmail.com,United Kingdom,2026-08-10,Standard,4427.24
6919,Eva Nakamura,eva.nakamura6919@shopmail.com,Ireland,2023-06-24,Standard,842.89
6920,Isla Thomas,isla.thomas6920@shopmail.com,Canada,2025-12-21,Standard,4752.71
6921,Chloe Williams,chloe.williams6921@shopmail.com,United Kingdom,2021-09-23,Standard,213.39
6922,Ava Lee,ava.lee6922@shopmail.com,Singapore,2021-11-17,Standard,3909.56
6923,Maya Dubois,maya.dubois6923@shopmail.com,United States,2021-01-08,Standard,3804.81
6924,Lucas Martin,lucas.martin6924@shopmail.com,Canada,2021-10-14,Standard,4406.23
6925,Amelia Kowalski,amelia.kowalski6925@shopmail.com,United Kingdom,2025-11-12,Standard,2095.10
6926,Wei Wilson,wei.wilson6926@shopmail.com,Ireland,2024-12-17,Standard,4461.44
6927,Ruby Andersen,ruby.andersen6927@shopmail.com,United Kingdom,2021-07-11,Standard,2051.88
6928,Maya Allen,maya.allen6928@shopmail.com,Australia,2025-04-14,Standard,691.32
6929,Henry Kim,henry.kim6929@shopmail.com,Australia,2022-09-23,Standard,717.81
6930,Isla Murphy,isla.murphy6930@shopmail.com,United States,2026-04-17,Standard,1087.18
6931,Zara Silva,zara.silva6931@shopmail.com,Australia,2020-01-30,Standard,1952.16
6932,Maya Lee,maya.lee6932@shopmail.com,Australia,2022-12-25,Standard,3061.09
6933,Sofia Nguyen,sofia.nguyen6933@shopmail.com,United States,2022-09-21,Standard,1642.19
6934,Leo Taylor,leo.taylor6934@shopmail.com,Australia,2021-06-12,Standard,4122.14
6935,Chloe Cohen,chloe.cohen6935@shopmail.com,Singapore,2020-05-29,Standard,268.49
6936,Chen Martin,chen.martin6936@shopmail.com,United Kingdom,2025-12-13,Standard,1710.97
6937,Hugo Murphy,hugo.murphy6937@shopmail.com,Australia,2020-09-06,Standard,4519.29
6938,Henry Lee,henry.lee6938@shopmail.com,Canada,2021-06-02,Standard,817.03
6939,Sofia Silva,sofia.silva6939@shopmail.com,Australia,2023-07-02,Standard,3404.09
6940,Aarav Williams,aarav.williams6940@shopmail.com,Ireland,2021-09-16,Standard,1589.12
6941,Chen Young,chen.young6941@shopmail.com,United Kingdom,2025-11-04,Standard,2897.43
6942,Ethan Silva,ethan.silva6942@shopmail.com,United States,2020-06-07,Standard,1407.22
6943,Oliver Singh,oliver.singh6943@shopmail.com,United States,2026-04-04,Standard,2579.70
6944,Noah Nguyen,noah.nguyen6944@shopmail.com,Ireland,2026-07-19,Standard,2022.36
6945,Wei Chen,wei.chen6945@shopmail.com,Singapore,2025-02-28,Standard,1117.66
6946,Jack Allen,jack.allen6946@shopmail.com,United Kingdom,2020-02-11,Standard,1425.70
6947,Zara Khan,zara.khan6947@shopmail.com,Singapore,2022-12-19,Standard,3581.41
6948,Leo Cohen,leo.cohen6948@shopmail.com,Canada,2022-07-23,Standard,994.70
6949,Mia Jones,mia.jones6949@shopmail.com,Canada,2021-10-29,Standard,1360.43
6950,Eva Allen,eva.allen6950@shopmail.com,United Kingdom,2025-12-29,Standard,2233.18
6951,Chloe Johnson,chloe.johnson6951@shopmail.com,Australia,2024-09-29,Standard,4277.60
6952,Harper Clark,harper.clark6952@shopmail.com,United Kingdom,2026-07-14,Standard,4033.47
6953,Zara Thomas,zara.thomas6953@shopmail.com,United Kingdom,2023-01-29,Standard,152.51
6954,Grace Johnson,grace.johnson6954@shopmail.com,Singapore,2026-03-23,Standard,2854.27
6955,Amelia Brown,amelia.brown6955@shopmail.com,Australia,2021-06-11,Standard,4531.46
6956,Emma Lee,emma.lee6956@shopmail.com,Australia,2026-06-16,Standard,2455.93
6957,Sophia Harris,sophia.harris6957@shopmail.com,Canada,2025-08-28,Standard,2394.24
6958,Charlotte Anderson,charlotte.anderson6958@shopmail.com,United States,2022-07-05,Standard,1189.21
6959,Leo Dubois,leo.dubois6959@shopmail.com,India,2020-08-06,Standard,1538.25
6960,Arjun Jones,arjun.jones6960@shopmail.com,Australia,2026-01-24,Standard,3233.56
6961,Sophia Nguyen,sophia.nguyen6961@shopmail.com,Australia,2022-04-26,Standard,2193.76
6962,Mason Hall,mason.hall6962@shopmail.com,United Kingdom,2025-02-20,Standard,101.64
6963,Chloe Cohen,chloe.cohen6963@shopmail.com,Australia,2025-09-26,Standard,3681.34
6964,Noah Hall,noah.hall6964@shopmail.com,United Kingdom,2024-02-07,Standard,2919.13
6965,Samuel Nguyen,samuel.nguyen6965@shopmail.com,United States,2026-07-09,Standard,3205.37
6966,Wei Patel,wei.patel6966@shopmail.com,United States,2023-10-27,Standard,2728.06
6967,Samuel Costa,samuel.costa6967@shopmail.com,United Kingdom,2024-02-15,Standard,122.01
6968,Chen Hall,chen.hall6968@shopmail.com,Singapore,2022-09-10,Standard,3303.98
6969,Charlotte Wilson,charlotte.wilson6969@shopmail.com,India,2020-12-05,Standard,2126.93
6970,Yuki Khan,yuki.khan6970@shopmail.com,United Kingdom,2023-03-18,Standard,4308.34
6971,Arjun Lee,arjun.lee6971@shopmail.com,India,2023-11-14,Standard,4521.89
6972,Priya Wilson,priya.wilson6972@shopmail.com,Canada,2024-02-12,Standard,688.38
6973,Emma Rossi,emma.rossi6973@shopmail.com,Singapore,2025-12-09,Standard,3097.14
6974,Isla Thomas,isla.thomas6974@shopmail.com,Ireland,2020-10-31,Standard,1892.92
6975,Priya Miller,priya.miller6975@shopmail.com,Australia,2022-01-27,Standard,444.15
6976,Mateo Cohen,mateo.cohen6976@shopmail.com,New Zealand,2023-04-26,Standard,1534.41
6977,Emma Martin,emma.martin6977@shopmail.com,Australia,2021-07-09,Standard,2273.20
6978,Charlotte Clark,charlotte.clark6978@shopmail.com,United States,2022-04-09,Standard,123.46
6979,Arjun Anderson,arjun.anderson6979@shopmail.com,New Zealand,2020-08-20,Standard,905.05
6980,Mateo Harris,mateo.harris6980@shopmail.com,Australia,2021-01-10,Standard,3771.71
6981,Wei Young,wei.young6981@shopmail.com,Australia,2021-12-09,Standard,2797.20
6982,Leo Lee,leo.lee6982@shopmail.com,New Zealand,2020-03-31,Standard,2764.20
6983,Ava Taylor,ava.taylor6983@shopmail.com,Ireland,2020-12-28,Standard,3949.16
6984,Liam Nguyen,liam.nguyen6984@shopmail.com,Canada,2021-11-05,Standard,1697.19
6985,Nina Hall,nina.hall6985@shopmail.com,India,2026-05-16,Standard,293.43
6986,Olivia Young,olivia.young6986@shopmail.com,United States,2022-11-01,Standard,425.00
6987,Harper Anderson,harper.anderson6987@shopmail.com,United Kingdom,2023-05-23,Standard,1951.85
6988,Ava Dubois,ava.dubois6988@shopmail.com,India,2020-12-22,Standard,4583.10
6989,Sophia Martin,sophia.martin6989@shopmail.com,Ireland,2023-05-24,Standard,3556.87
6990,Ethan Clark,ethan.clark6990@shopmail.com,Ireland,2025-08-19,Standard,3408.25
6991,Ruby Jones,ruby.jones6991@shopmail.com,Australia,2022-05-27,Standard,2883.97
6992,Samuel Kowalski,samuel.kowalski6992@shopmail.com,Canada,2021-12-21,Standard,4283.97
6993,Leo Andersen,leo.andersen6993@shopmail.com,United Kingdom,2020-12-23,Standard,891.07
6994,Harper Young,harper.young6994@shopmail.com,Australia,2021-04-20,Standard,3686.42
6995,Isabella Johnson,isabella.johnson6995@shopmail.com,Ireland,2021-11-08,Standard,2972.38
6996,Amelia Khan,amelia.khan6996@shopmail.com,Australia,2022-07-05,Standard,189.28
6997,Wei Walker,wei.walker6997@shopmail.com,United States,2020-05-20,Standard,781.25
6998,Kai Brown,kai.brown6998@shopmail.com,United States,2026-02-10,Standard,3094.68
6999,Noah Kim,noah.kim6999@shopmail.com,Singapore,2024-08-15,Standard,1449.69
7000,Mateo Thomas,mateo.thomas7000@shopmail.com,Australia,2021-04-24,Standard,3957.61
7001,Oliver Costa,oliver.costa7001@shopmail.com,India,2020-05-27,Basic,2463.06
7002,Noah Martin,noah.martin7002@shopmail.com,Australia,2023-08-07,Basic,1884.26
7003,Arjun Martin,arjun.martin7003@shopmail.com,Australia,2024-12-16,Basic,4603.68
7004,Ethan Kowalski,ethan.kowalski7004@shopmail.com,Singapore,2024-06-21,Basic,2347.47
7005,Yuki Jones,yuki.jones7005@shopmail.com,United States,2020-12-14,Basic,54.46
7006,Amelia Dubois,amelia.dubois7006@shopmail.com,India,2021-01-12,Basic,2968.23
7007,Isla Murphy,isla.murphy7007@shopmail.com,New Zealand,2020-05-26,Basic,1541.09
7008,Olivia Davis,olivia.davis7008@shopmail.com,Australia,2022-04-23,Basic,3752.26
7009,Olivia Harris,olivia.harris7009@shopmail.com,New Zealand,2022-12-15,Basic,2843.68
7010,Leo Johnson,leo.johnson7010@shopmail.com,United States,2020-11-09,Basic,1229.29
7011,Kai Murphy,kai.murphy7011@shopmail.com,Ireland,2024-05-19,Basic,1655.72
7012,Oscar Rossi,oscar.rossi7012@shopmail.com,United Kingdom,2021-09-20,Basic,1718.91
7013,Henry Anderson,henry.anderson7013@shopmail.com,Australia,2020-11-04,Basic,3962.45
7014,Amelia Davis,amelia.davis7014@shopmail.com,United Kingdom,2020-04-16,Basic,4009.19
7015,Oscar Khan,oscar.khan7015@shopmail.com,Canada,2020-11-10,Basic,445.55
7016,Emma Hall,emma.hall7016@shopmail.com,Ireland,2024-12-05,Basic,4687.46
7017,Olivia Moore,olivia.moore7017@shopmail.com,Ireland,2026-06-06,Basic,2937.85
7018,Amelia Brown,amelia.brown7018@shopmail.com,United Kingdom,2024-06-22,Basic,4174.30
7019,Olivia Smith,olivia.smith7019@shopmail.com,United Kingdom,2023-02-24,Basic,1932.45
7020,Eva Chen,eva.chen7020@shopmail.com,United Kingdom,2022-10-02,Basic,4134.22
7021,Elijah Harris,elijah.harris7021@shopmail.com,Australia,2025-03-04,Basic,284.47
7022,Oscar Miller,oscar.miller7022@shopmail.com,Canada,2023-07-27,Basic,2509.99
7023,James Johnson,james.johnson7023@shopmail.com,India,2025-07-22,Basic,4159.91
7024,Noah Lewis,noah.lewis7024@shopmail.com,Singapore,2020-07-17,Basic,2685.28
7025,Mason Harris,mason.harris7025@shopmail.com,Australia,2022-06-04,Basic,1431.57
7026,Olivia Chen,olivia.chen7026@shopmail.com,United Kingdom,2025-12-29,Basic,3735.92
7027,Wei Young,wei.young7027@shopmail.com,Canada,2026-01-27,Basic,3328.75
7028,Arjun Moore,arjun.moore7028@shopmail.com,India,2021-12-01,Basic,1168.35
7029,Chen Smith,chen.smith7029@shopmail.com,India,2025-07-11,Basic,895.22
7030,Kai Hall,kai.hall7030@shopmail.com,United States,2021-08-02,Basic,3292.30
7031,Arjun Allen,arjun.allen7031@shopmail.com,Canada,2023-01-28,Basic,1709.14
7032,Sophia Martin,sophia.martin7032@shopmail.com,India,2021-04-13,Basic,4291.99
7033,Grace Johnson,grace.johnson7033@shopmail.com,Australia,2023-06-27,Basic,2493.03
7034,Lucas Harris,lucas.harris7034@shopmail.com,United Kingdom,2025-07-23,Basic,2604.77
7035,Amelia Dubois,amelia.dubois7035@shopmail.com,Canada,2025-06-26,Basic,938.17
7036,Nina Moore,nina.moore7036@shopmail.com,Australia,2022-09-12,Basic,2553.07
7037,Liam Clark,liam.clark7037@shopmail.com,Canada,2022-08-22,Basic,1973.73
7038,Chloe Nguyen,chloe.nguyen7038@shopmail.com,United States,2023-06-28,Basic,1983.82
7039,Zara Nakamura,zara.nakamura7039@shopmail.com,United Kingdom,2025-05-18,Basic,4529.90
7040,Zara Miller,zara.miller7040@shopmail.com,United Kingdom,2022-08-03,Basic,2357.25
7041,Ava Wilson,ava.wilson7041@shopmail.com,Australia,2024-06-27,Basic,1094.33
7042,Henry Allen,henry.allen7042@shopmail.com,United Kingdom,2021-11-21,Basic,2760.42
7043,Ruby Chen,ruby.chen7043@shopmail.com,Australia,2021-05-14,Basic,1248.71
7044,Isla Walker,isla.walker7044@shopmail.com,Australia,2025-10-01,Basic,496.51
7045,Zara Clark,zara.clark7045@shopmail.com,Ireland,2020-11-21,Basic,1775.38
7046,Mia Andersen,mia.andersen7046@shopmail.com,Australia,2023-06-30,Basic,3414.43
7047,Charlotte Jones,charlotte.jones7047@shopmail.com,Australia,2024-08-23,Basic,2587.27
7048,Sophia Miller,sophia.miller7048@shopmail.com,New Zealand,2024-05-02,Basic,4403.68
7049,Mason Kim,mason.kim7049@shopmail.com,Australia,2020-12-31,Basic,2478.71
7050,Lucas Chen,lucas.chen7050@shopmail.com,Canada,2020-03-31,Basic,3756.93
7051,Chen Allen,chen.allen7051@shopmail.com,Canada,2023-01-09,Basic,1819.60
7052,Sofia Clark,sofia.clark7052@shopmail.com,Australia,2024-06-19,Basic,2403.73
7053,Harper Kim,harper.kim7053@shopmail.com,United States,2022-11-12,Basic,4439.52
7054,Ethan Cohen,ethan.cohen7054@shopmail.com,United States,2021-01-01,Basic,4745.47
7055,Olivia Moore,olivia.moore7055@shopmail.com,New Zealand,2023-01-21,Basic,3033.04
7056,Priya Lewis,priya.lewis7056@shopmail.com,United Kingdom,2026-05-09,Basic,1700.03
7057,Grace Kowalski,grace.kowalski7057@shopmail.com,Australia,2020-02-06,Basic,1108.16
7058,James Garcia,james.garcia7058@shopmail.com,Australia,2024-08-21,Basic,3088.94
7059,Elijah Anderson,elijah.anderson7059@shopmail.com,United States,2021-09-05,Basic,4591.01
7060,Kai Kim,kai.kim7060@shopmail.com,Ireland,2026-08-01,Basic,2263.57
7061,Zara Wilson,zara.wilson7061@shopmail.com,Canada,2021-02-09,Basic,3127.84
7062,Chloe Martin,chloe.martin7062@shopmail.com,United Kingdom,2025-12-12,Basic,1112.42
7063,Mateo Brown,mateo.brown7063@shopmail.com,India,2023-08-23,Basic,4021.11
7064,Chloe Johnson,chloe.johnson7064@shopmail.com,Ireland,2026-07-26,Basic,929.66
7065,Olivia Costa,olivia.costa7065@shopmail.com,Australia,2024-07-22,Basic,3278.25
7066,Mateo Williams,mateo.williams7066@shopmail.com,United States,2021-04-09,Basic,334.24
7067,Grace Clark,grace.clark7067@shopmail.com,Ireland,2020-03-19,Basic,1154.63
7068,Kai Clark,kai.clark7068@shopmail.com,United States,2023-01-19,Basic,906.33
7069,Ruby Rossi,ruby.rossi7069@shopmail.com,Australia,2020-03-04,Basic,3316.93
7070,Mia Cohen,mia.cohen7070@shopmail.com,India,2023-09-16,Basic,3420.14
7071,Nina Allen,nina.allen7071@shopmail.com,Canada,2021-05-23,Basic,1463.43
7072,Mia Patel,mia.patel7072@shopmail.com,New Zealand,2023-03-13,Basic,2942.67
7073,Charlotte Kowalski,charlotte.kowalski7073@shopmail.com,India,2023-09-10,Basic,1409.68
7074,Ava Murphy,ava.murphy7074@shopmail.com,Canada,2023-12-19,Basic,4054.76
7075,Elijah Murphy,elijah.murphy7075@shopmail.com,United Kingdom,2021-11-21,Basic,2402.35
7076,James Davis,james.davis7076@shopmail.com,United Kingdom,2020-09-30,Basic,3112.13
7077,Chloe Martin,chloe.martin7077@shopmail.com,New Zealand,2023-06-07,Basic,2212.59
7078,Wei Hall,wei.hall7078@shopmail.com,India,2022-01-24,Basic,1124.33
7079,Sophia Singh,sophia.singh7079@shopmail.com,Canada,2022-05-21,Basic,2643.85
7080,Lucas Kowalski,lucas.kowalski7080@shopmail.com,New Zealand,2025-10-07,Basic,2908.99
7081,Ava Williams,ava.williams7081@shopmail.com,Australia,2021-01-05,Basic,2135.79
7082,Henry Dubois,henry.dubois7082@shopmail.com,Australia,2021-05-28,Basic,3278.82
7083,Samuel Young,samuel.young7083@shopmail.com,Singapore,2023-10-15,Basic,2152.66
7084,Noah Harris,noah.harris7084@shopmail.com,Australia,2023-01-13,Basic,4194.99
7085,Nina Walker,nina.walker7085@shopmail.com,United States,2023-02-28,Basic,431.34
7086,Wei Taylor,wei.taylor7086@shopmail.com,Singapore,2022-10-01,Basic,1504.22
7087,Sofia Anderson,sofia.anderson7087@shopmail.com,Ireland,2026-01-28,Basic,969.57
7088,Amelia Murphy,amelia.murphy7088@shopmail.com,Australia,2025-12-30,Basic,3886.45
7089,Sofia Chen,sofia.chen7089@shopmail.com,Singapore,2025-07-07,Basic,2754.14
7090,Arjun Davis,arjun.davis7090@shopmail.com,Singapore,2022-05-02,Basic,231.73
7091,Elijah Singh,elijah.singh7091@shopmail.com,United Kingdom,2024-03-29,Basic,1314.81
7092,Henry Murphy,henry.murphy7092@shopmail.com,Australia,2020-12-05,Basic,1639.93
7093,Arjun Wilson,arjun.wilson7093@shopmail.com,Canada,2020-09-22,Basic,4011.80
7094,Henry Williams,henry.williams7094@shopmail.com,Singapore,2025-11-07,Basic,3793.90
7095,Zara Jones,zara.jones7095@shopmail.com,Canada,2020-01-09,Basic,2340.68
7096,Nina Davis,nina.davis7096@shopmail.com,Australia,2024-09-02,Basic,572.45
7097,Yuki Chen,yuki.chen7097@shopmail.com,New Zealand,2022-11-08,Basic,1832.76
7098,Ava Miller,ava.miller7098@shopmail.com,India,2025-08-29,Basic,1157.36
7099,Nina Rossi,nina.rossi7099@shopmail.com,United Kingdom,2023-05-27,Basic,827.82
7100,Yuki Cohen,yuki.cohen7100@shopmail.com,Australia,2025-10-15,Basic,4402.78
7101,Chen Taylor,chen.taylor7101@shopmail.com,Australia,2025-07-28,Basic,4799.95
7102,Ruby Young,ruby.young7102@shopmail.com,United States,2025-07-22,Basic,2200.76
7103,Emma Murphy,emma.murphy7103@shopmail.com,United States,2026-04-14,Basic,4259.31
7104,Isabella Allen,isabella.allen7104@shopmail.com,Australia,2021-12-07,Basic,1604.80
7105,Oliver Thomas,oliver.thomas7105@shopmail.com,Australia,2026-03-22,Basic,3975.90
7106,Arjun Thomas,arjun.thomas7106@shopmail.com,Ireland,2021-11-10,Basic,1949.66
7107,Nina Brown,nina.brown7107@shopmail.com,India,2024-08-02,Basic,3196.05
7108,Grace Johnson,grace.johnson7108@shopmail.com,Australia,2026-01-25,Basic,2065.81
7109,Amelia Dubois,amelia.dubois7109@shopmail.com,Australia,2026-05-28,Basic,3103.62
7110,Mateo Rossi,mateo.rossi7110@shopmail.com,Australia,2024-08-05,Basic,1475.71
7111,Kai Wilson,kai.wilson7111@shopmail.com,Australia,2020-01-05,Basic,3979.72
7112,Mason Murphy,mason.murphy7112@shopmail.com,Australia,2020-03-27,Basic,2145.69
7113,Harper Cohen,harper.cohen7113@shopmail.com,United States,2020-09-05,Basic,2533.10
7114,Isla Singh,isla.singh7114@shopmail.com,Canada,2024-11-15,Basic,3607.01
7115,Hugo Lee,hugo.lee7115@shopmail.com,Australia,2020-05-29,Basic,2393.81
7116,Liam Costa,liam.costa7116@shopmail.com,United States,2022-08-18,Basic,1310.22
7117,Zara Anderson,zara.anderson7117@shopmail.com,Singapore,2024-11-17,Basic,2360.20
7118,Yuki Andersen,yuki.andersen7118@shopmail.com,United States,2024-08-03,Basic,4482.57
7119,Mia Singh,mia.singh7119@shopmail.com,United Kingdom,2020-08-30,Basic,4091.63
7120,Wei Lewis,wei.lewis7120@shopmail.com,Ireland,2023-10-25,Basic,1895.84
7121,Chloe Wilson,chloe.wilson7121@shopmail.com,United Kingdom,2025-04-12,Basic,1896.80
7122,Zara Garcia,zara.garcia7122@shopmail.com,Ireland,2025-09-19,Basic,768.77
7123,Oliver Silva,oliver.silva7123@shopmail.com,India,2023-01-16,Basic,2392.38
7124,Nina Patel,nina.patel7124@shopmail.com,Australia,2020-06-14,Basic,930.39
7125,Chen Wilson,chen.wilson7125@shopmail.com,Ireland,2021-09-02,Basic,292.85
7126,Leo Taylor,leo.taylor7126@shopmail.com,United Kingdom,2022-07-13,Basic,280.07
7127,Elijah Kim,elijah.kim7127@shopmail.com,Singapore,2022-11-13,Basic,1657.50
7128,Mateo Silva,mateo.silva7128@shopmail.com,Australia,2022-09-16,Basic,48.52
7129,Liam Rossi,liam.rossi7129@shopmail.com,Ireland,2022-11-22,Basic,3722.69
7130,Liam Kim,liam.kim7130@shopmail.com,Australia,2023-10-04,Basic,415.40
7131,Isla Allen,isla.allen7131@shopmail.com,Australia,2021-08-31,Basic,1304.46
7132,Jack Murphy,jack.murphy7132@shopmail.com,United Kingdom,2021-05-15,Basic,600.69
7133,Arjun Moore,arjun.moore7133@shopmail.com,United States,2026-06-12,Basic,2849.06
7134,Olivia Brown,olivia.brown7134@shopmail.com,Canada,2024-01-07,Basic,4034.70
7135,Amelia Chen,amelia.chen7135@shopmail.com,Canada,2024-07-29,Basic,2882.30
7136,Amelia Moore,amelia.moore7136@shopmail.com,Australia,2025-07-10,Basic,2085.48
7137,Amelia Clark,amelia.clark7137@shopmail.com,Australia,2021-09-04,Basic,2557.39
7138,Sofia Chen,sofia.chen7138@shopmail.com,Australia,2025-10-29,Basic,1108.21
7139,Elijah Lee,elijah.lee7139@shopmail.com,United States,2021-12-24,Basic,893.94
7140,Hugo Martin,hugo.martin7140@shopmail.com,Australia,2020-05-24,Basic,1118.77
7141,Ethan Murphy,ethan.murphy7141@shopmail.com,Ireland,2020-08-05,Basic,33.15
7142,Hugo Walker,hugo.walker7142@shopmail.com,Australia,2022-04-30,Basic,1204.72
7143,Liam Martin,liam.martin7143@shopmail.com,Canada,2024-12-30,Basic,53.47
7144,Mason Moore,mason.moore7144@shopmail.com,Australia,2022-03-16,Basic,3277.44
7145,Maya Khan,maya.khan7145@shopmail.com,Australia,2025-12-24,Basic,1348.47
7146,Jack Garcia,jack.garcia7146@shopmail.com,Australia,2024-01-14,Basic,3099.21
7147,Arjun Smith,arjun.smith7147@shopmail.com,New Zealand,2025-03-18,Basic,1051.78
7148,Oliver Nakamura,oliver.nakamura7148@shopmail.com,Ireland,2024-03-02,Basic,3613.16
7149,Sophia Murphy,sophia.murphy7149@shopmail.com,United Kingdom,2026-05-29,Basic,3161.88
7150,Maya Johnson,maya.johnson7150@shopmail.com,Singapore,2024-04-30,Basic,1419.80
7151,Sofia Walker,sofia.walker7151@shopmail.com,New Zealand,2021-08-13,Basic,460.12
7152,Oscar Andersen,oscar.andersen7152@shopmail.com,Ireland,2022-06-30,Basic,2225.12
7153,Lucas Kowalski,lucas.kowalski7153@shopmail.com,New Zealand,2020-05-03,Basic,1551.40
7154,Isabella Silva,isabella.silva7154@shopmail.com,Australia,2024-10-21,Basic,2507.49
7155,Mateo Martin,mateo.martin7155@shopmail.com,New Zealand,2021-06-27,Basic,2525.63
7156,Arjun Martin,arjun.martin7156@shopmail.com,Singapore,2026-06-01,Basic,182.48
7157,Eva Rossi,eva.rossi7157@shopmail.com,India,2025-04-03,Basic,4385.79
7158,Kai Martin,kai.martin7158@shopmail.com,Singapore,2022-05-15,Basic,385.45
7159,Mateo Johnson,mateo.johnson7159@shopmail.com,Australia,2021-11-06,Basic,454.09
7160,Isla Nguyen,isla.nguyen7160@shopmail.com,Ireland,2026-07-10,Basic,3956.52
7161,Grace Patel,grace.patel7161@shopmail.com,Ireland,2024-01-26,Basic,3741.01
7162,Olivia Wilson,olivia.wilson7162@shopmail.com,United Kingdom,2020-02-17,Basic,1901.39
7163,Leo Nakamura,leo.nakamura7163@shopmail.com,United Kingdom,2020-05-30,Basic,1935.71
7164,Henry Lee,henry.lee7164@shopmail.com,New Zealand,2025-07-17,Basic,2004.25
7165,Ava Walker,ava.walker7165@shopmail.com,India,2026-06-21,Basic,3256.99
7166,Leo Harris,leo.harris7166@shopmail.com,Australia,2026-04-10,Basic,2801.16
7167,Samuel Garcia,samuel.garcia7167@shopmail.com,Canada,2020-01-04,Basic,1109.33
7168,Chen Taylor,chen.taylor7168@shopmail.com,New Zealand,2021-08-23,Basic,4111.28
7169,Charlotte Thomas,charlotte.thomas7169@shopmail.com,Australia,2021-02-26,Basic,1561.22
7170,Nina Chen,nina.chen7170@shopmail.com,Australia,2024-12-14,Basic,1415.79
7171,Nina Singh,nina.singh7171@shopmail.com,Australia,2022-11-19,Basic,2952.42
7172,Eva Young,eva.young7172@shopmail.com,Australia,2022-04-03,Basic,2670.39
7173,Sofia Hall,sofia.hall7173@shopmail.com,Ireland,2023-03-17,Basic,1990.84
7174,Leo Nguyen,leo.nguyen7174@shopmail.com,Australia,2020-11-01,Basic,2255.66
7175,Isla Cohen,isla.cohen7175@shopmail.com,Australia,2020-05-08,Basic,257.16
7176,Ava Johnson,ava.johnson7176@shopmail.com,Singapore,2021-08-22,Basic,3534.25
7177,Henry Martin,henry.martin7177@shopmail.com,United Kingdom,2024-03-20,Basic,1062.95
7178,Lucas Patel,lucas.patel7178@shopmail.com,Canada,2024-05-18,Basic,3152.70
7179,Henry Martin,henry.martin7179@shopmail.com,Canada,2022-01-31,Basic,816.06
7180,Amelia Young,amelia.young7180@shopmail.com,United States,2025-01-25,Basic,1285.93
7181,Amelia Jones,amelia.jones7181@shopmail.com,United Kingdom,2024-05-22,Basic,24.42
7182,Oliver Davis,oliver.davis7182@shopmail.com,Australia,2020-02-12,Basic,1451.35
7183,Kai Kowalski,kai.kowalski7183@shopmail.com,United Kingdom,2020-04-03,Basic,3589.39
7184,Amelia Anderson,amelia.anderson7184@shopmail.com,United Kingdom,2023-06-21,Basic,1460.19
7185,Chloe Dubois,chloe.dubois7185@shopmail.com,India,2022-03-20,Basic,3189.47
7186,Isla Patel,isla.patel7186@shopmail.com,India,2024-01-27,Basic,3024.48
7187,Zara Garcia,zara.garcia7187@shopmail.com,United States,2024-10-30,Basic,3815.81
7188,Samuel Johnson,samuel.johnson7188@shopmail.com,India,2022-03-21,Basic,2379.11
7189,Grace Young,grace.young7189@shopmail.com,Ireland,2024-02-07,Basic,3064.80
7190,Arjun Miller,arjun.miller7190@shopmail.com,Australia,2023-03-15,Basic,1680.33
7191,Oscar Harris,oscar.harris7191@shopmail.com,Canada,2023-01-18,Basic,2008.64
7192,Nina Walker,nina.walker7192@shopmail.com,New Zealand,2025-07-15,Basic,3805.32
7193,Ethan Andersen,ethan.andersen7193@shopmail.com,United States,2026-02-27,Basic,4234.48
7194,Priya Wilson,priya.wilson7194@shopmail.com,United States,2026-06-03,Basic,143.97
7195,Chen Kim,chen.kim7195@shopmail.com,United Kingdom,2023-11-13,Basic,4408.28
7196,Ava Dubois,ava.dubois7196@shopmail.com,Australia,2024-12-17,Basic,2603.14
7197,Yuki Silva,yuki.silva7197@shopmail.com,United States,2021-01-05,Basic,2848.39
7198,Maya Khan,maya.khan7198@shopmail.com,Australia,2024-12-27,Basic,1312.51
7199,Aarav Patel,aarav.patel7199@shopmail.com,Australia,2024-07-09,Basic,2438.93
7200,Samuel Martin,samuel.martin7200@shopmail.com,United States,2020-06-15,Basic,1896.34
7201,Priya Brown,priya.brown7201@shopmail.com,Australia,2022-09-08,Basic,216.38
7202,Nina Kim,nina.kim7202@shopmail.com,New Zealand,2024-05-29,Basic,3850.63
7203,Lucas Clark,lucas.clark7203@shopmail.com,Australia,2023-05-06,Basic,3717.74
7204,Ethan Patel,ethan.patel7204@shopmail.com,New Zealand,2025-12-04,Basic,1947.36
7205,Chen Taylor,chen.taylor7205@shopmail.com,Australia,2022-02-03,Basic,3937.19
7206,Sofia Kim,sofia.kim7206@shopmail.com,Australia,2022-08-21,Basic,2421.14
7207,Noah Smith,noah.smith7207@shopmail.com,United States,2026-02-14,Basic,216.03
7208,Chen Walker,chen.walker7208@shopmail.com,United Kingdom,2023-04-05,Basic,1832.45
7209,James Walker,james.walker7209@shopmail.com,India,2020-08-28,Basic,1017.30
7210,Jack Clark,jack.clark7210@shopmail.com,United States,2023-02-05,Basic,2205.87
7211,Hugo Davis,hugo.davis7211@shopmail.com,Singapore,2020-12-01,Basic,2044.94
7212,Mia Taylor,mia.taylor7212@shopmail.com,Australia,2023-10-16,Basic,212.54
7213,Harper Costa,harper.costa7213@shopmail.com,Singapore,2024-07-17,Basic,3354.01
7214,Sofia Dubois,sofia.dubois7214@shopmail.com,Ireland,2024-08-01,Basic,3408.77
7215,Noah Costa,noah.costa7215@shopmail.com,Singapore,2020-06-30,Basic,203.54
7216,Yuki Davis,yuki.davis7216@shopmail.com,United Kingdom,2025-11-04,Basic,2890.45
7217,Amelia Martin,amelia.martin7217@shopmail.com,United Kingdom,2021-06-20,Basic,4056.44
7218,Grace Chen,grace.chen7218@shopmail.com,Australia,2021-02-15,Basic,3911.63
7219,Isla Hall,isla.hall7219@shopmail.com,United Kingdom,2020-01-02,Basic,3678.82
7220,Olivia Thomas,olivia.thomas7220@shopmail.com,India,2023-10-19,Basic,3769.94
7221,Ruby Moore,ruby.moore7221@shopmail.com,Ireland,2025-10-25,Basic,55.50
7222,Olivia Jones,olivia.jones7222@shopmail.com,Australia,2023-04-20,Basic,3891.10
7223,Henry Miller,henry.miller7223@shopmail.com,United States,2021-01-14,Basic,4373.86
7224,Arjun Brown,arjun.brown7224@shopmail.com,United Kingdom,2021-01-06,Basic,2869.14
7225,Eva Costa,eva.costa7225@shopmail.com,Ireland,2026-06-27,Basic,556.49
7226,Jack Nguyen,jack.nguyen7226@shopmail.com,Australia,2023-12-30,Basic,1613.01
7227,Nina Miller,nina.miller7227@shopmail.com,Singapore,2022-06-30,Basic,3999.91
7228,Nina Singh,nina.singh7228@shopmail.com,United States,2024-11-29,Basic,391.12
7229,Leo Cohen,leo.cohen7229@shopmail.com,Australia,2025-06-01,Basic,37.38
7230,James Walker,james.walker7230@shopmail.com,India,2021-08-27,Basic,2867.74
7231,Amelia Thomas,amelia.thomas7231@shopmail.com,Ireland,2026-04-06,Basic,4354.43
7232,Mateo Johnson,mateo.johnson7232@shopmail.com,United States,2021-02-19,Basic,2880.78
7233,Ava Anderson,ava.anderson7233@shopmail.com,India,2022-06-20,Basic,996.17
7234,Elijah Jones,elijah.jones7234@shopmail.com,Ireland,2022-03-08,Basic,1341.35
7235,Sofia Thomas,sofia.thomas7235@shopmail.com,Australia,2020-06-21,Basic,2700.18
7236,Aarav Williams,aarav.williams7236@shopmail.com,Singapore,2020-08-01,Basic,4529.61
7237,Amelia Murphy,amelia.murphy7237@shopmail.com,Singapore,2020-10-26,Basic,4491.04
7238,Ruby Cohen,ruby.cohen7238@shopmail.com,United Kingdom,2025-11-08,Basic,2667.22
7239,Charlotte Anderson,charlotte.anderson7239@shopmail.com,Canada,2025-01-12,Basic,1223.46
7240,James Kim,james.kim7240@shopmail.com,United Kingdom,2021-03-11,Basic,327.81
7241,Mia Singh,mia.singh7241@shopmail.com,Ireland,2021-06-21,Basic,3459.91
7242,Ethan Brown,ethan.brown7242@shopmail.com,United Kingdom,2024-02-26,Basic,4527.32
7243,Leo Hall,leo.hall7243@shopmail.com,United States,2021-01-17,Basic,806.49
7244,Sophia Dubois,sophia.dubois7244@shopmail.com,United Kingdom,2020-07-15,Basic,3991.02
7245,Noah Andersen,noah.andersen7245@shopmail.com,Australia,2021-05-12,Basic,3202.68
7246,Elijah Lee,elijah.lee7246@shopmail.com,Singapore,2022-06-26,Basic,939.20
7247,Mia Hall,mia.hall7247@shopmail.com,United Kingdom,2026-07-18,Basic,4199.12
7248,Isla Cohen,isla.cohen7248@shopmail.com,India,2021-07-09,Basic,285.92
7249,Isabella Lee,isabella.lee7249@shopmail.com,Australia,2023-03-11,Basic,3916.77
7250,Chen Kowalski,chen.kowalski7250@shopmail.com,United States,2025-08-30,Basic,3365.35
7251,Oliver Johnson,oliver.johnson7251@shopmail.com,India,2024-05-03,Basic,3039.68
7252,Nina Chen,nina.chen7252@shopmail.com,United States,2020-07-17,Basic,4641.06
7253,Sofia Johnson,sofia.johnson7253@shopmail.com,United Kingdom,2021-10-30,Basic,427.46
7254,Isabella Brown,isabella.brown7254@shopmail.com,Australia,2024-09-25,Basic,28.25
7255,Sophia Chen,sophia.chen7255@shopmail.com,Ireland,2023-01-27,Basic,3724.68
7256,Arjun Smith,arjun.smith7256@shopmail.com,New Zealand,2022-11-10,Basic,3586.33
7257,Grace Williams,grace.williams7257@shopmail.com,United States,2020-11-04,Basic,3320.60
7258,Oscar Miller,oscar.miller7258@shopmail.com,New Zealand,2020-06-05,Basic,3861.32
7259,Arjun Harris,arjun.harris7259@shopmail.com,New Zealand,2024-10-06,Basic,2706.83
7260,Aarav Lewis,aarav.lewis7260@shopmail.com,India,2023-12-14,Basic,143.22
7261,Jack Smith,jack.smith7261@shopmail.com,India,2023-09-23,Basic,3977.44
7262,Isla Williams,isla.williams7262@shopmail.com,United Kingdom,2021-06-23,Basic,3323.09
7263,Henry Clark,henry.clark7263@shopmail.com,United Kingdom,2024-06-19,Basic,2074.55
7264,Arjun Lee,arjun.lee7264@shopmail.com,Singapore,2026-02-15,Basic,4389.85
7265,Sofia Costa,sofia.costa7265@shopmail.com,Singapore,2020-06-15,Basic,2338.14
7266,Isabella Lewis,isabella.lewis7266@shopmail.com,Australia,2023-06-03,Basic,686.76
7267,Samuel Johnson,samuel.johnson7267@shopmail.com,New Zealand,2024-01-10,Basic,2180.64
7268,Chloe Kowalski,chloe.kowalski7268@shopmail.com,Australia,2023-07-19,Basic,4070.27
7269,Maya Young,maya.young7269@shopmail.com,United States,2024-07-21,Basic,3613.20
7270,Eva Garcia,eva.garcia7270@shopmail.com,India,2023-11-15,Basic,937.21
7271,Oliver Chen,oliver.chen7271@shopmail.com,New Zealand,2025-07-22,Basic,667.12
7272,Jack Davis,jack.davis7272@shopmail.com,United States,2023-04-17,Basic,3227.02
7273,Charlotte Nakamura,charlotte.nakamura7273@shopmail.com,United Kingdom,2026-07-13,Basic,4351.86
7274,Elijah Kim,elijah.kim7274@shopmail.com,Australia,2024-12-31,Basic,4595.11
7275,Ava Davis,ava.davis7275@shopmail.com,Ireland,2024-05-17,Basic,1857.34
7276,Maya Chen,maya.chen7276@shopmail.com,United Kingdom,2020-02-02,Basic,3686.37
7277,Yuki Nakamura,yuki.nakamura7277@shopmail.com,Australia,2023-01-11,Basic,3877.99
7278,Jack Dubois,jack.dubois7278@shopmail.com,India,2024-08-18,Basic,2318.96
7279,Liam Davis,liam.davis7279@shopmail.com,United Kingdom,2024-02-22,Basic,1816.70
7280,Oscar Cohen,oscar.cohen7280@shopmail.com,Singapore,2023-04-24,Basic,215.07
7281,Noah Nguyen,noah.nguyen7281@shopmail.com,United States,2021-06-25,Basic,990.15
7282,Isabella Hall,isabella.hall7282@shopmail.com,Australia,2023-01-25,Basic,860.69
7283,Mason Allen,mason.allen7283@shopmail.com,Australia,2023-10-31,Basic,3973.46
7284,Charlotte Williams,charlotte.williams7284@shopmail.com,Australia,2025-11-04,Basic,1540.94
7285,Kai Walker,kai.walker7285@shopmail.com,India,2024-05-18,Basic,4217.14
7286,Chloe Taylor,chloe.taylor7286@shopmail.com,Australia,2024-01-22,Basic,4587.79
7287,Emma Allen,emma.allen7287@shopmail.com,Ireland,2021-09-07,Basic,39.62
7288,Mateo Lee,mateo.lee7288@shopmail.com,United Kingdom,2022-03-26,Basic,3684.20
7289,Mason Davis,mason.davis7289@shopmail.com,United States,2023-01-19,Basic,1783.04
7290,Grace Johnson,grace.johnson7290@shopmail.com,United Kingdom,2022-07-30,Basic,1383.14
7291,Isabella Harris,isabella.harris7291@shopmail.com,Australia,2021-06-03,Basic,3482.89
7292,Sophia Smith,sophia.smith7292@shopmail.com,India,2020-12-14,Basic,4239.32
7293,Hugo Lewis,hugo.lewis7293@shopmail.com,New Zealand,2022-07-15,Basic,3482.58
7294,Zara Jones,zara.jones7294@shopmail.com,New Zealand,2020-05-06,Basic,3875.74
7295,Maya Cohen,maya.cohen7295@shopmail.com,United States,2022-06-30,Basic,1273.15
7296,Mason Rossi,mason.rossi7296@shopmail.com,United States,2026-02-06,Basic,725.43
7297,Yuki Williams,yuki.williams7297@shopmail.com,Ireland,2021-08-31,Basic,464.01
7298,Sophia Kowalski,sophia.kowalski7298@shopmail.com,United States,2021-08-26,Basic,1094.81
7299,Amelia Cohen,amelia.cohen7299@shopmail.com,India,2026-05-06,Basic,4154.37
7300,Kai Garcia,kai.garcia7300@shopmail.com,United States,2021-03-22,Basic,3135.09
7301,Liam Costa,liam.costa7301@shopmail.com,United Kingdom,2021-09-08,Basic,4135.27
7302,Lucas Singh,lucas.singh7302@shopmail.com,United Kingdom,2025-03-12,Basic,2492.73
7303,Samuel Kowalski,samuel.kowalski7303@shopmail.com,Ireland,2022-06-08,Basic,3260.56
7304,Mateo Khan,mateo.khan7304@shopmail.com,United States,2025-01-23,Basic,4667.54
7305,Sofia Wilson,sofia.wilson7305@shopmail.com,United Kingdom,2022-05-23,Basic,3682.77
7306,Yuki Khan,yuki.khan7306@shopmail.com,United States,2025-12-23,Basic,689.79
7307,Oscar Anderson,oscar.anderson7307@shopmail.com,United Kingdom,2023-06-27,Basic,1418.05
7308,Mia Wilson,mia.wilson7308@shopmail.com,Singapore,2023-08-11,Basic,972.48
7309,Sophia Jones,sophia.jones7309@shopmail.com,United States,2025-11-26,Basic,3261.90
7310,Mia Dubois,mia.dubois7310@shopmail.com,Australia,2023-09-18,Basic,221.10
7311,Harper Clark,harper.clark7311@shopmail.com,United Kingdom,2024-02-06,Basic,1105.93
7312,Kai Taylor,kai.taylor7312@shopmail.com,United States,2025-04-16,Basic,762.42
7313,Aarav Silva,aarav.silva7313@shopmail.com,United Kingdom,2025-04-20,Basic,2088.71
7314,Charlotte Williams,charlotte.williams7314@shopmail.com,United States,2021-06-10,Basic,2593.61
7315,Oscar Walker,oscar.walker7315@shopmail.com,United Kingdom,2025-08-12,Basic,2144.38
7316,Elijah Brown,elijah.brown7316@shopmail.com,Singapore,2025-04-19,Basic,1504.35
7317,Noah Martin,noah.martin7317@shopmail.com,Canada,2024-05-16,Basic,2666.14
7318,Eva Moore,eva.moore7318@shopmail.com,Australia,2024-03-01,Basic,3730.25
7319,Elijah Chen,elijah.chen7319@shopmail.com,Australia,2021-01-25,Basic,3152.00
7320,Liam Murphy,liam.murphy7320@shopmail.com,New Zealand,2020-12-02,Basic,1233.24
7321,Aarav Lee,aarav.lee7321@shopmail.com,Australia,2021-05-13,Basic,73.08
7322,Charlotte Garcia,charlotte.garcia7322@shopmail.com,New Zealand,2023-03-18,Basic,1706.27
7323,Hugo Kim,hugo.kim7323@shopmail.com,New Zealand,2023-12-14,Basic,3397.57
7324,Yuki Lewis,yuki.lewis7324@shopmail.com,Australia,2022-05-24,Basic,331.81
7325,Samuel Murphy,samuel.murphy7325@shopmail.com,Australia,2021-05-16,Basic,3280.92
7326,Mateo Lee,mateo.lee7326@shopmail.com,Australia,2022-09-22,Basic,4258.39
7327,Hugo Silva,hugo.silva7327@shopmail.com,Australia,2024-11-05,Basic,4041.60
7328,Henry Johnson,henry.johnson7328@shopmail.com,Australia,2020-04-13,Basic,3600.03
7329,Amelia Walker,amelia.walker7329@shopmail.com,Australia,2023-04-21,Basic,1447.33
7330,Eva Cohen,eva.cohen7330@shopmail.com,United Kingdom,2026-02-01,Basic,3364.88
7331,Arjun Singh,arjun.singh7331@shopmail.com,Singapore,2020-10-08,Basic,3521.58
7332,Kai Khan,kai.khan7332@shopmail.com,Australia,2025-05-04,Basic,2456.33
7333,Emma Wilson,emma.wilson7333@shopmail.com,Australia,2024-02-09,Basic,2748.90
7334,Isabella Cohen,isabella.cohen7334@shopmail.com,India,2022-11-11,Basic,1043.28
7335,Leo Lee,leo.lee7335@shopmail.com,United States,2021-06-06,Basic,2357.01
7336,Wei Williams,wei.williams7336@shopmail.com,Australia,2022-05-28,Basic,564.12
7337,Lucas Taylor,lucas.taylor7337@shopmail.com,Australia,2023-08-09,Basic,1267.39
7338,Liam Silva,liam.silva7338@shopmail.com,Australia,2023-04-02,Basic,2162.25
7339,Sophia Walker,sophia.walker7339@shopmail.com,Canada,2025-11-21,Basic,1048.05
7340,Jack Dubois,jack.dubois7340@shopmail.com,United States,2023-06-22,Basic,2207.19
7341,Oscar Clark,oscar.clark7341@shopmail.com,Australia,2025-02-23,Basic,86.39
7342,Jack Kim,jack.kim7342@shopmail.com,United Kingdom,2023-12-17,Basic,1930.64
7343,James Silva,james.silva7343@shopmail.com,United Kingdom,2021-07-24,Basic,777.86
7344,Arjun Anderson,arjun.anderson7344@shopmail.com,Australia,2022-01-11,Basic,3779.73
7345,Maya Wilson,maya.wilson7345@shopmail.com,Australia,2026-07-07,Basic,3979.17
7346,Amelia Khan,amelia.khan7346@shopmail.com,United Kingdom,2026-01-09,Basic,792.16
7347,Arjun Clark,arjun.clark7347@shopmail.com,Ireland,2024-12-08,Basic,641.58
7348,Aarav Martin,aarav.martin7348@shopmail.com,India,2022-04-23,Basic,948.29
7349,James Walker,james.walker7349@shopmail.com,Canada,2024-01-15,Basic,3090.47
7350,Leo Costa,leo.costa7350@shopmail.com,Australia,2020-05-30,Basic,4320.64
7351,Jack Chen,jack.chen7351@shopmail.com,Australia,2023-01-23,Basic,2606.79
7352,Ethan Miller,ethan.miller7352@shopmail.com,Australia,2022-04-08,Basic,1211.40
7353,Aarav Martin,aarav.martin7353@shopmail.com,United Kingdom,2025-11-04,Basic,3894.59
7354,Zara Dubois,zara.dubois7354@shopmail.com,Australia,2021-04-05,Basic,4639.62
7355,Yuki Kowalski,yuki.kowalski7355@shopmail.com,United Kingdom,2021-02-05,Basic,739.30
7356,Aarav Taylor,aarav.taylor7356@shopmail.com,Australia,2020-04-29,Basic,4190.01
7357,Harper Rossi,harper.rossi7357@shopmail.com,United States,2020-12-27,Basic,2274.43
7358,Olivia Walker,olivia.walker7358@shopmail.com,United States,2022-07-12,Basic,3788.57
7359,Aarav Nakamura,aarav.nakamura7359@shopmail.com,Australia,2020-12-06,Basic,3308.63
7360,Chen Patel,chen.patel7360@shopmail.com,United Kingdom,2026-03-12,Basic,3871.15
7361,Mateo Costa,mateo.costa7361@shopmail.com,New Zealand,2021-11-14,Basic,351.61
7362,Harper Cohen,harper.cohen7362@shopmail.com,India,2022-03-19,Basic,4422.70
7363,Amelia Singh,amelia.singh7363@shopmail.com,Australia,2024-06-01,Basic,1614.98
7364,Oscar Taylor,oscar.taylor7364@shopmail.com,United States,2024-06-25,Basic,2213.84
7365,Kai Cohen,kai.cohen7365@shopmail.com,United States,2025-06-22,Basic,1757.31
7366,Amelia Nguyen,amelia.nguyen7366@shopmail.com,Ireland,2026-04-08,Basic,2040.70
7367,Amelia Walker,amelia.walker7367@shopmail.com,Australia,2025-06-11,Basic,1232.83
7368,Eva Jones,eva.jones7368@shopmail.com,India,2023-11-18,Basic,1056.28
7369,Arjun Johnson,arjun.johnson7369@shopmail.com,United States,2026-02-07,Basic,3837.35
7370,Mia Kowalski,mia.kowalski7370@shopmail.com,Ireland,2025-07-05,Basic,4103.83
7371,Mason Moore,mason.moore7371@shopmail.com,India,2020-02-23,Basic,3261.97
7372,Oscar Chen,oscar.chen7372@shopmail.com,Australia,2024-01-28,Basic,4156.26
7373,Liam Miller,liam.miller7373@shopmail.com,Australia,2020-12-01,Basic,1074.93
7374,Oliver Allen,oliver.allen7374@shopmail.com,New Zealand,2025-11-23,Basic,4641.68
7375,Yuki Young,yuki.young7375@shopmail.com,Australia,2022-03-25,Basic,1980.95
7376,Aarav Cohen,aarav.cohen7376@shopmail.com,India,2021-10-02,Basic,3639.08
7377,Aarav Smith,aarav.smith7377@shopmail.com,Australia,2020-01-11,Basic,4147.23
7378,Kai Chen,kai.chen7378@shopmail.com,Australia,2024-04-23,Basic,3731.22
7379,Aarav Rossi,aarav.rossi7379@shopmail.com,Canada,2020-03-16,Basic,1496.96
7380,Eva Costa,eva.costa7380@shopmail.com,Australia,2023-11-04,Basic,4709.96
7381,Ruby Lee,ruby.lee7381@shopmail.com,United States,2020-04-19,Basic,1830.82
7382,Samuel Costa,samuel.costa7382@shopmail.com,United Kingdom,2025-03-06,Basic,3198.27
7383,Charlotte Silva,charlotte.silva7383@shopmail.com,Australia,2020-05-29,Basic,2803.36
7384,Jack Davis,jack.davis7384@shopmail.com,Australia,2022-01-12,Basic,3656.04
7385,Henry Taylor,henry.taylor7385@shopmail.com,United Kingdom,2023-06-05,Basic,1073.86
7386,Mia Brown,mia.brown7386@shopmail.com,United Kingdom,2025-09-15,Basic,3832.51
7387,Nina Costa,nina.costa7387@shopmail.com,United States,2021-10-10,Basic,4299.86
7388,Mateo Murphy,mateo.murphy7388@shopmail.com,Australia,2024-01-31,Basic,1737.18
7389,Chloe Moore,chloe.moore7389@shopmail.com,Australia,2025-06-25,Basic,2241.14
7390,Sophia Davis,sophia.davis7390@shopmail.com,Singapore,2023-10-06,Basic,1479.62
7391,Samuel Miller,samuel.miller7391@shopmail.com,United States,2025-08-06,Basic,986.89
7392,Mia Singh,mia.singh7392@shopmail.com,Australia,2026-07-29,Basic,2035.25
7393,Chen Singh,chen.singh7393@shopmail.com,United States,2026-03-10,Basic,3301.73
7394,Arjun Singh,arjun.singh7394@shopmail.com,Ireland,2020-09-14,Basic,167.68
7395,Kai Allen,kai.allen7395@shopmail.com,Singapore,2025-04-26,Basic,962.24
7396,Sofia Khan,sofia.khan7396@shopmail.com,United Kingdom,2025-05-15,Basic,4137.56
7397,Hugo Young,hugo.young7397@shopmail.com,Australia,2022-03-07,Basic,4765.73
7398,Grace Lewis,grace.lewis7398@shopmail.com,New Zealand,2025-07-25,Basic,245.09
7399,Charlotte Moore,charlotte.moore7399@shopmail.com,Australia,2025-06-30,Basic,1898.94
7400,Oscar Kowalski,oscar.kowalski7400@shopmail.com,Ireland,2023-12-07,Basic,2853.73
7401,Aarav Allen,aarav.allen7401@shopmail.com,United States,2024-12-25,Basic,3147.95
7402,Charlotte Kim,charlotte.kim7402@shopmail.com,India,2022-11-28,Basic,3932.47
7403,Aarav Silva,aarav.silva7403@shopmail.com,Canada,2020-11-16,Basic,1674.58
7404,Harper Lewis,harper.lewis7404@shopmail.com,United States,2022-11-01,Basic,4144.96
7405,Liam Wilson,liam.wilson7405@shopmail.com,New Zealand,2020-04-06,Basic,3718.33
7406,Harper Silva,harper.silva7406@shopmail.com,United States,2021-11-25,Basic,2882.48
7407,James Dubois,james.dubois7407@shopmail.com,Canada,2023-01-22,Basic,3260.29
7408,Kai Chen,kai.chen7408@shopmail.com,United Kingdom,2022-07-18,Basic,3080.08
7409,Aarav Allen,aarav.allen7409@shopmail.com,Australia,2022-08-28,Basic,2116.45
7410,Sofia Lewis,sofia.lewis7410@shopmail.com,United States,2020-05-13,Basic,3709.69
7411,Ruby Nakamura,ruby.nakamura7411@shopmail.com,Australia,2024-03-14,Basic,1101.95
7412,Amelia Moore,amelia.moore7412@shopmail.com,Canada,2025-12-25,Basic,1784.99
7413,Jack Moore,jack.moore7413@shopmail.com,Australia,2021-05-10,Basic,1188.84
7414,Eva Kim,eva.kim7414@shopmail.com,New Zealand,2025-11-19,Basic,205.92
7415,Zara Johnson,zara.johnson7415@shopmail.com,United States,2022-06-25,Basic,2201.27
7416,Emma Lewis,emma.lewis7416@shopmail.com,Australia,2023-12-11,Basic,6.28
7417,Charlotte Martin,charlotte.martin7417@shopmail.com,Australia,2022-11-20,Basic,4024.47
7418,Priya Miller,priya.miller7418@shopmail.com,Australia,2021-08-01,Basic,1956.53
7419,Kai Lee,kai.lee7419@shopmail.com,United States,2025-01-25,Basic,3031.87
7420,Leo Martin,leo.martin7420@shopmail.com,Australia,2023-04-08,Basic,4437.72
7421,Henry Lewis,henry.lewis7421@shopmail.com,Singapore,2024-10-15,Basic,1279.09
7422,Jack Kowalski,jack.kowalski7422@shopmail.com,Canada,2020-06-01,Basic,1188.67
7423,Elijah Cohen,elijah.cohen7423@shopmail.com,Australia,2026-05-25,Basic,2972.79
7424,Aarav Davis,aarav.davis7424@shopmail.com,United Kingdom,2021-08-23,Basic,3756.29
7425,Nina Young,nina.young7425@shopmail.com,Australia,2020-08-06,Basic,4210.20
7426,Olivia Taylor,olivia.taylor7426@shopmail.com,Singapore,2025-06-26,Basic,2093.81
7427,Ruby Andersen,ruby.andersen7427@shopmail.com,Australia,2023-09-05,Basic,551.93
7428,Yuki Nakamura,yuki.nakamura7428@shopmail.com,New Zealand,2025-03-05,Basic,2283.73
7429,Ruby Moore,ruby.moore7429@shopmail.com,United States,2022-03-15,Basic,4780.06
7430,Olivia Kowalski,olivia.kowalski7430@shopmail.com,Australia,2022-12-15,Basic,1207.73
7431,Priya Silva,priya.silva7431@shopmail.com,Singapore,2024-02-29,Basic,1294.04
7432,Ruby Nakamura,ruby.nakamura7432@shopmail.com,India,2022-05-11,Basic,4104.06
7433,Olivia Patel,olivia.patel7433@shopmail.com,Singapore,2022-01-21,Basic,1967.49
7434,Mia Rossi,mia.rossi7434@shopmail.com,Australia,2024-07-10,Basic,4131.44
7435,Ruby Allen,ruby.allen7435@shopmail.com,United Kingdom,2025-04-10,Basic,290.22
7436,Ava Andersen,ava.andersen7436@shopmail.com,Singapore,2021-05-05,Basic,4518.91
7437,Eva Taylor,eva.taylor7437@shopmail.com,Australia,2024-06-22,Basic,4427.71
7438,Amelia Costa,amelia.costa7438@shopmail.com,Australia,2021-06-05,Basic,900.50
7439,Henry Clark,henry.clark7439@shopmail.com,United Kingdom,2026-08-06,Basic,2500.40
7440,Yuki Miller,yuki.miller7440@shopmail.com,Canada,2022-04-28,Basic,4364.29
7441,Harper Cohen,harper.cohen7441@shopmail.com,United Kingdom,2025-08-12,Basic,2140.29
7442,Chen Khan,chen.khan7442@shopmail.com,Ireland,2020-02-17,Basic,2348.54
7443,Noah Williams,noah.williams7443@shopmail.com,Singapore,2024-07-14,Basic,4056.11
7444,Mateo Davis,mateo.davis7444@shopmail.com,Australia,2024-10-16,Basic,1283.18
7445,Oscar Williams,oscar.williams7445@shopmail.com,United States,2025-12-01,Basic,983.93
7446,Maya Walker,maya.walker7446@shopmail.com,United States,2025-12-14,Basic,3507.61
7447,Isla Moore,isla.moore7447@shopmail.com,Ireland,2020-02-13,Basic,1094.39
7448,Kai Patel,kai.patel7448@shopmail.com,United States,2022-05-22,Basic,2077.73
7449,Chen Young,chen.young7449@shopmail.com,Canada,2020-01-30,Basic,4166.29
7450,Aarav Wilson,aarav.wilson7450@shopmail.com,United States,2022-01-26,Basic,2467.55
7451,Samuel Smith,samuel.smith7451@shopmail.com,Australia,2021-04-27,Basic,4160.98
7452,Arjun Khan,arjun.khan7452@shopmail.com,Australia,2024-05-16,Basic,3857.23
7453,Aarav Harris,aarav.harris7453@shopmail.com,Canada,2020-12-04,Basic,2054.51
7454,Kai Hall,kai.hall7454@shopmail.com,Canada,2025-08-20,Basic,3977.42
7455,Aarav Lewis,aarav.lewis7455@shopmail.com,Australia,2026-03-06,Basic,2697.45
7456,Nina Hall,nina.hall7456@shopmail.com,Canada,2026-08-03,Basic,1034.94
7457,Mason Taylor,mason.taylor7457@shopmail.com,Singapore,2020-05-17,Basic,2213.60
7458,Mateo Kowalski,mateo.kowalski7458@shopmail.com,Australia,2023-11-02,Basic,741.67
7459,Samuel Brown,samuel.brown7459@shopmail.com,Australia,2024-01-21,Basic,762.98
7460,Liam Wilson,liam.wilson7460@shopmail.com,India,2024-07-05,Basic,1829.27
7461,Ethan Johnson,ethan.johnson7461@shopmail.com,India,2021-11-07,Basic,4369.22
7462,Sofia Chen,sofia.chen7462@shopmail.com,United Kingdom,2022-12-20,Basic,4651.46
7463,Harper Johnson,harper.johnson7463@shopmail.com,United States,2021-04-25,Basic,3855.58
7464,Zara Brown,zara.brown7464@shopmail.com,Ireland,2022-01-07,Basic,3276.56
7465,Amelia Thomas,amelia.thomas7465@shopmail.com,Australia,2021-04-26,Basic,700.65
7466,Eva Patel,eva.patel7466@shopmail.com,Australia,2021-01-17,Basic,2680.45
7467,Priya Smith,priya.smith7467@shopmail.com,Australia,2023-04-11,Basic,614.51
7468,Ava Andersen,ava.andersen7468@shopmail.com,Australia,2020-06-08,Basic,3638.70
7469,Charlotte Nakamura,charlotte.nakamura7469@shopmail.com,Australia,2020-08-15,Basic,1444.59
7470,Sophia Williams,sophia.williams7470@shopmail.com,India,2022-08-30,Basic,4368.23
7471,Emma Patel,emma.patel7471@shopmail.com,New Zealand,2025-12-13,Basic,1381.85
7472,Chloe Martin,chloe.martin7472@shopmail.com,United States,2024-01-10,Basic,2128.63
7473,Oscar Silva,oscar.silva7473@shopmail.com,Australia,2026-07-31,Basic,3894.47
7474,Isabella Lewis,isabella.lewis7474@shopmail.com,Canada,2023-09-11,Basic,3062.81
7475,Priya Harris,priya.harris7475@shopmail.com,United States,2021-03-05,Basic,1798.79
7476,Ava Andersen,ava.andersen7476@shopmail.com,Australia,2025-06-13,Basic,697.63
7477,Mason Khan,mason.khan7477@shopmail.com,Australia,2024-11-23,Basic,4472.63
7478,Elijah Patel,elijah.patel7478@shopmail.com,Australia,2025-08-28,Basic,1647.82
7479,Mateo Nguyen,mateo.nguyen7479@shopmail.com,Singapore,2025-03-27,Basic,3290.69
7480,Kai Nakamura,kai.nakamura7480@shopmail.com,Singapore,2020-11-20,Basic,1615.41
7481,Chen Williams,chen.williams7481@shopmail.com,Australia,2020-08-07,Basic,4496.93
7482,Sophia Costa,sophia.costa7482@shopmail.com,United Kingdom,2023-09-06,Basic,4055.84
7483,Aarav Khan,aarav.khan7483@shopmail.com,United States,2024-05-06,Basic,495.91
7484,Chen Smith,chen.smith7484@shopmail.com,Canada,2023-04-19,Basic,2459.99
7485,Wei Davis,wei.davis7485@shopmail.com,Canada,2023-08-25,Basic,3538.05
7486,Isla Costa,isla.costa7486@shopmail.com,Australia,2022-11-11,Basic,1382.91
7487,Wei Williams,wei.williams7487@shopmail.com,Australia,2023-09-23,Basic,128.46
7488,Grace Nguyen,grace.nguyen7488@shopmail.com,United Kingdom,2023-12-14,Basic,2886.41
7489,Amelia Nguyen,amelia.nguyen7489@shopmail.com,United Kingdom,2025-09-13,Basic,2451.74
7490,Emma Khan,emma.khan7490@shopmail.com,Ireland,2021-07-03,Basic,3187.43
7491,Chloe Silva,chloe.silva7491@shopmail.com,Ireland,2023-09-12,Basic,1440.12
7492,Chloe Cohen,chloe.cohen7492@shopmail.com,United States,2023-01-17,Basic,1786.10
7493,Mia Nguyen,mia.nguyen7493@shopmail.com,New Zealand,2021-04-26,Basic,605.72
7494,Isla Silva,isla.silva7494@shopmail.com,Australia,2023-03-27,Basic,3535.97
7495,Harper Murphy,harper.murphy7495@shopmail.com,India,2025-04-08,Basic,2955.34
7496,Olivia Cohen,olivia.cohen7496@shopmail.com,Australia,2023-03-13,Basic,4196.00
7497,Mateo Young,mateo.young7497@shopmail.com,United States,2023-06-25,Basic,2732.12
7498,Grace Rossi,grace.rossi7498@shopmail.com,New Zealand,2021-03-08,Basic,2094.61
7499,Elijah Moore,elijah.moore7499@shopmail.com,Singapore,2026-04-27,Basic,1636.41
7500,Grace Cohen,grace.cohen7500@shopmail.com,Australia,2021-09-22,Basic,1583.48
7501,Hugo Lee,hugo.lee7501@shopmail.com,United Kingdom,2020-05-02,Basic,4464.62
7502,Chloe Kowalski,chloe.kowalski7502@shopmail.com,United States,2022-12-15,Basic,2995.51
7503,Olivia Kim,olivia.kim7503@shopmail.com,New Zealand,2021-05-22,Basic,3754.74
7504,Isabella Cohen,isabella.cohen7504@shopmail.com,Australia,2025-05-31,Basic,1907.04
7505,Mason Jones,mason.jones7505@shopmail.com,New Zealand,2024-02-15,Basic,4552.49
7506,Mason Lewis,mason.lewis7506@shopmail.com,Australia,2025-07-26,Basic,4350.73
7507,Emma Brown,emma.brown7507@shopmail.com,United Kingdom,2023-03-04,Basic,4609.83
7508,Chen Dubois,chen.dubois7508@shopmail.com,Australia,2023-04-01,Basic,1695.32
7509,Samuel Allen,samuel.allen7509@shopmail.com,United Kingdom,2024-11-17,Basic,3846.82
7510,Sophia Kowalski,sophia.kowalski7510@shopmail.com,United States,2022-05-29,Basic,976.98
7511,Ruby Singh,ruby.singh7511@shopmail.com,United Kingdom,2025-09-15,Basic,259.05
7512,Samuel Patel,samuel.patel7512@shopmail.com,Ireland,2020-02-01,Basic,1447.31
7513,Hugo Garcia,hugo.garcia7513@shopmail.com,Australia,2025-08-21,Basic,2003.40
7514,Emma Young,emma.young7514@shopmail.com,Australia,2020-11-21,Basic,2273.52
7515,Mateo Allen,mateo.allen7515@shopmail.com,Singapore,2025-04-15,Basic,2683.95
7516,Lucas Garcia,lucas.garcia7516@shopmail.com,Singapore,2026-06-29,Basic,2192.60
7517,Ethan Lee,ethan.lee7517@shopmail.com,United Kingdom,2026-03-27,Basic,1841.83
7518,Liam Harris,liam.harris7518@shopmail.com,Australia,2024-09-17,Basic,173.02
7519,Nina Nakamura,nina.nakamura7519@shopmail.com,United States,2026-02-15,Basic,1681.25
7520,Olivia Garcia,olivia.garcia7520@shopmail.com,Australia,2024-02-18,Basic,1784.67
7521,Arjun Moore,arjun.moore7521@shopmail.com,India,2020-11-16,Basic,445.61
7522,Mateo Martin,mateo.martin7522@shopmail.com,Australia,2020-06-28,Basic,776.46
7523,Wei Brown,wei.brown7523@shopmail.com,Australia,2022-02-16,Basic,3292.67
7524,Harper Martin,harper.martin7524@shopmail.com,India,2024-11-10,Basic,1166.37
7525,Hugo Williams,hugo.williams7525@shopmail.com,Australia,2020-01-10,Basic,3195.31
7526,Harper Andersen,harper.andersen7526@shopmail.com,United States,2025-01-07,Basic,2490.05
7527,Noah Dubois,noah.dubois7527@shopmail.com,United States,2022-05-15,Basic,2535.42
7528,Wei Silva,wei.silva7528@shopmail.com,United States,2021-02-10,Basic,3612.91
7529,Grace Silva,grace.silva7529@shopmail.com,United Kingdom,2024-07-13,Basic,1192.64
7530,Zara Wilson,zara.wilson7530@shopmail.com,Canada,2020-02-02,Basic,2609.65
7531,Yuki Khan,yuki.khan7531@shopmail.com,Canada,2021-01-14,Basic,890.85
7532,Mia Chen,mia.chen7532@shopmail.com,United Kingdom,2023-04-11,Basic,2307.53
7533,Isabella Singh,isabella.singh7533@shopmail.com,New Zealand,2023-01-30,Basic,4071.49
7534,Aarav Rossi,aarav.rossi7534@shopmail.com,Singapore,2026-04-07,Basic,931.80
7535,Lucas Cohen,lucas.cohen7535@shopmail.com,India,2024-11-13,Basic,1951.03
7536,Chloe Hall,chloe.hall7536@shopmail.com,United States,2021-01-15,Basic,3278.88
7537,Arjun Murphy,arjun.murphy7537@shopmail.com,United States,2023-05-23,Basic,1308.61
7538,Nina Thomas,nina.thomas7538@shopmail.com,New Zealand,2024-05-08,Basic,2527.08
7539,Ava Walker,ava.walker7539@shopmail.com,New Zealand,2024-04-21,Basic,3914.15
7540,Amelia Costa,amelia.costa7540@shopmail.com,India,2023-10-03,Basic,1196.74
7541,Priya Allen,priya.allen7541@shopmail.com,Ireland,2024-11-25,Basic,1936.20
7542,Isabella Moore,isabella.moore7542@shopmail.com,India,2023-02-17,Basic,49.14
7543,Isabella Kim,isabella.kim7543@shopmail.com,Ireland,2026-07-17,Basic,3643.22
7544,Arjun Costa,arjun.costa7544@shopmail.com,Ireland,2024-03-16,Basic,1287.69
7545,Hugo Kim,hugo.kim7545@shopmail.com,United Kingdom,2024-09-09,Basic,3204.83
7546,Kai Jones,kai.jones7546@shopmail.com,Australia,2026-01-11,Basic,873.90
7547,Elijah Costa,elijah.costa7547@shopmail.com,Ireland,2021-08-20,Basic,1166.37
7548,Elijah Lewis,elijah.lewis7548@shopmail.com,United Kingdom,2026-04-13,Basic,2355.10
7549,Mia Brown,mia.brown7549@shopmail.com,Australia,2025-03-30,Basic,997.39
7550,Oscar Dubois,oscar.dubois7550@shopmail.com,Ireland,2023-01-10,Basic,255.52
7551,Charlotte Jones,charlotte.jones7551@shopmail.com,Australia,2025-10-09,Basic,1985.63
7552,Yuki Nakamura,yuki.nakamura7552@shopmail.com,United Kingdom,2025-07-23,Basic,2406.93
7553,Emma Clark,emma.clark7553@shopmail.com,Ireland,2023-09-12,Basic,1573.72
7554,Charlotte Hall,charlotte.hall7554@shopmail.com,Singapore,2025-01-14,Basic,3180.44
7555,Mateo Rossi,mateo.rossi7555@shopmail.com,United States,2024-04-27,Basic,2695.79
7556,James Brown,james.brown7556@shopmail.com,United Kingdom,2023-10-13,Basic,322.10
7557,Elijah Chen,elijah.chen7557@shopmail.com,Singapore,2025-05-15,Basic,3127.96
7558,Aarav Clark,aarav.clark7558@shopmail.com,India,2022-12-17,Basic,1031.21
7559,Grace Lee,grace.lee7559@shopmail.com,Australia,2025-03-27,Basic,174.82
7560,Grace Miller,grace.miller7560@shopmail.com,New Zealand,2024-11-14,Basic,1704.63
7561,Aarav Clark,aarav.clark7561@shopmail.com,Australia,2020-06-22,Basic,294.97
7562,Isabella Garcia,isabella.garcia7562@shopmail.com,Singapore,2025-09-20,Basic,2070.21
7563,Aarav Rossi,aarav.rossi7563@shopmail.com,Canada,2021-02-12,Basic,4154.20
7564,Elijah Brown,elijah.brown7564@shopmail.com,Australia,2023-08-27,Basic,397.55
7565,Nina Garcia,nina.garcia7565@shopmail.com,India,2025-12-01,Basic,1668.49
7566,Olivia Allen,olivia.allen7566@shopmail.com,United Kingdom,2024-03-12,Basic,3011.28
7567,Harper Lee,harper.lee7567@shopmail.com,United Kingdom,2026-02-19,Basic,1533.62
7568,Maya Garcia,maya.garcia7568@shopmail.com,Singapore,2022-12-13,Basic,4746.68
7569,Mia Taylor,mia.taylor7569@shopmail.com,Canada,2026-04-23,Basic,2403.38
7570,Ruby Kowalski,ruby.kowalski7570@shopmail.com,United Kingdom,2022-04-18,Basic,893.60
7571,Oscar Brown,oscar.brown7571@shopmail.com,Ireland,2023-02-17,Basic,618.51
7572,Amelia Dubois,amelia.dubois7572@shopmail.com,Australia,2020-01-07,Basic,1930.62
7573,Isla Jones,isla.jones7573@shopmail.com,Canada,2025-07-04,Basic,207.45
7574,Mateo Anderson,mateo.anderson7574@shopmail.com,Australia,2020-11-29,Basic,2537.98
7575,Sofia Rossi,sofia.rossi7575@shopmail.com,Singapore,2023-04-25,Basic,2785.82
7576,Grace Nguyen,grace.nguyen7576@shopmail.com,India,2020-03-26,Basic,1602.01
7577,Elijah Murphy,elijah.murphy7577@shopmail.com,Australia,2022-01-08,Basic,1686.47
7578,Samuel Kowalski,samuel.kowalski7578@shopmail.com,Australia,2021-04-08,Basic,3848.51
7579,Amelia Hall,amelia.hall7579@shopmail.com,United States,2022-03-04,Basic,214.79
7580,James Murphy,james.murphy7580@shopmail.com,United States,2024-02-09,Basic,592.81
7581,Liam Kowalski,liam.kowalski7581@shopmail.com,Australia,2020-02-14,Basic,2857.62
7582,Isabella Wilson,isabella.wilson7582@shopmail.com,Australia,2024-07-02,Basic,2638.85
7583,Henry Young,henry.young7583@shopmail.com,United Kingdom,2022-04-03,Basic,3950.91
7584,Sophia Young,sophia.young7584@shopmail.com,United States,2022-09-06,Basic,4638.85
7585,Isabella Williams,isabella.williams7585@shopmail.com,New Zealand,2022-10-03,Basic,396.89
7586,Elijah Silva,elijah.silva7586@shopmail.com,New Zealand,2022-10-16,Basic,3839.28
7587,Mia Singh,mia.singh7587@shopmail.com,United Kingdom,2024-08-11,Basic,1686.67
7588,Liam Taylor,liam.taylor7588@shopmail.com,Australia,2022-04-04,Basic,1928.19
7589,Grace Patel,grace.patel7589@shopmail.com,United Kingdom,2025-09-20,Basic,106.42
7590,Isabella Clark,isabella.clark7590@shopmail.com,United States,2023-08-27,Basic,1592.43
7591,Isabella Singh,isabella.singh7591@shopmail.com,United States,2021-07-22,Basic,4292.39
7592,Harper Chen,harper.chen7592@shopmail.com,Singapore,2025-04-21,Basic,3587.47
7593,Isabella Rossi,isabella.rossi7593@shopmail.com,Canada,2023-07-10,Basic,541.13
7594,James Patel,james.patel7594@shopmail.com,Canada,2024-11-23,Basic,2639.32
7595,Liam Kowalski,liam.kowalski7595@shopmail.com,India,2020-01-12,Basic,1532.19
7596,Noah Jones,noah.jones7596@shopmail.com,Australia,2020-12-06,Basic,3349.56
7597,Ava Kim,ava.kim7597@shopmail.com,United States,2022-04-09,Basic,3888.93
7598,Harper Nguyen,harper.nguyen7598@shopmail.com,Ireland,2022-02-07,Basic,2756.88
7599,Ethan Lee,ethan.lee7599@shopmail.com,Australia,2024-02-26,Basic,1308.69
7600,Wei Hall,wei.hall7600@shopmail.com,Australia,2024-09-10,Basic,1588.07
7601,Emma Silva,emma.silva7601@shopmail.com,India,2023-04-30,Basic,904.06
7602,Oliver Nakamura,oliver.nakamura7602@shopmail.com,Australia,2020-05-11,Basic,709.95
7603,Mia Chen,mia.chen7603@shopmail.com,Singapore,2022-12-21,Basic,1978.87
7604,Kai Allen,kai.allen7604@shopmail.com,Singapore,2023-09-17,Basic,3548.23
7605,Nina Johnson,nina.johnson7605@shopmail.com,Australia,2020-05-21,Basic,1462.02
7606,Noah Hall,noah.hall7606@shopmail.com,Canada,2023-06-02,Basic,2612.99
7607,Liam Hall,liam.hall7607@shopmail.com,Australia,2020-07-23,Basic,2912.60
7608,Mason Young,mason.young7608@shopmail.com,United Kingdom,2024-02-04,Basic,3472.34
7609,Ethan Singh,ethan.singh7609@shopmail.com,Australia,2022-09-02,Basic,31.26
7610,Ruby Nguyen,ruby.nguyen7610@shopmail.com,Canada,2023-05-24,Basic,928.84
7611,Emma Smith,emma.smith7611@shopmail.com,India,2026-01-21,Basic,4318.60
7612,Sophia Chen,sophia.chen7612@shopmail.com,Ireland,2022-12-15,Basic,1119.78
7613,Chloe Williams,chloe.williams7613@shopmail.com,Singapore,2021-08-23,Basic,460.28
7614,Henry Smith,henry.smith7614@shopmail.com,Canada,2023-01-09,Basic,2116.01
7615,Sophia Taylor,sophia.taylor7615@shopmail.com,United Kingdom,2021-11-25,Basic,2648.64
7616,Ethan Martin,ethan.martin7616@shopmail.com,Singapore,2026-05-04,Basic,3575.28
7617,Ava Silva,ava.silva7617@shopmail.com,Singapore,2026-01-17,Basic,1795.74
7618,Kai Miller,kai.miller7618@shopmail.com,United States,2024-03-30,Basic,2904.62
7619,Mateo Williams,mateo.williams7619@shopmail.com,United Kingdom,2021-01-21,Basic,2369.19
7620,Harper Costa,harper.costa7620@shopmail.com,Australia,2020-05-05,Basic,3664.67
7621,Noah Brown,noah.brown7621@shopmail.com,Singapore,2023-11-22,Basic,3461.32
7622,Hugo Garcia,hugo.garcia7622@shopmail.com,Ireland,2024-03-30,Basic,2911.56
7623,Arjun Moore,arjun.moore7623@shopmail.com,Australia,2020-10-28,Basic,2343.01
7624,Amelia Kim,amelia.kim7624@shopmail.com,New Zealand,2025-08-08,Basic,134.06
7625,Eva Clark,eva.clark7625@shopmail.com,Canada,2023-05-13,Basic,207.17
7626,Sofia Young,sofia.young7626@shopmail.com,United Kingdom,2021-09-03,Basic,4699.76
7627,Chen Costa,chen.costa7627@shopmail.com,Australia,2024-02-18,Basic,2242.01
7628,Oscar Kim,oscar.kim7628@shopmail.com,United Kingdom,2020-01-28,Basic,2767.44
7629,Jack Taylor,jack.taylor7629@shopmail.com,Australia,2025-04-04,Basic,2582.33
7630,Priya Kowalski,priya.kowalski7630@shopmail.com,Australia,2022-01-16,Basic,2160.80
7631,Hugo Thomas,hugo.thomas7631@shopmail.com,United Kingdom,2020-04-16,Basic,3648.42
7632,Charlotte Jones,charlotte.jones7632@shopmail.com,Australia,2026-04-17,Basic,2093.33
7633,Olivia Davis,olivia.davis7633@shopmail.com,Australia,2022-06-21,Basic,2092.83
7634,James Jones,james.jones7634@shopmail.com,India,2023-02-14,Basic,4052.72
7635,James Dubois,james.dubois7635@shopmail.com,Australia,2025-03-29,Basic,235.00
7636,Mason Wilson,mason.wilson7636@shopmail.com,United States,2024-07-21,Basic,3200.50
7637,Kai Johnson,kai.johnson7637@shopmail.com,United Kingdom,2025-11-15,Basic,2216.79
7638,Oscar Cohen,oscar.cohen7638@shopmail.com,Ireland,2020-07-22,Basic,406.21
7639,Hugo Rossi,hugo.rossi7639@shopmail.com,Australia,2024-04-28,Basic,2431.30
7640,Oliver Miller,oliver.miller7640@shopmail.com,India,2023-10-07,Basic,2048.65
7641,Eva Chen,eva.chen7641@shopmail.com,New Zealand,2024-11-12,Basic,135.22
7642,Oscar Silva,oscar.silva7642@shopmail.com,Australia,2023-07-26,Basic,4616.42
7643,Mateo Kim,mateo.kim7643@shopmail.com,Canada,2026-04-24,Basic,3292.06
7644,Hugo Thomas,hugo.thomas7644@shopmail.com,Australia,2020-05-31,Basic,1699.69
7645,Sophia Martin,sophia.martin7645@shopmail.com,United Kingdom,2024-07-01,Basic,1152.76
7646,Nina Rossi,nina.rossi7646@shopmail.com,Ireland,2023-03-02,Basic,3506.91
7647,Samuel Taylor,samuel.taylor7647@shopmail.com,United Kingdom,2020-07-02,Basic,233.80
7648,Sofia Miller,sofia.miller7648@shopmail.com,United Kingdom,2025-03-27,Basic,3585.64
7649,Kai Singh,kai.singh7649@shopmail.com,Singapore,2025-04-20,Basic,907.86
7650,Maya Davis,maya.davis7650@shopmail.com,United States,2021-06-19,Basic,3507.95
7651,Oscar Cohen,oscar.cohen7651@shopmail.com,New Zealand,2025-09-18,Basic,2156.52
7652,Wei Cohen,wei.cohen7652@shopmail.com,United States,2022-09-04,Basic,1794.32
7653,Samuel Allen,samuel.allen7653@shopmail.com,Singapore,2026-03-03,Basic,1473.10
7654,Maya Harris,maya.harris7654@shopmail.com,United Kingdom,2024-05-02,Basic,2901.17
7655,Hugo Murphy,hugo.murphy7655@shopmail.com,Ireland,2021-05-23,Basic,851.73
7656,Isabella Williams,isabella.williams7656@shopmail.com,Australia,2022-03-30,Basic,295.59
7657,Charlotte Clark,charlotte.clark7657@shopmail.com,United Kingdom,2026-06-25,Basic,590.83
7658,Charlotte Cohen,charlotte.cohen7658@shopmail.com,Australia,2026-06-22,Basic,427.42
7659,Grace Costa,grace.costa7659@shopmail.com,Australia,2022-05-13,Basic,1773.89
7660,Liam Martin,liam.martin7660@shopmail.com,Singapore,2020-11-08,Basic,1177.52
7661,Arjun Murphy,arjun.murphy7661@shopmail.com,United States,2022-06-06,Basic,190.11
7662,Jack Nakamura,jack.nakamura7662@shopmail.com,Australia,2025-10-12,Basic,3829.64
7663,Ruby Nguyen,ruby.nguyen7663@shopmail.com,Australia,2022-08-22,Basic,1581.24
7664,Chen Taylor,chen.taylor7664@shopmail.com,United Kingdom,2021-12-04,Basic,255.66
7665,Eva Lewis,eva.lewis7665@shopmail.com,Ireland,2026-02-26,Basic,4589.30
7666,Aarav Murphy,aarav.murphy7666@shopmail.com,United States,2021-05-22,Basic,545.93
7667,Arjun Thomas,arjun.thomas7667@shopmail.com,United Kingdom,2026-08-10,Basic,945.45
7668,Mateo Davis,mateo.davis7668@shopmail.com,United States,2022-08-03,Basic,2738.81
7669,Lucas Wilson,lucas.wilson7669@shopmail.com,Australia,2026-06-29,Basic,1060.94
7670,Chloe Rossi,chloe.rossi7670@shopmail.com,United States,2024-11-02,Basic,1611.11
7671,James Harris,james.harris7671@shopmail.com,India,2023-02-08,Basic,3291.17
7672,Chloe Nguyen,chloe.nguyen7672@shopmail.com,Ireland,2020-08-15,Basic,1518.08
7673,Ruby Cohen,ruby.cohen7673@shopmail.com,Canada,2025-05-30,Basic,3748.68
7674,Nina Garcia,nina.garcia7674@shopmail.com,United States,2023-05-16,Basic,978.43
7675,Elijah Walker,elijah.walker7675@shopmail.com,Australia,2023-05-21,Basic,3075.55
7676,Amelia Patel,amelia.patel7676@shopmail.com,Australia,2025-08-21,Basic,4439.96
7677,Noah Jones,noah.jones7677@shopmail.com,Canada,2023-09-15,Basic,2375.78
7678,Liam Anderson,liam.anderson7678@shopmail.com,United States,2021-10-08,Basic,240.79
7679,Zara Khan,zara.khan7679@shopmail.com,Australia,2022-02-09,Basic,1826.57
7680,Mateo Silva,mateo.silva7680@shopmail.com,Singapore,2023-12-14,Basic,4760.69
7681,Mia Clark,mia.clark7681@shopmail.com,Australia,2022-03-28,Basic,2767.77
7682,Grace Andersen,grace.andersen7682@shopmail.com,United Kingdom,2025-03-01,Basic,4687.11
7683,Kai Andersen,kai.andersen7683@shopmail.com,United Kingdom,2023-08-22,Basic,79.55
7684,Nina Lewis,nina.lewis7684@shopmail.com,Australia,2026-06-30,Basic,3087.44
7685,Zara Lewis,zara.lewis7685@shopmail.com,Ireland,2021-03-10,Basic,290.13
7686,Noah Johnson,noah.johnson7686@shopmail.com,New Zealand,2021-08-20,Basic,4118.92
7687,Hugo Murphy,hugo.murphy7687@shopmail.com,New Zealand,2022-03-01,Basic,1674.28
7688,Hugo Anderson,hugo.anderson7688@shopmail.com,Australia,2020-01-06,Basic,512.66
7689,Kai Jones,kai.jones7689@shopmail.com,United States,2026-02-13,Basic,4211.00
7690,Samuel Singh,samuel.singh7690@shopmail.com,India,2021-04-10,Basic,1027.81
7691,Isabella Harris,isabella.harris7691@shopmail.com,United Kingdom,2025-01-10,Basic,4661.43
7692,Priya Martin,priya.martin7692@shopmail.com,United States,2023-06-10,Basic,3823.56
7693,Noah Miller,noah.miller7693@shopmail.com,Australia,2023-08-23,Basic,3439.87
7694,Liam Moore,liam.moore7694@shopmail.com,New Zealand,2025-02-19,Basic,1773.27
7695,Emma Garcia,emma.garcia7695@shopmail.com,United Kingdom,2023-03-18,Basic,4039.50
7696,Lucas Kim,lucas.kim7696@shopmail.com,Australia,2023-05-21,Basic,3994.41
7697,Chen Hall,chen.hall7697@shopmail.com,New Zealand,2024-08-31,Basic,4747.89
7698,James Taylor,james.taylor7698@shopmail.com,Australia,2022-08-02,Basic,1640.08
7699,Aarav Kim,aarav.kim7699@shopmail.com,India,2021-11-25,Basic,691.61
7700,Harper Costa,harper.costa7700@shopmail.com,New Zealand,2020-01-17,Basic,2352.92
7701,Ava Silva,ava.silva7701@shopmail.com,Australia,2023-04-23,Basic,1099.55
7702,Charlotte Kim,charlotte.kim7702@shopmail.com,Australia,2023-10-26,Basic,3999.36
7703,Aarav Murphy,aarav.murphy7703@shopmail.com,Singapore,2020-07-22,Basic,3459.56
7704,Emma Singh,emma.singh7704@shopmail.com,Australia,2022-10-20,Basic,4446.42
7705,Kai Jones,kai.jones7705@shopmail.com,Australia,2024-12-13,Basic,2774.83
7706,Sofia Miller,sofia.miller7706@shopmail.com,United Kingdom,2022-02-16,Basic,1619.03
7707,Noah Clark,noah.clark7707@shopmail.com,Singapore,2020-12-15,Basic,3553.02
7708,James Thomas,james.thomas7708@shopmail.com,Australia,2023-04-07,Basic,3038.92
7709,Oscar Allen,oscar.allen7709@shopmail.com,United Kingdom,2020-10-02,Basic,1838.25
7710,Liam Allen,liam.allen7710@shopmail.com,United Kingdom,2022-11-02,Basic,3189.40
7711,Ava Nakamura,ava.nakamura7711@shopmail.com,Canada,2023-10-07,Basic,1295.10
7712,Mason Martin,mason.martin7712@shopmail.com,Singapore,2022-03-18,Basic,2086.80
7713,Mateo Smith,mateo.smith7713@shopmail.com,Australia,2025-10-22,Basic,1634.61
7714,Eva Jones,eva.jones7714@shopmail.com,United Kingdom,2024-10-31,Basic,3343.88
7715,Priya Dubois,priya.dubois7715@shopmail.com,Australia,2024-12-04,Basic,3104.63
7716,Oliver Nguyen,oliver.nguyen7716@shopmail.com,Canada,2025-04-23,Basic,2634.26
7717,Nina Brown,nina.brown7717@shopmail.com,Canada,2023-09-10,Basic,852.86
7718,Yuki Taylor,yuki.taylor7718@shopmail.com,Australia,2020-12-16,Basic,3909.31
7719,Sophia Miller,sophia.miller7719@shopmail.com,Singapore,2023-03-05,Basic,768.16
7720,Hugo Lewis,hugo.lewis7720@shopmail.com,United States,2021-04-07,Basic,1392.93
7721,Wei Smith,wei.smith7721@shopmail.com,Ireland,2020-12-10,Basic,1038.72
7722,Isla Nguyen,isla.nguyen7722@shopmail.com,Canada,2024-06-13,Basic,4326.15
7723,Hugo Moore,hugo.moore7723@shopmail.com,India,2021-05-10,Basic,1365.65
7724,Lucas Singh,lucas.singh7724@shopmail.com,United Kingdom,2021-09-22,Basic,27.46
7725,Sophia Thomas,sophia.thomas7725@shopmail.com,Canada,2020-05-05,Basic,518.75
7726,Yuki Williams,yuki.williams7726@shopmail.com,Australia,2020-07-30,Basic,2972.54
7727,Isla Walker,isla.walker7727@shopmail.com,Canada,2023-06-12,Basic,2092.03
7728,Isla Khan,isla.khan7728@shopmail.com,United States,2024-05-20,Basic,1935.58
7729,Samuel Walker,samuel.walker7729@shopmail.com,United States,2020-10-30,Basic,3316.95
7730,Isabella Rossi,isabella.rossi7730@shopmail.com,Australia,2021-05-25,Basic,1187.01
7731,Charlotte Rossi,charlotte.rossi7731@shopmail.com,Singapore,2023-09-01,Basic,4557.23
7732,Oliver Singh,oliver.singh7732@shopmail.com,New Zealand,2023-01-23,Basic,3330.47
7733,Nina Davis,nina.davis7733@shopmail.com,United Kingdom,2022-02-22,Basic,3820.30
7734,Sophia Dubois,sophia.dubois7734@shopmail.com,Singapore,2020-04-14,Basic,4283.67
7735,Oliver Moore,oliver.moore7735@shopmail.com,Australia,2025-10-20,Basic,1510.30
7736,Elijah Martin,elijah.martin7736@shopmail.com,Australia,2024-01-11,Basic,1932.68
7737,Maya Thomas,maya.thomas7737@shopmail.com,Australia,2023-04-02,Basic,878.55
7738,Aarav Smith,aarav.smith7738@shopmail.com,Canada,2021-05-28,Basic,708.25
7739,Aarav Chen,aarav.chen7739@shopmail.com,Australia,2024-05-28,Basic,2287.75
7740,Ava Harris,ava.harris7740@shopmail.com,Ireland,2021-10-09,Basic,48.13
7741,Elijah Hall,elijah.hall7741@shopmail.com,Australia,2022-11-02,Basic,762.84
7742,Maya Kowalski,maya.kowalski7742@shopmail.com,United States,2020-06-10,Basic,3905.00
7743,Ruby Kim,ruby.kim7743@shopmail.com,Australia,2023-06-27,Basic,3709.24
7744,Samuel Moore,samuel.moore7744@shopmail.com,Singapore,2026-08-13,Basic,3606.21
7745,Oscar Kowalski,oscar.kowalski7745@shopmail.com,Canada,2024-06-06,Basic,4367.78
7746,Yuki Brown,yuki.brown7746@shopmail.com,United States,2025-08-06,Basic,2336.62
7747,Elijah Jones,elijah.jones7747@shopmail.com,Australia,2025-01-12,Basic,3121.39
7748,Mia Young,mia.young7748@shopmail.com,Canada,2020-07-31,Basic,98.23
7749,Amelia Williams,amelia.williams7749@shopmail.com,Ireland,2024-02-26,Basic,4101.47
7750,Olivia Cohen,olivia.cohen7750@shopmail.com,Australia,2023-03-07,Basic,3831.74
7751,Elijah Patel,elijah.patel7751@shopmail.com,New Zealand,2022-01-18,Basic,2074.85
7752,Wei Jones,wei.jones7752@shopmail.com,United Kingdom,2025-12-18,Basic,2844.53
7753,Amelia Taylor,amelia.taylor7753@shopmail.com,United States,2024-11-14,Basic,3611.79
7754,Ethan Dubois,ethan.dubois7754@shopmail.com,United Kingdom,2022-01-28,Basic,1053.75
7755,Oliver Dubois,oliver.dubois7755@shopmail.com,Australia,2025-09-25,Basic,2767.48
7756,Charlotte Moore,charlotte.moore7756@shopmail.com,Singapore,2021-11-12,Basic,3729.92
7757,Henry Dubois,henry.dubois7757@shopmail.com,Singapore,2024-10-12,Basic,2476.67
7758,Ruby Williams,ruby.williams7758@shopmail.com,New Zealand,2022-01-09,Basic,3123.42
7759,Ethan Patel,ethan.patel7759@shopmail.com,United States,2022-08-04,Basic,379.55
7760,Samuel Nguyen,samuel.nguyen7760@shopmail.com,India,2022-08-21,Basic,339.73
7761,Ava Kowalski,ava.kowalski7761@shopmail.com,Singapore,2026-06-27,Basic,2847.22
7762,Ava Moore,ava.moore7762@shopmail.com,United Kingdom,2022-10-18,Basic,1499.81
7763,Henry Brown,henry.brown7763@shopmail.com,United Kingdom,2020-01-29,Basic,3912.46
7764,James Cohen,james.cohen7764@shopmail.com,United States,2024-03-15,Basic,29.42
7765,Arjun Dubois,arjun.dubois7765@shopmail.com,Ireland,2023-05-03,Basic,2718.44
7766,Nina Chen,nina.chen7766@shopmail.com,Australia,2023-11-20,Basic,2189.13
7767,Isla Singh,isla.singh7767@shopmail.com,Canada,2024-08-25,Basic,601.18
7768,Noah Harris,noah.harris7768@shopmail.com,United States,2020-02-17,Basic,3896.96
7769,Hugo Patel,hugo.patel7769@shopmail.com,Australia,2022-11-19,Basic,2651.74
7770,Sofia Lewis,sofia.lewis7770@shopmail.com,Canada,2021-12-02,Basic,781.84
7771,Mateo Allen,mateo.allen7771@shopmail.com,United Kingdom,2021-02-16,Basic,941.49
7772,Mason Williams,mason.williams7772@shopmail.com,Canada,2023-09-03,Basic,2939.20
7773,Sofia Young,sofia.young7773@shopmail.com,Australia,2026-07-11,Basic,1984.66
7774,Sofia Davis,sofia.davis7774@shopmail.com,Canada,2021-02-11,Basic,124.37
7775,Grace Cohen,grace.cohen7775@shopmail.com,New Zealand,2023-11-04,Basic,514.82
7776,Ethan Kowalski,ethan.kowalski7776@shopmail.com,Australia,2024-07-04,Basic,3630.29
7777,Eva Smith,eva.smith7777@shopmail.com,United Kingdom,2020-05-04,Basic,1208.68
7778,Oscar Harris,oscar.harris7778@shopmail.com,United States,2021-08-06,Basic,675.20
7779,Aarav Wilson,aarav.wilson7779@shopmail.com,United Kingdom,2025-06-17,Basic,4047.73
7780,Henry Williams,henry.williams7780@shopmail.com,Canada,2022-03-24,Basic,4240.89
7781,Mia Martin,mia.martin7781@shopmail.com,Singapore,2026-02-10,Basic,537.78
7782,Kai Garcia,kai.garcia7782@shopmail.com,United States,2020-09-15,Basic,4256.85
7783,Kai Costa,kai.costa7783@shopmail.com,Ireland,2022-07-31,Basic,1695.86
7784,Yuki Silva,yuki.silva7784@shopmail.com,Canada,2023-08-04,Basic,4211.16
7785,Sophia Jones,sophia.jones7785@shopmail.com,Australia,2024-12-12,Basic,3596.18
7786,Hugo Kowalski,hugo.kowalski7786@shopmail.com,Australia,2025-08-01,Basic,4277.51
7787,Amelia Jones,amelia.jones7787@shopmail.com,Australia,2023-06-06,Basic,2910.36
7788,Amelia Harris,amelia.harris7788@shopmail.com,Australia,2020-03-07,Basic,4782.30
7789,Isla Chen,isla.chen7789@shopmail.com,Australia,2022-09-13,Basic,258.42
7790,Leo Allen,leo.allen7790@shopmail.com,Ireland,2026-07-09,Basic,4265.38
7791,Olivia Johnson,olivia.johnson7791@shopmail.com,Australia,2025-12-21,Basic,458.52
7792,Olivia Harris,olivia.harris7792@shopmail.com,Canada,2024-09-06,Basic,1429.63
7793,Mateo Garcia,mateo.garcia7793@shopmail.com,Singapore,2020-06-02,Basic,4404.94
7794,Elijah Jones,elijah.jones7794@shopmail.com,United States,2021-09-18,Basic,1461.85
7795,Aarav Johnson,aarav.johnson7795@shopmail.com,United States,2020-12-23,Basic,2149.15
7796,Elijah Nakamura,elijah.nakamura7796@shopmail.com,New Zealand,2024-09-27,Basic,300.87
7797,Arjun Murphy,arjun.murphy7797@shopmail.com,United States,2024-12-30,Basic,3079.34
7798,Mason Taylor,mason.taylor7798@shopmail.com,Ireland,2020-09-20,Basic,1351.43
7799,Eva Costa,eva.costa7799@shopmail.com,United States,2020-02-14,Basic,1006.20
7800,Elijah Johnson,elijah.johnson7800@shopmail.com,New Zealand,2022-02-07,Basic,3092.29
7801,Oscar Clark,oscar.clark7801@shopmail.com,Australia,2022-04-19,Basic,1472.58
7802,Elijah Miller,elijah.miller7802@shopmail.com,Australia,2024-08-11,Basic,1733.87
7803,Liam Johnson,liam.johnson7803@shopmail.com,New Zealand,2024-06-06,Basic,9.33
7804,James Young,james.young7804@shopmail.com,Australia,2022-03-27,Basic,585.40
7805,Chen Nguyen,chen.nguyen7805@shopmail.com,United Kingdom,2025-02-07,Basic,2741.88
7806,Elijah Brown,elijah.brown7806@shopmail.com,Canada,2025-04-18,Basic,3647.23
7807,Isabella Wilson,isabella.wilson7807@shopmail.com,Singapore,2022-08-08,Basic,2864.62
7808,Sofia Kowalski,sofia.kowalski7808@shopmail.com,Ireland,2025-03-16,Basic,626.29
7809,Ava Cohen,ava.cohen7809@shopmail.com,United Kingdom,2020-11-10,Basic,3411.71
7810,Eva Dubois,eva.dubois7810@shopmail.com,India,2026-03-20,Basic,2384.72
7811,Arjun Rossi,arjun.rossi7811@shopmail.com,United States,2024-09-30,Basic,2285.38
7812,Chloe Nguyen,chloe.nguyen7812@shopmail.com,Australia,2022-06-10,Basic,2400.49
7813,Henry Jones,henry.jones7813@shopmail.com,Australia,2022-05-22,Basic,2911.06
7814,Ava Andersen,ava.andersen7814@shopmail.com,India,2022-07-03,Basic,2950.68
7815,Lucas Williams,lucas.williams7815@shopmail.com,New Zealand,2025-09-06,Basic,2287.45
7816,Liam Lewis,liam.lewis7816@shopmail.com,United Kingdom,2021-04-23,Basic,2817.26
7817,Priya Allen,priya.allen7817@shopmail.com,Canada,2025-08-15,Basic,1967.47
7818,Isla Garcia,isla.garcia7818@shopmail.com,Singapore,2025-02-11,Basic,3975.84
7819,Ethan Lewis,ethan.lewis7819@shopmail.com,Australia,2026-01-14,Basic,2666.50
7820,Olivia Cohen,olivia.cohen7820@shopmail.com,India,2024-07-07,Basic,3738.53
7821,Liam Harris,liam.harris7821@shopmail.com,Singapore,2021-03-14,Basic,1669.61
7822,Oscar Hall,oscar.hall7822@shopmail.com,United States,2023-09-19,Basic,2975.12
7823,Nina Miller,nina.miller7823@shopmail.com,Ireland,2026-01-18,Basic,3060.29
7824,Harper Chen,harper.chen7824@shopmail.com,Canada,2021-07-28,Basic,158.25
7825,Zara Walker,zara.walker7825@shopmail.com,India,2022-02-22,Basic,3682.60
7826,Hugo Taylor,hugo.taylor7826@shopmail.com,United States,2020-11-28,Basic,3236.51
7827,Priya Clark,priya.clark7827@shopmail.com,Australia,2024-08-08,Basic,1093.94
7828,Priya Singh,priya.singh7828@shopmail.com,United States,2020-02-04,Basic,673.31
7829,Emma Rossi,emma.rossi7829@shopmail.com,Singapore,2020-11-01,Basic,3685.10
7830,Mason Rossi,mason.rossi7830@shopmail.com,United States,2023-02-17,Basic,892.37
7831,Sofia Patel,sofia.patel7831@shopmail.com,Singapore,2023-11-27,Basic,3451.14
7832,Ethan Hall,ethan.hall7832@shopmail.com,New Zealand,2023-03-02,Basic,4497.46
7833,Liam Silva,liam.silva7833@shopmail.com,Ireland,2025-10-15,Basic,3399.39
7834,Grace Rossi,grace.rossi7834@shopmail.com,United States,2025-08-23,Basic,4197.73
7835,Maya Thomas,maya.thomas7835@shopmail.com,Singapore,2021-07-08,Basic,4679.78
7836,Oliver Williams,oliver.williams7836@shopmail.com,Canada,2020-06-07,Basic,2186.55
7837,Elijah Smith,elijah.smith7837@shopmail.com,New Zealand,2020-03-29,Basic,3691.34
7838,Samuel Walker,samuel.walker7838@shopmail.com,United States,2020-10-05,Basic,4738.40
7839,Mia Young,mia.young7839@shopmail.com,United Kingdom,2021-03-08,Basic,3302.80
7840,Mateo Cohen,mateo.cohen7840@shopmail.com,United States,2020-03-04,Basic,4284.02
7841,Zara Miller,zara.miller7841@shopmail.com,Australia,2023-06-26,Basic,2649.37
7842,Grace Murphy,grace.murphy7842@shopmail.com,Australia,2025-11-07,Basic,2008.50
7843,Zara Anderson,zara.anderson7843@shopmail.com,United Kingdom,2021-05-31,Basic,3694.04
7844,Yuki Cohen,yuki.cohen7844@shopmail.com,Australia,2022-11-25,Basic,2702.16
7845,Grace Murphy,grace.murphy7845@shopmail.com,Australia,2021-04-15,Basic,3864.98
7846,Sophia Khan,sophia.khan7846@shopmail.com,United States,2025-03-24,Basic,3737.22
7847,Ethan Harris,ethan.harris7847@shopmail.com,Australia,2023-08-29,Basic,2223.57
7848,Emma Young,emma.young7848@shopmail.com,Singapore,2023-04-18,Basic,1075.82
7849,Olivia Rossi,olivia.rossi7849@shopmail.com,Australia,2021-07-05,Basic,1478.20
7850,Charlotte Kowalski,charlotte.kowalski7850@shopmail.com,Ireland,2025-12-11,Basic,2718.21
7851,Samuel Murphy,samuel.murphy7851@shopmail.com,Singapore,2022-11-16,Basic,2883.45
7852,Emma Martin,emma.martin7852@shopmail.com,Singapore,2020-08-21,Basic,1251.75
7853,Ethan Khan,ethan.khan7853@shopmail.com,Australia,2025-03-15,Basic,2123.09
7854,Eva Khan,eva.khan7854@shopmail.com,India,2026-06-06,Basic,685.11
7855,Jack Costa,jack.costa7855@shopmail.com,Australia,2023-03-07,Basic,2242.16
7856,Wei Nakamura,wei.nakamura7856@shopmail.com,Australia,2021-03-07,Basic,4459.64
7857,Mason Brown,mason.brown7857@shopmail.com,Australia,2025-09-26,Basic,2044.82
7858,Wei Harris,wei.harris7858@shopmail.com,Australia,2022-10-10,Basic,401.94
7859,Aarav Patel,aarav.patel7859@shopmail.com,Canada,2024-04-01,Basic,3914.84
7860,Oliver Khan,oliver.khan7860@shopmail.com,Ireland,2021-05-25,Basic,797.05
7861,Mateo Garcia,mateo.garcia7861@shopmail.com,United States,2020-08-20,Basic,103.55
7862,Zara Harris,zara.harris7862@shopmail.com,Ireland,2025-02-28,Basic,1299.90
7863,Isabella Patel,isabella.patel7863@shopmail.com,United Kingdom,2025-04-05,Basic,1420.89
7864,Chen Martin,chen.martin7864@shopmail.com,United Kingdom,2021-07-19,Basic,1512.97
7865,Isabella Martin,isabella.martin7865@shopmail.com,Australia,2020-10-26,Basic,3943.77
7866,Aarav Miller,aarav.miller7866@shopmail.com,Singapore,2020-09-29,Basic,545.00
7867,Olivia Wilson,olivia.wilson7867@shopmail.com,Australia,2024-04-02,Basic,55.59
7868,Oliver Harris,oliver.harris7868@shopmail.com,Canada,2024-07-04,Basic,3118.15
7869,Amelia Brown,amelia.brown7869@shopmail.com,Ireland,2020-05-15,Basic,1730.31
7870,Elijah Taylor,elijah.taylor7870@shopmail.com,Australia,2023-06-20,Basic,1270.94
7871,Leo Silva,leo.silva7871@shopmail.com,Singapore,2022-09-27,Basic,3591.66
7872,Mateo Moore,mateo.moore7872@shopmail.com,United States,2022-12-23,Basic,3214.92
7873,Priya Kowalski,priya.kowalski7873@shopmail.com,Australia,2021-05-21,Basic,3996.09
7874,Oliver Hall,oliver.hall7874@shopmail.com,Singapore,2026-05-27,Basic,3434.03
7875,Yuki Lewis,yuki.lewis7875@shopmail.com,Canada,2021-08-03,Basic,1982.82
7876,Ava Andersen,ava.andersen7876@shopmail.com,New Zealand,2023-09-11,Basic,1510.00
7877,Chloe Hall,chloe.hall7877@shopmail.com,United States,2021-09-23,Basic,1927.09
7878,Elijah Nguyen,elijah.nguyen7878@shopmail.com,Australia,2025-12-26,Basic,511.04
7879,Samuel Walker,samuel.walker7879@shopmail.com,Australia,2022-01-19,Basic,3835.55
7880,Elijah Moore,elijah.moore7880@shopmail.com,United Kingdom,2026-03-23,Basic,1778.10
7881,Ethan Patel,ethan.patel7881@shopmail.com,United States,2020-08-17,Basic,3329.59
7882,Chen Thomas,chen.thomas7882@shopmail.com,United States,2025-10-22,Basic,145.25
7883,Olivia Cohen,olivia.cohen7883@shopmail.com,United Kingdom,2020-07-05,Basic,4189.72
7884,Isla Garcia,isla.garcia7884@shopmail.com,India,2025-01-21,Basic,3879.82
7885,Mateo Clark,mateo.clark7885@shopmail.com,Ireland,2023-04-22,Basic,4377.93
7886,Sofia Taylor,sofia.taylor7886@shopmail.com,New Zealand,2025-04-22,Basic,2363.24
7887,Ruby Clark,ruby.clark7887@shopmail.com,New Zealand,2023-01-25,Basic,2714.37
7888,Aarav Harris,aarav.harris7888@shopmail.com,Australia,2023-06-07,Basic,2050.26
7889,Emma Brown,emma.brown7889@shopmail.com,United Kingdom,2020-02-05,Basic,1855.35
7890,Maya Khan,maya.khan7890@shopmail.com,Australia,2024-05-17,Basic,1428.73
7891,Leo Wilson,leo.wilson7891@shopmail.com,Canada,2025-02-16,Basic,1747.94
7892,Mateo Martin,mateo.martin7892@shopmail.com,United States,2025-03-09,Basic,2849.73
7893,Arjun Patel,arjun.patel7893@shopmail.com,Singapore,2023-04-03,Basic,3135.48
7894,Charlotte Johnson,charlotte.johnson7894@shopmail.com,India,2021-02-16,Basic,670.63
7895,Olivia Clark,olivia.clark7895@shopmail.com,Australia,2025-03-31,Basic,754.37
7896,Mateo Clark,mateo.clark7896@shopmail.com,Ireland,2023-12-21,Basic,3509.47
7897,Eva Kowalski,eva.kowalski7897@shopmail.com,Australia,2021-01-14,Basic,3627.20
7898,Emma Costa,emma.costa7898@shopmail.com,India,2022-06-30,Basic,678.41
7899,Aarav Rossi,aarav.rossi7899@shopmail.com,Australia,2024-12-08,Basic,2705.60
7900,Jack Wilson,jack.wilson7900@shopmail.com,United Kingdom,2021-03-02,Basic,3391.98
7901,Wei Moore,wei.moore7901@shopmail.com,Australia,2024-06-02,Basic,3714.49
7902,Amelia Wilson,amelia.wilson7902@shopmail.com,United Kingdom,2020-08-28,Basic,3115.61
7903,Ethan Walker,ethan.walker7903@shopmail.com,Australia,2025-09-13,Basic,4485.23
7904,Aarav Lewis,aarav.lewis7904@shopmail.com,Australia,2025-02-26,Basic,2672.69
7905,Sofia Anderson,sofia.anderson7905@shopmail.com,Singapore,2022-09-21,Basic,2051.42
7906,Oscar Clark,oscar.clark7906@shopmail.com,India,2024-08-23,Basic,3484.36
7907,Chen Walker,chen.walker7907@shopmail.com,India,2023-12-22,Basic,3414.02
7908,Sofia Rossi,sofia.rossi7908@shopmail.com,Canada,2025-09-07,Basic,4204.06
7909,Mia Silva,mia.silva7909@shopmail.com,Canada,2022-03-01,Basic,3483.11
7910,Oscar Young,oscar.young7910@shopmail.com,Singapore,2021-08-11,Basic,2109.35
7911,Oliver Nakamura,oliver.nakamura7911@shopmail.com,Australia,2021-06-27,Basic,4080.03
7912,Zara Johnson,zara.johnson7912@shopmail.com,Australia,2022-05-23,Basic,2878.57
7913,Amelia Chen,amelia.chen7913@shopmail.com,Singapore,2021-06-13,Basic,2283.83
7914,Oliver Rossi,oliver.rossi7914@shopmail.com,United Kingdom,2023-01-13,Basic,3410.36
7915,Zara Williams,zara.williams7915@shopmail.com,New Zealand,2024-05-14,Basic,1614.51
7916,Mateo Miller,mateo.miller7916@shopmail.com,Australia,2021-10-31,Basic,2651.67
7917,Ethan Khan,ethan.khan7917@shopmail.com,Australia,2021-05-17,Basic,4631.15
7918,Sofia Smith,sofia.smith7918@shopmail.com,Australia,2021-06-21,Basic,2553.11
7919,Eva Thomas,eva.thomas7919@shopmail.com,Australia,2025-05-07,Basic,3719.74
7920,Wei Allen,wei.allen7920@shopmail.com,India,2023-12-31,Basic,814.60
7921,Kai Wilson,kai.wilson7921@shopmail.com,United States,2024-09-16,Basic,2353.77
7922,Zara Taylor,zara.taylor7922@shopmail.com,Australia,2022-05-10,Basic,1528.06
7923,Aarav Martin,aarav.martin7923@shopmail.com,Ireland,2022-07-27,Basic,3935.61
7924,Henry Moore,henry.moore7924@shopmail.com,Canada,2021-06-29,Basic,3434.17
7925,Kai Martin,kai.martin7925@shopmail.com,India,2024-09-09,Basic,3694.74
7926,Hugo Taylor,hugo.taylor7926@shopmail.com,Australia,2023-11-12,Basic,574.53
7927,James Wilson,james.wilson7927@shopmail.com,United Kingdom,2020-01-06,Basic,2350.64
7928,Lucas Jones,lucas.jones7928@shopmail.com,New Zealand,2022-03-04,Basic,4291.36
7929,Aarav Nakamura,aarav.nakamura7929@shopmail.com,United Kingdom,2026-05-20,Basic,3199.12
7930,Charlotte Allen,charlotte.allen7930@shopmail.com,Australia,2025-07-27,Basic,327.76
7931,Sofia Murphy,sofia.murphy7931@shopmail.com,Australia,2021-04-01,Basic,4654.04
7932,Sofia Taylor,sofia.taylor7932@shopmail.com,Australia,2026-04-14,Basic,2725.41
7933,Mason Jones,mason.jones7933@shopmail.com,United States,2025-01-30,Basic,1065.51
7934,Nina Nguyen,nina.nguyen7934@shopmail.com,Australia,2025-05-04,Basic,2988.94
7935,Ethan Rossi,ethan.rossi7935@shopmail.com,United States,2022-07-21,Basic,506.16
7936,Elijah Murphy,elijah.murphy7936@shopmail.com,Australia,2023-02-01,Basic,4518.44
7937,Yuki Nakamura,yuki.nakamura7937@shopmail.com,United Kingdom,2020-07-30,Basic,4289.87
7938,Lucas Rossi,lucas.rossi7938@shopmail.com,Singapore,2024-03-08,Basic,2911.38
7939,Olivia Nakamura,olivia.nakamura7939@shopmail.com,Australia,2024-08-14,Basic,2611.73
7940,Olivia Smith,olivia.smith7940@shopmail.com,India,2020-08-28,Basic,2265.93
7941,Mia Johnson,mia.johnson7941@shopmail.com,United States,2025-05-10,Basic,409.88
7942,Lucas Davis,lucas.davis7942@shopmail.com,United States,2026-07-21,Basic,4057.29
7943,Zara Patel,zara.patel7943@shopmail.com,Australia,2022-10-01,Basic,2861.80
7944,Priya Costa,priya.costa7944@shopmail.com,United Kingdom,2020-06-03,Basic,630.74
7945,Amelia Jones,amelia.jones7945@shopmail.com,United Kingdom,2025-10-14,Basic,3463.59
7946,Sofia Davis,sofia.davis7946@shopmail.com,United States,2024-01-17,Basic,2138.30
7947,Samuel Johnson,samuel.johnson7947@shopmail.com,Australia,2021-11-16,Basic,943.74
7948,Arjun Nakamura,arjun.nakamura7948@shopmail.com,United States,2020-08-20,Basic,3812.96
7949,James Young,james.young7949@shopmail.com,Australia,2025-03-19,Basic,1613.86
7950,Lucas Lewis,lucas.lewis7950@shopmail.com,Australia,2022-06-24,Basic,4477.22
7951,Emma Silva,emma.silva7951@shopmail.com,United States,2026-02-15,Basic,2031.35
7952,Sofia Nakamura,sofia.nakamura7952@shopmail.com,Canada,2025-06-07,Basic,1557.80
7953,Maya Allen,maya.allen7953@shopmail.com,Australia,2026-08-04,Basic,1626.14
7954,Oliver Walker,oliver.walker7954@shopmail.com,United Kingdom,2020-06-25,Basic,1424.04
7955,Chloe Taylor,chloe.taylor7955@shopmail.com,Australia,2024-05-19,Basic,1979.05
7956,Wei Chen,wei.chen7956@shopmail.com,Australia,2024-12-29,Basic,854.31
7957,Leo Allen,leo.allen7957@shopmail.com,Australia,2026-01-21,Basic,4374.11
7958,Wei Wilson,wei.wilson7958@shopmail.com,Australia,2023-06-17,Basic,3807.50
7959,Ethan Dubois,ethan.dubois7959@shopmail.com,New Zealand,2023-08-19,Basic,4383.86
7960,Aarav Chen,aarav.chen7960@shopmail.com,Australia,2021-03-10,Basic,2337.57
7961,Charlotte Clark,charlotte.clark7961@shopmail.com,Singapore,2022-03-03,Basic,4459.52
7962,Eva Moore,eva.moore7962@shopmail.com,India,2023-03-19,Basic,511.77
7963,Charlotte Silva,charlotte.silva7963@shopmail.com,New Zealand,2020-05-17,Basic,2119.77
7964,Arjun Singh,arjun.singh7964@shopmail.com,India,2025-09-23,Basic,3531.72
7965,Mateo Andersen,mateo.andersen7965@shopmail.com,United Kingdom,2025-01-02,Basic,1299.52
7966,Noah Garcia,noah.garcia7966@shopmail.com,Australia,2024-06-07,Basic,3099.02
7967,Leo Rossi,leo.rossi7967@shopmail.com,Singapore,2021-09-11,Basic,4696.02
7968,Wei Garcia,wei.garcia7968@shopmail.com,United States,2025-01-07,Basic,2999.11
7969,Hugo Silva,hugo.silva7969@shopmail.com,United States,2023-07-22,Basic,1039.81
7970,Ruby Brown,ruby.brown7970@shopmail.com,Australia,2021-10-17,Basic,1337.95
7971,Amelia Davis,amelia.davis7971@shopmail.com,United Kingdom,2022-12-25,Basic,1710.60
7972,Eva Nakamura,eva.nakamura7972@shopmail.com,Australia,2022-11-25,Basic,4714.45
7973,Chloe Andersen,chloe.andersen7973@shopmail.com,Australia,2023-01-12,Basic,2113.90
7974,Wei Williams,wei.williams7974@shopmail.com,United States,2026-08-10,Basic,964.35
7975,Sofia Jones,sofia.jones7975@shopmail.com,Ireland,2025-09-15,Basic,4022.41
7976,Mateo Chen,mateo.chen7976@shopmail.com,Ireland,2026-07-03,Basic,856.48
7977,Leo Wilson,leo.wilson7977@shopmail.com,Ireland,2020-07-24,Basic,4001.66
7978,Ethan Thomas,ethan.thomas7978@shopmail.com,United States,2022-05-03,Basic,4626.72
7979,Oscar Davis,oscar.davis7979@shopmail.com,Australia,2024-01-31,Basic,1869.08
7980,Ruby Taylor,ruby.taylor7980@shopmail.com,Australia,2021-09-24,Basic,4092.65
7981,James Johnson,james.johnson7981@shopmail.com,United States,2023-10-30,Basic,2197.61
7982,Isla Costa,isla.costa7982@shopmail.com,United Kingdom,2026-08-01,Basic,552.67
7983,Ethan Anderson,ethan.anderson7983@shopmail.com,Canada,2023-06-03,Basic,871.82
7984,Charlotte Kim,charlotte.kim7984@shopmail.com,Australia,2020-01-29,Basic,2785.60
7985,James Allen,james.allen7985@shopmail.com,United States,2026-01-11,Basic,1021.72
7986,Eva Williams,eva.williams7986@shopmail.com,Canada,2022-04-21,Basic,147.97
7987,Zara Jones,zara.jones7987@shopmail.com,Australia,2024-07-19,Basic,1624.21
7988,Mason Wilson,mason.wilson7988@shopmail.com,India,2025-10-12,Basic,1551.25
7989,Maya Lewis,maya.lewis7989@shopmail.com,India,2024-12-22,Basic,4155.57
7990,Chloe Johnson,chloe.johnson7990@shopmail.com,Canada,2025-08-03,Basic,3846.09
7991,Leo Williams,leo.williams7991@shopmail.com,Australia,2025-08-04,Basic,1307.31
7992,Charlotte Miller,charlotte.miller7992@shopmail.com,New Zealand,2022-09-08,Basic,1188.10
7993,Chloe Williams,chloe.williams7993@shopmail.com,Australia,2023-02-11,Basic,3519.63
7994,Ava Cohen,ava.cohen7994@shopmail.com,New Zealand,2023-03-08,Basic,945.48
7995,Arjun Silva,arjun.silva7995@shopmail.com,Australia,2024-04-11,Basic,1144.14
7996,Henry Kowalski,henry.kowalski7996@shopmail.com,Australia,2020-11-20,Basic,4351.42
7997,Ruby Cohen,ruby.cohen7997@shopmail.com,Ireland,2023-05-18,Basic,3995.76
7998,Priya Clark,priya.clark7998@shopmail.com,United Kingdom,2025-08-16,Basic,2098.21
7999,Sophia Nakamura,sophia.nakamura7999@shopmail.com,Australia,2023-04-04,Basic,3649.50
8000,Oscar Walker,oscar.walker8000@shopmail.com,Australia,2023-01-27,Basic,817.63
8001,Isla Nguyen,isla.nguyen8001@shopmail.com,Australia,2020-09-17,Basic,1203.32
8002,Eva Khan,eva.khan8002@shopmail.com,United States,2025-04-09,Basic,830.98
8003,Amelia Clark,amelia.clark8003@shopmail.com,Singapore,2026-05-31,Basic,825.72
8004,Lucas Wilson,lucas.wilson8004@shopmail.com,Australia,2022-06-15,Basic,2765.96
8005,Hugo Nakamura,hugo.nakamura8005@shopmail.com,Australia,2021-05-17,Basic,1507.41
8006,Olivia Smith,olivia.smith8006@shopmail.com,United States,2021-05-18,Basic,1015.78
8007,Elijah Smith,elijah.smith8007@shopmail.com,New Zealand,2023-01-23,Basic,4550.76
8008,Aarav Patel,aarav.patel8008@shopmail.com,United Kingdom,2025-01-31,Basic,4433.57
8009,Ruby Jones,ruby.jones8009@shopmail.com,United Kingdom,2022-12-25,Basic,530.22
8010,Henry Kim,henry.kim8010@shopmail.com,United Kingdom,2020-01-29,Basic,1424.16
8011,Grace Dubois,grace.dubois8011@shopmail.com,India,2022-08-02,Basic,2768.31
8012,Oliver Chen,oliver.chen8012@shopmail.com,Singapore,2023-06-24,Basic,1778.80
8013,Jack Cohen,jack.cohen8013@shopmail.com,Ireland,2025-01-17,Basic,3608.81
8014,Jack Nguyen,jack.nguyen8014@shopmail.com,United States,2024-11-08,Basic,1847.36
8015,Aarav Murphy,aarav.murphy8015@shopmail.com,United Kingdom,2020-07-10,Basic,2698.27
8016,Elijah Smith,elijah.smith8016@shopmail.com,United States,2023-11-01,Basic,4079.37
8017,Elijah Kowalski,elijah.kowalski8017@shopmail.com,New Zealand,2023-09-11,Basic,4226.23
8018,Mia Jones,mia.jones8018@shopmail.com,United States,2024-01-29,Basic,297.71
8019,Nina Andersen,nina.andersen8019@shopmail.com,United States,2025-07-20,Basic,2540.25
8020,Hugo Dubois,hugo.dubois8020@shopmail.com,United States,2025-06-20,Basic,4781.13
8021,Henry Nguyen,henry.nguyen8021@shopmail.com,New Zealand,2023-02-03,Basic,680.37
8022,James Kowalski,james.kowalski8022@shopmail.com,Australia,2026-03-19,Basic,1736.71
8023,Liam Singh,liam.singh8023@shopmail.com,India,2021-11-28,Basic,2855.58
8024,Maya Rossi,maya.rossi8024@shopmail.com,Ireland,2022-08-08,Basic,3097.70
8025,Leo Lewis,leo.lewis8025@shopmail.com,Australia,2020-09-09,Basic,1823.54
8026,Ruby Wilson,ruby.wilson8026@shopmail.com,New Zealand,2024-08-26,Basic,4132.03
8027,Leo Moore,leo.moore8027@shopmail.com,India,2020-06-02,Basic,1179.62
8028,Ava Clark,ava.clark8028@shopmail.com,Australia,2020-08-15,Basic,931.11
8029,Maya Moore,maya.moore8029@shopmail.com,India,2022-09-06,Basic,1160.71
8030,Olivia Garcia,olivia.garcia8030@shopmail.com,Australia,2021-04-03,Basic,3844.66
8031,Isla Clark,isla.clark8031@shopmail.com,Singapore,2020-03-28,Basic,1922.32
8032,Aarav Khan,aarav.khan8032@shopmail.com,United States,2023-08-17,Basic,1647.06
8033,Oscar Hall,oscar.hall8033@shopmail.com,United Kingdom,2021-06-30,Basic,3343.34
8034,Sofia Anderson,sofia.anderson8034@shopmail.com,India,2024-05-27,Basic,500.84
8035,Noah Lewis,noah.lewis8035@shopmail.com,Australia,2024-08-14,Basic,2921.34
8036,Aarav Patel,aarav.patel8036@shopmail.com,United States,2025-11-13,Basic,1013.38
8037,Noah Silva,noah.silva8037@shopmail.com,India,2026-02-15,Basic,958.65
8038,Isla Rossi,isla.rossi8038@shopmail.com,Canada,2020-12-30,Basic,3152.31
8039,Chen Patel,chen.patel8039@shopmail.com,United Kingdom,2024-10-03,Basic,4386.56
8040,Leo Harris,leo.harris8040@shopmail.com,Singapore,2022-04-12,Basic,3877.85
8041,Maya Costa,maya.costa8041@shopmail.com,United Kingdom,2026-01-09,Basic,2099.34
8042,Aarav Jones,aarav.jones8042@shopmail.com,United States,2025-12-26,Basic,4432.43
8043,Priya Kim,priya.kim8043@shopmail.com,Australia,2021-05-17,Basic,2880.03
8044,Hugo Davis,hugo.davis8044@shopmail.com,Ireland,2024-11-05,Basic,618.76
8045,Leo Walker,leo.walker8045@shopmail.com,Singapore,2025-04-11,Basic,2020.34
8046,Lucas Moore,lucas.moore8046@shopmail.com,United Kingdom,2026-01-07,Basic,1362.99
8047,Leo Nakamura,leo.nakamura8047@shopmail.com,United Kingdom,2021-04-23,Basic,2329.18
8048,Hugo Rossi,hugo.rossi8048@shopmail.com,Australia,2024-11-13,Basic,2310.66
8049,Eva Brown,eva.brown8049@shopmail.com,Australia,2020-01-17,Basic,629.36
8050,Oscar Jones,oscar.jones8050@shopmail.com,India,2020-08-26,Basic,3262.44
8051,Samuel Hall,samuel.hall8051@shopmail.com,Canada,2021-06-05,Basic,4016.09
8052,Mason Andersen,mason.andersen8052@shopmail.com,Singapore,2025-02-03,Basic,762.46
8053,Elijah Davis,elijah.davis8053@shopmail.com,Ireland,2024-02-05,Basic,3057.32
8054,Nina Williams,nina.williams8054@shopmail.com,Singapore,2023-01-27,Basic,4315.38
8055,Charlotte Thomas,charlotte.thomas8055@shopmail.com,New Zealand,2023-01-13,Basic,2001.95
8056,Mia Anderson,mia.anderson8056@shopmail.com,Australia,2021-01-19,Basic,1875.29
8057,Leo Singh,leo.singh8057@shopmail.com,Australia,2022-08-23,Basic,2887.80
8058,Sofia Williams,sofia.williams8058@shopmail.com,United States,2021-09-29,Basic,1382.15
8059,Elijah Kim,elijah.kim8059@shopmail.com,Australia,2023-08-16,Basic,1154.80
8060,Maya Garcia,maya.garcia8060@shopmail.com,New Zealand,2020-02-29,Basic,1128.08
8061,Oscar Hall,oscar.hall8061@shopmail.com,United Kingdom,2025-11-28,Basic,4023.28
8062,Noah Lewis,noah.lewis8062@shopmail.com,Australia,2020-09-08,Basic,677.49
8063,Wei Nakamura,wei.nakamura8063@shopmail.com,New Zealand,2022-02-15,Basic,3614.51
8064,Sofia Brown,sofia.brown8064@shopmail.com,United States,2023-02-20,Basic,1771.55
8065,Eva Martin,eva.martin8065@shopmail.com,Canada,2022-10-07,Basic,4519.97
8066,Isla Brown,isla.brown8066@shopmail.com,India,2026-05-03,Basic,2918.89
8067,Henry Johnson,henry.johnson8067@shopmail.com,Australia,2022-12-21,Basic,1295.18
8068,Yuki Moore,yuki.moore8068@shopmail.com,Australia,2020-04-08,Basic,4355.03
8069,James Rossi,james.rossi8069@shopmail.com,United States,2021-01-29,Basic,3212.52
8070,Mia Harris,mia.harris8070@shopmail.com,Singapore,2023-09-07,Basic,3372.50
8071,Harper Wilson,harper.wilson8071@shopmail.com,Ireland,2025-06-25,Basic,2278.63
8072,Ethan Cohen,ethan.cohen8072@shopmail.com,United Kingdom,2023-12-23,Basic,1647.11
8073,Chloe Chen,chloe.chen8073@shopmail.com,Australia,2024-11-27,Basic,610.91
8074,Sofia Murphy,sofia.murphy8074@shopmail.com,Australia,2023-10-14,Basic,1538.36
8075,Arjun Miller,arjun.miller8075@shopmail.com,New Zealand,2025-04-01,Basic,4500.53
8076,Mia Kim,mia.kim8076@shopmail.com,United Kingdom,2024-10-19,Basic,507.61
8077,Harper Martin,harper.martin8077@shopmail.com,Ireland,2026-06-21,Basic,3575.88
8078,Elijah Lewis,elijah.lewis8078@shopmail.com,Australia,2025-03-10,Basic,3397.45
8079,Elijah Jones,elijah.jones8079@shopmail.com,United Kingdom,2020-08-29,Basic,4481.94
8080,Oliver Martin,oliver.martin8080@shopmail.com,New Zealand,2022-06-30,Basic,3055.62
8081,Nina Brown,nina.brown8081@shopmail.com,United Kingdom,2021-10-07,Basic,2268.24
8082,Maya Allen,maya.allen8082@shopmail.com,United States,2022-01-11,Basic,4279.87
8083,Chloe Murphy,chloe.murphy8083@shopmail.com,Australia,2022-05-31,Basic,3383.31
8084,Nina Jones,nina.jones8084@shopmail.com,Australia,2020-06-26,Basic,1061.03
8085,Sophia Davis,sophia.davis8085@shopmail.com,Australia,2024-12-13,Basic,1663.86
8086,Harper Costa,harper.costa8086@shopmail.com,Canada,2024-01-25,Basic,1512.28
8087,Ava Young,ava.young8087@shopmail.com,Ireland,2022-01-10,Basic,404.52
8088,Ava Singh,ava.singh8088@shopmail.com,Singapore,2022-02-04,Basic,4718.52
8089,Liam Chen,liam.chen8089@shopmail.com,Singapore,2023-08-25,Basic,2870.59
8090,Liam Smith,liam.smith8090@shopmail.com,Canada,2023-02-04,Basic,4003.97
8091,Mason Chen,mason.chen8091@shopmail.com,New Zealand,2022-06-02,Basic,1883.02
8092,Wei Clark,wei.clark8092@shopmail.com,Australia,2021-10-18,Basic,3593.99
8093,Nina Singh,nina.singh8093@shopmail.com,India,2021-01-15,Basic,1213.84
8094,Lucas Smith,lucas.smith8094@shopmail.com,Singapore,2020-08-18,Basic,2224.27
8095,Isabella Thomas,isabella.thomas8095@shopmail.com,United States,2024-06-18,Basic,3445.45
8096,Harper Hall,harper.hall8096@shopmail.com,Australia,2025-03-06,Basic,2441.34
8097,Isla Silva,isla.silva8097@shopmail.com,United States,2023-08-02,Basic,3209.54
8098,Oliver Brown,oliver.brown8098@shopmail.com,India,2022-06-13,Basic,904.10
8099,Mateo Martin,mateo.martin8099@shopmail.com,Australia,2020-02-28,Basic,209.27
8100,Liam Brown,liam.brown8100@shopmail.com,Singapore,2024-09-28,Basic,1016.19
8101,Elijah Allen,elijah.allen8101@shopmail.com,United States,2024-10-03,Basic,3097.87
8102,Ruby Silva,ruby.silva8102@shopmail.com,United Kingdom,2023-03-07,Basic,1931.94
8103,Arjun Singh,arjun.singh8103@shopmail.com,Australia,2025-05-17,Basic,795.35
8104,Yuki Rossi,yuki.rossi8104@shopmail.com,Singapore,2020-04-23,Basic,1158.38
8105,Zara Singh,zara.singh8105@shopmail.com,Singapore,2022-06-06,Basic,1057.05
8106,Wei Kim,wei.kim8106@shopmail.com,United Kingdom,2024-08-19,Basic,4107.22
8107,Kai Young,kai.young8107@shopmail.com,Ireland,2020-09-23,Basic,1604.09
8108,Grace Moore,grace.moore8108@shopmail.com,United Kingdom,2021-05-10,Basic,2234.59
8109,Oscar Martin,oscar.martin8109@shopmail.com,United Kingdom,2020-10-05,Basic,3924.60
8110,Isla Nguyen,isla.nguyen8110@shopmail.com,Australia,2025-08-08,Basic,1900.24
8111,Charlotte Patel,charlotte.patel8111@shopmail.com,Canada,2026-05-08,Basic,1732.47
8112,Hugo Singh,hugo.singh8112@shopmail.com,United Kingdom,2024-08-13,Basic,60.51
8113,Ethan Lee,ethan.lee8113@shopmail.com,United States,2023-07-13,Basic,736.54
8114,Nina Chen,nina.chen8114@shopmail.com,Canada,2023-01-19,Basic,2476.02
8115,Elijah Garcia,elijah.garcia8115@shopmail.com,Australia,2026-04-28,Basic,766.83
8116,Elijah Hall,elijah.hall8116@shopmail.com,Australia,2022-12-23,Basic,1624.86
8117,Ruby Nguyen,ruby.nguyen8117@shopmail.com,Canada,2022-03-21,Basic,2175.16
8118,Elijah Lee,elijah.lee8118@shopmail.com,United States,2024-06-12,Basic,1983.42
8119,Zara Jones,zara.jones8119@shopmail.com,New Zealand,2021-08-12,Basic,4491.43
8120,Yuki Martin,yuki.martin8120@shopmail.com,Australia,2022-01-27,Basic,2970.37
8121,Ruby Williams,ruby.williams8121@shopmail.com,United States,2020-11-13,Basic,1059.26
8122,Oscar Anderson,oscar.anderson8122@shopmail.com,Australia,2026-04-10,Basic,685.17
8123,Olivia Moore,olivia.moore8123@shopmail.com,United Kingdom,2021-08-31,Basic,1494.71
8124,Mason Anderson,mason.anderson8124@shopmail.com,Australia,2024-02-21,Basic,158.10
8125,Yuki Costa,yuki.costa8125@shopmail.com,United Kingdom,2021-06-29,Basic,2673.56
8126,Olivia Rossi,olivia.rossi8126@shopmail.com,Ireland,2024-11-06,Basic,3248.98
8127,Hugo Allen,hugo.allen8127@shopmail.com,Australia,2020-08-10,Basic,4421.51
8128,Henry Andersen,henry.andersen8128@shopmail.com,Australia,2023-04-19,Basic,3607.32
8129,Jack Rossi,jack.rossi8129@shopmail.com,Singapore,2020-04-08,Basic,241.43
8130,Chloe Khan,chloe.khan8130@shopmail.com,Australia,2023-06-26,Basic,1456.55
8131,Leo Chen,leo.chen8131@shopmail.com,United Kingdom,2023-06-18,Basic,3301.60
8132,Ethan Kowalski,ethan.kowalski8132@shopmail.com,Singapore,2020-01-20,Basic,3264.03
8133,Nina Walker,nina.walker8133@shopmail.com,Australia,2025-10-22,Basic,1960.68
8134,Lucas Patel,lucas.patel8134@shopmail.com,Canada,2020-03-08,Basic,2541.01
8135,Chen Taylor,chen.taylor8135@shopmail.com,United Kingdom,2024-10-15,Basic,792.80
8136,Ruby Taylor,ruby.taylor8136@shopmail.com,United Kingdom,2024-04-06,Basic,2714.71
8137,Isabella Martin,isabella.martin8137@shopmail.com,Ireland,2021-08-07,Basic,1571.49
8138,Lucas Cohen,lucas.cohen8138@shopmail.com,Australia,2023-05-30,Basic,3445.63
8139,Grace Andersen,grace.andersen8139@shopmail.com,Canada,2021-11-09,Basic,2273.17
8140,Emma Lewis,emma.lewis8140@shopmail.com,United States,2021-12-25,Basic,923.70
8141,Harper Clark,harper.clark8141@shopmail.com,Singapore,2022-10-26,Basic,4201.15
8142,Leo Singh,leo.singh8142@shopmail.com,United Kingdom,2021-03-07,Basic,220.67
8143,Oliver Walker,oliver.walker8143@shopmail.com,India,2024-05-01,Basic,417.28
8144,Emma Kim,emma.kim8144@shopmail.com,United States,2024-06-09,Basic,810.27
8145,Arjun Kim,arjun.kim8145@shopmail.com,Ireland,2025-10-30,Basic,3337.91
8146,Ruby Thomas,ruby.thomas8146@shopmail.com,New Zealand,2022-10-23,Basic,2899.54
8147,Aarav Johnson,aarav.johnson8147@shopmail.com,Ireland,2022-10-03,Basic,3264.87
8148,Samuel Nguyen,samuel.nguyen8148@shopmail.com,Australia,2025-10-31,Basic,4593.97
8149,Samuel Hall,samuel.hall8149@shopmail.com,United Kingdom,2020-12-21,Basic,1101.83
8150,Yuki Lewis,yuki.lewis8150@shopmail.com,Australia,2026-04-18,Basic,4680.08
8151,Ethan Harris,ethan.harris8151@shopmail.com,Australia,2026-02-08,Basic,1188.36
8152,Olivia Davis,olivia.davis8152@shopmail.com,United Kingdom,2026-06-30,Basic,3557.77
8153,Zara Murphy,zara.murphy8153@shopmail.com,United Kingdom,2026-07-26,Basic,326.96
8154,Elijah Martin,elijah.martin8154@shopmail.com,United States,2025-07-15,Basic,2891.85
8155,Harper Dubois,harper.dubois8155@shopmail.com,Ireland,2020-01-10,Basic,437.08
8156,Lucas Thomas,lucas.thomas8156@shopmail.com,Ireland,2020-04-23,Basic,368.54
8157,Amelia Miller,amelia.miller8157@shopmail.com,United States,2024-02-12,Basic,865.83
8158,James Anderson,james.anderson8158@shopmail.com,Australia,2026-07-03,Basic,477.15
8159,Isabella Martin,isabella.martin8159@shopmail.com,Australia,2022-03-09,Basic,1163.36
8160,Jack Martin,jack.martin8160@shopmail.com,Singapore,2020-09-29,Basic,1397.23
8161,James Dubois,james.dubois8161@shopmail.com,Australia,2020-11-21,Basic,806.22
8162,Liam Taylor,liam.taylor8162@shopmail.com,Australia,2021-05-15,Basic,2636.47
8163,Leo Murphy,leo.murphy8163@shopmail.com,Australia,2020-05-23,Basic,4001.97
8164,Mia Patel,mia.patel8164@shopmail.com,India,2020-03-15,Basic,4308.32
8165,Harper Miller,harper.miller8165@shopmail.com,Singapore,2025-02-12,Basic,2332.60
8166,Priya Chen,priya.chen8166@shopmail.com,India,2020-02-26,Basic,37.45
8167,James Miller,james.miller8167@shopmail.com,Singapore,2026-07-11,Basic,3066.50
8168,Ava Rossi,ava.rossi8168@shopmail.com,United Kingdom,2023-11-04,Basic,4045.90
8169,Amelia Taylor,amelia.taylor8169@shopmail.com,New Zealand,2023-06-19,Basic,2542.08
8170,Aarav Martin,aarav.martin8170@shopmail.com,Ireland,2025-09-21,Basic,4366.42
8171,Ruby Davis,ruby.davis8171@shopmail.com,United Kingdom,2020-10-24,Basic,1500.56
8172,Oscar Walker,oscar.walker8172@shopmail.com,United Kingdom,2021-04-17,Basic,545.12
8173,Emma Dubois,emma.dubois8173@shopmail.com,United States,2020-02-14,Basic,640.20
8174,Isabella Andersen,isabella.andersen8174@shopmail.com,Australia,2020-05-15,Basic,4050.08
8175,Emma Williams,emma.williams8175@shopmail.com,India,2022-08-30,Basic,3152.59
8176,Kai Smith,kai.smith8176@shopmail.com,United States,2022-04-07,Basic,1358.55
8177,Nina Davis,nina.davis8177@shopmail.com,Australia,2022-04-19,Basic,805.11
8178,Charlotte Smith,charlotte.smith8178@shopmail.com,Australia,2024-03-14,Basic,4133.38
8179,Amelia Taylor,amelia.taylor8179@shopmail.com,New Zealand,2020-11-07,Basic,2622.65
8180,Elijah Patel,elijah.patel8180@shopmail.com,Australia,2025-01-20,Basic,1845.03
8181,Mateo Anderson,mateo.anderson8181@shopmail.com,Singapore,2020-06-24,Basic,4243.47
8182,Ava Lee,ava.lee8182@shopmail.com,Australia,2021-02-08,Basic,2095.93
8183,Nina Patel,nina.patel8183@shopmail.com,Canada,2023-04-03,Basic,795.00
8184,Amelia Thomas,amelia.thomas8184@shopmail.com,United Kingdom,2025-07-16,Basic,3262.24
8185,Oliver Garcia,oliver.garcia8185@shopmail.com,United Kingdom,2024-12-31,Basic,2426.58
8186,Sophia Kowalski,sophia.kowalski8186@shopmail.com,United States,2026-01-08,Basic,1974.89
8187,Elijah Smith,elijah.smith8187@shopmail.com,Australia,2023-08-03,Basic,460.08
8188,Mason Khan,mason.khan8188@shopmail.com,United Kingdom,2022-11-16,Basic,3619.26
8189,Leo Silva,leo.silva8189@shopmail.com,Australia,2020-03-05,Basic,819.03
8190,Liam Costa,liam.costa8190@shopmail.com,New Zealand,2020-12-08,Basic,2319.97
8191,Chen Martin,chen.martin8191@shopmail.com,Singapore,2020-04-04,Basic,1357.98
8192,James Nguyen,james.nguyen8192@shopmail.com,Ireland,2022-03-19,Basic,372.50
8193,Kai Lewis,kai.lewis8193@shopmail.com,Ireland,2020-10-31,Basic,291.11
8194,Chen Johnson,chen.johnson8194@shopmail.com,United States,2023-08-13,Basic,3817.75
8195,James Nakamura,james.nakamura8195@shopmail.com,New Zealand,2025-08-17,Basic,1535.57
8196,Arjun Young,arjun.young8196@shopmail.com,United Kingdom,2025-06-27,Basic,2143.59
8197,Ethan Cohen,ethan.cohen8197@shopmail.com,United States,2022-10-23,Basic,2093.59
8198,Samuel Cohen,samuel.cohen8198@shopmail.com,Australia,2020-01-29,Basic,2683.84
8199,Ethan Johnson,ethan.johnson8199@shopmail.com,Singapore,2025-01-15,Basic,1884.98
8200,Wei Williams,wei.williams8200@shopmail.com,United Kingdom,2025-09-19,Basic,1115.00
8201,Priya Smith,priya.smith8201@shopmail.com,Australia,2025-07-30,Basic,4333.30
8202,Chloe Thomas,chloe.thomas8202@shopmail.com,United States,2024-12-18,Basic,1163.40
8203,Elijah Dubois,elijah.dubois8203@shopmail.com,Australia,2026-05-02,Basic,123.83
8204,Arjun Harris,arjun.harris8204@shopmail.com,Australia,2020-02-14,Basic,1732.83
8205,Ava Thomas,ava.thomas8205@shopmail.com,Australia,2022-03-02,Basic,1226.97
8206,Leo Moore,leo.moore8206@shopmail.com,United Kingdom,2025-12-27,Basic,148.96
8207,Samuel Williams,samuel.williams8207@shopmail.com,United Kingdom,2020-04-30,Basic,858.10
8208,Liam Chen,liam.chen8208@shopmail.com,United Kingdom,2020-09-20,Basic,317.49
8209,Ruby Lewis,ruby.lewis8209@shopmail.com,United States,2020-11-14,Basic,3451.27
8210,Henry Brown,henry.brown8210@shopmail.com,Singapore,2024-05-28,Basic,1303.28
8211,Sofia Silva,sofia.silva8211@shopmail.com,India,2024-11-19,Basic,4379.32
8212,Arjun Chen,arjun.chen8212@shopmail.com,Australia,2021-01-01,Basic,784.93
8213,Aarav Brown,aarav.brown8213@shopmail.com,United States,2020-04-13,Basic,1477.95
8214,Yuki Andersen,yuki.andersen8214@shopmail.com,Singapore,2020-11-24,Basic,4512.16
8215,Maya Nakamura,maya.nakamura8215@shopmail.com,Australia,2026-06-23,Basic,299.72
8216,Sophia Miller,sophia.miller8216@shopmail.com,Ireland,2023-01-28,Basic,3940.54
8217,Chen Singh,chen.singh8217@shopmail.com,United States,2024-07-05,Basic,2230.67
8218,Grace Jones,grace.jones8218@shopmail.com,India,2023-10-17,Basic,620.38
8219,Nina Chen,nina.chen8219@shopmail.com,Canada,2020-04-28,Basic,462.88
8220,Liam Costa,liam.costa8220@shopmail.com,Australia,2021-01-22,Basic,2159.28
8221,Yuki Allen,yuki.allen8221@shopmail.com,Australia,2025-06-02,Basic,4176.01
8222,Henry Williams,henry.williams8222@shopmail.com,Australia,2021-09-16,Basic,3194.31
8223,Arjun Smith,arjun.smith8223@shopmail.com,New Zealand,2023-12-04,Basic,4594.81
8224,Yuki Silva,yuki.silva8224@shopmail.com,United States,2021-10-26,Basic,2114.05
8225,Elijah Hall,elijah.hall8225@shopmail.com,Australia,2021-09-01,Basic,284.73
8226,Sofia Taylor,sofia.taylor8226@shopmail.com,United States,2023-01-01,Basic,2515.85
8227,Arjun Murphy,arjun.murphy8227@shopmail.com,Ireland,2022-08-23,Basic,1731.65
8228,Isla Cohen,isla.cohen8228@shopmail.com,Australia,2025-02-21,Basic,4595.12
8229,Samuel Moore,samuel.moore8229@shopmail.com,Australia,2023-10-22,Basic,3362.82
8230,Olivia Thomas,olivia.thomas8230@shopmail.com,Canada,2022-11-10,Basic,144.06
8231,Samuel Harris,samuel.harris8231@shopmail.com,India,2025-08-22,Basic,1924.24
8232,Leo Moore,leo.moore8232@shopmail.com,Canada,2025-12-04,Basic,1480.01
8233,Charlotte Young,charlotte.young8233@shopmail.com,United States,2023-03-17,Basic,1279.52
8234,Henry Harris,henry.harris8234@shopmail.com,India,2026-04-01,Basic,1116.09
8235,Jack Patel,jack.patel8235@shopmail.com,Australia,2022-09-09,Basic,2893.49
8236,Arjun Dubois,arjun.dubois8236@shopmail.com,United Kingdom,2025-02-02,Basic,1945.25
8237,Isabella Murphy,isabella.murphy8237@shopmail.com,Australia,2023-09-27,Basic,4671.89
8238,Ethan Harris,ethan.harris8238@shopmail.com,New Zealand,2020-01-13,Basic,4507.57
8239,Lucas Brown,lucas.brown8239@shopmail.com,Australia,2024-08-10,Basic,2035.81
8240,Harper Lewis,harper.lewis8240@shopmail.com,Ireland,2020-08-30,Basic,560.12
8241,Elijah Garcia,elijah.garcia8241@shopmail.com,United Kingdom,2024-06-19,Basic,3310.62
8242,Aarav Allen,aarav.allen8242@shopmail.com,Australia,2024-08-29,Basic,1016.55
8243,Lucas Nakamura,lucas.nakamura8243@shopmail.com,United States,2024-09-14,Basic,873.35
8244,Amelia Moore,amelia.moore8244@shopmail.com,United Kingdom,2025-02-24,Basic,154.34
8245,Zara Lewis,zara.lewis8245@shopmail.com,United Kingdom,2024-01-27,Basic,3836.22
8246,Sophia Walker,sophia.walker8246@shopmail.com,Australia,2023-01-14,Basic,4182.06
8247,Isabella Garcia,isabella.garcia8247@shopmail.com,Australia,2021-03-07,Basic,2242.51
8248,Aarav Costa,aarav.costa8248@shopmail.com,New Zealand,2023-04-15,Basic,4759.81
8249,Chen Murphy,chen.murphy8249@shopmail.com,Singapore,2023-03-29,Basic,800.16
8250,Ava Dubois,ava.dubois8250@shopmail.com,United States,2023-05-10,Basic,862.23
8251,Yuki Kim,yuki.kim8251@shopmail.com,Australia,2025-09-02,Basic,526.37
8252,Mateo Jones,mateo.jones8252@shopmail.com,Australia,2021-03-31,Basic,590.48
8253,Grace Lewis,grace.lewis8253@shopmail.com,Ireland,2025-07-04,Basic,3080.07
8254,Mia Clark,mia.clark8254@shopmail.com,Singapore,2024-05-05,Basic,1383.71
8255,Hugo Khan,hugo.khan8255@shopmail.com,United States,2021-12-11,Basic,1215.29
8256,Amelia Hall,amelia.hall8256@shopmail.com,Australia,2025-12-03,Basic,4234.33
8257,Mateo Costa,mateo.costa8257@shopmail.com,Ireland,2021-04-29,Basic,1728.64
8258,James Brown,james.brown8258@shopmail.com,United States,2023-07-18,Basic,3885.70
8259,Aarav Nguyen,aarav.nguyen8259@shopmail.com,Singapore,2020-11-04,Basic,3825.30
8260,Ethan Lewis,ethan.lewis8260@shopmail.com,United States,2026-05-18,Basic,851.63
8261,Harper Brown,harper.brown8261@shopmail.com,United Kingdom,2025-03-21,Basic,3901.28
8262,Arjun Thomas,arjun.thomas8262@shopmail.com,New Zealand,2023-08-21,Basic,3552.72
8263,Noah Johnson,noah.johnson8263@shopmail.com,Canada,2025-08-22,Basic,440.59
8264,Aarav Chen,aarav.chen8264@shopmail.com,New Zealand,2022-09-04,Basic,3565.37
8265,Maya Kim,maya.kim8265@shopmail.com,Australia,2023-06-17,Basic,986.82
8266,Emma Jones,emma.jones8266@shopmail.com,New Zealand,2024-08-29,Basic,63.58
8267,Grace Kim,grace.kim8267@shopmail.com,Australia,2020-04-18,Basic,1812.58
8268,Eva Singh,eva.singh8268@shopmail.com,Australia,2024-12-31,Basic,4383.05
8269,Eva Miller,eva.miller8269@shopmail.com,Ireland,2021-08-25,Basic,3835.10
8270,Noah Nakamura,noah.nakamura8270@shopmail.com,United States,2020-05-31,Basic,1851.64
8271,James Kowalski,james.kowalski8271@shopmail.com,Australia,2022-12-26,Basic,2101.30
8272,Sofia Smith,sofia.smith8272@shopmail.com,Australia,2021-03-16,Basic,4321.88
8273,Priya Smith,priya.smith8273@shopmail.com,Australia,2022-02-21,Basic,390.70
8274,Liam Smith,liam.smith8274@shopmail.com,New Zealand,2020-08-03,Basic,898.78
8275,Ruby Thomas,ruby.thomas8275@shopmail.com,United States,2026-01-25,Basic,1994.99
8276,Isla Lee,isla.lee8276@shopmail.com,Singapore,2021-07-01,Basic,541.54
8277,Mia Brown,mia.brown8277@shopmail.com,United States,2024-05-20,Basic,4265.11
8278,Aarav Dubois,aarav.dubois8278@shopmail.com,New Zealand,2021-07-31,Basic,1785.24
8279,Henry Chen,henry.chen8279@shopmail.com,Ireland,2024-04-08,Basic,2965.86
8280,Chloe Khan,chloe.khan8280@shopmail.com,New Zealand,2021-11-02,Basic,155.62
8281,Emma Jones,emma.jones8281@shopmail.com,New Zealand,2020-12-13,Basic,1335.67
8282,Zara Wilson,zara.wilson8282@shopmail.com,New Zealand,2024-05-25,Basic,66.43
8283,Ruby Lee,ruby.lee8283@shopmail.com,United States,2021-11-25,Basic,1184.12
8284,Maya Kowalski,maya.kowalski8284@shopmail.com,Australia,2023-12-20,Basic,2778.31
8285,Lucas Nakamura,lucas.nakamura8285@shopmail.com,Canada,2023-08-12,Basic,3551.36
8286,Eva Lewis,eva.lewis8286@shopmail.com,United States,2023-08-18,Basic,3166.55
8287,Leo Martin,leo.martin8287@shopmail.com,Ireland,2025-06-29,Basic,3371.17
8288,Eva Khan,eva.khan8288@shopmail.com,Australia,2022-07-29,Basic,137.83
8289,Priya Cohen,priya.cohen8289@shopmail.com,United States,2026-06-12,Basic,2252.30
8290,Eva Andersen,eva.andersen8290@shopmail.com,Australia,2024-05-16,Basic,2129.17
8291,Olivia Murphy,olivia.murphy8291@shopmail.com,New Zealand,2021-02-12,Basic,193.73
8292,Hugo Martin,hugo.martin8292@shopmail.com,India,2023-01-21,Basic,3502.86
8293,Maya Miller,maya.miller8293@shopmail.com,United Kingdom,2020-01-19,Basic,3705.03
8294,Ethan Costa,ethan.costa8294@shopmail.com,Australia,2022-08-26,Basic,1636.80
8295,Leo Johnson,leo.johnson8295@shopmail.com,Australia,2025-12-13,Basic,1706.71
8296,Arjun Singh,arjun.singh8296@shopmail.com,India,2024-04-18,Basic,2042.57
8297,James Singh,james.singh8297@shopmail.com,Australia,2024-01-03,Basic,1474.82
8298,Henry Chen,henry.chen8298@shopmail.com,Australia,2025-06-14,Basic,1567.94
8299,Ava Thomas,ava.thomas8299@shopmail.com,Australia,2020-08-21,Basic,425.29
8300,Wei Wilson,wei.wilson8300@shopmail.com,United Kingdom,2021-11-07,Basic,3183.77
8301,Charlotte Walker,charlotte.walker8301@shopmail.com,Singapore,2023-03-16,Basic,4391.41
8302,Kai Johnson,kai.johnson8302@shopmail.com,Ireland,2021-06-19,Basic,4102.11
8303,Sofia Young,sofia.young8303@shopmail.com,Australia,2025-08-17,Basic,1675.39
8304,Eva Lee,eva.lee8304@shopmail.com,United Kingdom,2024-07-18,Basic,1792.80
8305,Chen Thomas,chen.thomas8305@shopmail.com,Ireland,2023-02-06,Basic,3076.37
8306,Ruby Rossi,ruby.rossi8306@shopmail.com,Ireland,2023-09-17,Basic,182.72
8307,Chloe Singh,chloe.singh8307@shopmail.com,Singapore,2024-01-24,Basic,3712.52
8308,Priya Rossi,priya.rossi8308@shopmail.com,Australia,2025-06-13,Basic,4202.32
8309,Aarav Dubois,aarav.dubois8309@shopmail.com,Ireland,2023-12-15,Basic,3491.62
8310,Isabella Allen,isabella.allen8310@shopmail.com,Australia,2021-11-29,Basic,818.56
8311,Chen Dubois,chen.dubois8311@shopmail.com,New Zealand,2024-09-13,Basic,2198.23
8312,Hugo Brown,hugo.brown8312@shopmail.com,Australia,2025-07-07,Basic,3866.09
8313,Lucas Thomas,lucas.thomas8313@shopmail.com,United States,2026-08-09,Basic,3607.27
8314,Mia Lewis,mia.lewis8314@shopmail.com,India,2024-10-19,Basic,1573.23
8315,Lucas Martin,lucas.martin8315@shopmail.com,Ireland,2024-06-15,Basic,2382.48
8316,Hugo Costa,hugo.costa8316@shopmail.com,India,2020-08-04,Basic,682.60
8317,Ethan Nakamura,ethan.nakamura8317@shopmail.com,United Kingdom,2023-01-07,Basic,182.63
8318,James Brown,james.brown8318@shopmail.com,United States,2022-12-10,Basic,3646.12
8319,Chen Costa,chen.costa8319@shopmail.com,Canada,2020-12-02,Basic,4518.46
8320,Wei Anderson,wei.anderson8320@shopmail.com,United Kingdom,2026-04-30,Basic,3551.02
8321,Ruby Hall,ruby.hall8321@shopmail.com,Australia,2026-02-03,Basic,1635.40
8322,Mason Murphy,mason.murphy8322@shopmail.com,United Kingdom,2022-10-11,Basic,1601.81
8323,Samuel Young,samuel.young8323@shopmail.com,United Kingdom,2020-10-15,Basic,1499.01
8324,Leo Thomas,leo.thomas8324@shopmail.com,Australia,2023-01-15,Basic,285.84
8325,Sofia Anderson,sofia.anderson8325@shopmail.com,Australia,2024-06-17,Basic,3794.90
8326,Amelia Clark,amelia.clark8326@shopmail.com,United Kingdom,2020-11-08,Basic,330.95
8327,Eva Cohen,eva.cohen8327@shopmail.com,United States,2025-07-24,Basic,906.51
8328,Isabella Nakamura,isabella.nakamura8328@shopmail.com,Australia,2024-04-15,Basic,4329.28
8329,Eva Moore,eva.moore8329@shopmail.com,Singapore,2022-06-14,Basic,3319.41
8330,Liam Young,liam.young8330@shopmail.com,Australia,2020-09-27,Basic,2308.62
8331,Charlotte Brown,charlotte.brown8331@shopmail.com,Australia,2022-04-08,Basic,4730.00
8332,Ethan Brown,ethan.brown8332@shopmail.com,United States,2024-03-10,Basic,1401.00
8333,Ava Nakamura,ava.nakamura8333@shopmail.com,Singapore,2023-05-19,Basic,1199.04
8334,Leo Brown,leo.brown8334@shopmail.com,Singapore,2022-01-10,Basic,3249.52
8335,Eva Moore,eva.moore8335@shopmail.com,Australia,2022-06-30,Basic,2261.88
8336,Arjun Andersen,arjun.andersen8336@shopmail.com,Australia,2021-10-10,Basic,3283.94
8337,Noah Williams,noah.williams8337@shopmail.com,India,2022-09-11,Basic,4463.04
8338,Oscar Singh,oscar.singh8338@shopmail.com,United States,2025-02-17,Basic,3758.99
8339,Henry Harris,henry.harris8339@shopmail.com,United Kingdom,2023-11-02,Basic,3673.17
8340,Henry Kim,henry.kim8340@shopmail.com,New Zealand,2024-01-02,Basic,1673.25
8341,Chen Brown,chen.brown8341@shopmail.com,Australia,2022-10-21,Basic,4317.67
8342,Isla Davis,isla.davis8342@shopmail.com,India,2023-09-17,Basic,3868.43
8343,Aarav Moore,aarav.moore8343@shopmail.com,United Kingdom,2021-03-30,Basic,517.82
8344,Emma Wilson,emma.wilson8344@shopmail.com,United Kingdom,2022-04-16,Basic,2756.15
8345,Mateo Martin,mateo.martin8345@shopmail.com,Australia,2020-07-20,Basic,2579.31
8346,Elijah Moore,elijah.moore8346@shopmail.com,Canada,2022-10-18,Basic,905.24
8347,Ava Martin,ava.martin8347@shopmail.com,United Kingdom,2020-10-13,Basic,1494.37
8348,Kai Hall,kai.hall8348@shopmail.com,United Kingdom,2020-04-26,Basic,2229.65
8349,Isabella Kim,isabella.kim8349@shopmail.com,New Zealand,2020-03-12,Basic,2074.39
8350,Leo Smith,leo.smith8350@shopmail.com,United Kingdom,2024-12-07,Basic,1350.92
8351,Oliver Hall,oliver.hall8351@shopmail.com,Singapore,2021-05-20,Basic,3582.48
8352,Yuki Walker,yuki.walker8352@shopmail.com,United States,2025-05-09,Basic,2097.50
8353,Oliver Singh,oliver.singh8353@shopmail.com,New Zealand,2026-04-22,Basic,4723.54
8354,Aarav Wilson,aarav.wilson8354@shopmail.com,United States,2026-06-29,Basic,2177.34
8355,Emma Taylor,emma.taylor8355@shopmail.com,India,2023-02-28,Basic,257.66
8356,Nina Hall,nina.hall8356@shopmail.com,United States,2021-11-22,Basic,1655.41
8357,Liam Thomas,liam.thomas8357@shopmail.com,Australia,2024-01-19,Basic,2434.79
8358,Amelia Rossi,amelia.rossi8358@shopmail.com,United States,2021-04-02,Basic,771.88
8359,Maya Taylor,maya.taylor8359@shopmail.com,United States,2022-12-19,Basic,2547.46
8360,Arjun Garcia,arjun.garcia8360@shopmail.com,India,2026-08-11,Basic,4577.84
8361,Yuki Patel,yuki.patel8361@shopmail.com,Australia,2024-04-22,Basic,3257.75
8362,Chen Jones,chen.jones8362@shopmail.com,Canada,2026-07-19,Basic,1326.23
8363,Jack Young,jack.young8363@shopmail.com,New Zealand,2024-11-06,Basic,1206.82
8364,Priya Anderson,priya.anderson8364@shopmail.com,Australia,2026-07-20,Basic,28.34
8365,Aarav Jones,aarav.jones8365@shopmail.com,United Kingdom,2021-11-26,Basic,1455.16
8366,Isabella Nakamura,isabella.nakamura8366@shopmail.com,United Kingdom,2025-07-22,Basic,2584.06
8367,Chen Clark,chen.clark8367@shopmail.com,United States,2020-02-08,Basic,3779.82
8368,Isla Murphy,isla.murphy8368@shopmail.com,Ireland,2025-06-22,Basic,2875.76
8369,Sofia Williams,sofia.williams8369@shopmail.com,Australia,2023-05-18,Basic,1803.60
8370,Liam Lee,liam.lee8370@shopmail.com,United Kingdom,2025-06-30,Basic,687.61
8371,Chen Williams,chen.williams8371@shopmail.com,Canada,2021-06-09,Basic,4356.42
8372,Olivia Brown,olivia.brown8372@shopmail.com,Ireland,2023-06-22,Basic,3196.95
8373,Henry Murphy,henry.murphy8373@shopmail.com,Canada,2020-05-12,Basic,3977.55
8374,Oscar Harris,oscar.harris8374@shopmail.com,New Zealand,2024-09-30,Basic,205.89
8375,Harper Miller,harper.miller8375@shopmail.com,United Kingdom,2021-02-04,Basic,1063.49
8376,Yuki Smith,yuki.smith8376@shopmail.com,Canada,2025-06-19,Basic,2819.55
8377,Elijah Garcia,elijah.garcia8377@shopmail.com,United Kingdom,2023-01-03,Basic,1680.24
8378,Priya Taylor,priya.taylor8378@shopmail.com,United States,2023-11-15,Basic,1385.19
8379,Mia Khan,mia.khan8379@shopmail.com,Canada,2022-04-04,Basic,4172.18
8380,Arjun Chen,arjun.chen8380@shopmail.com,United States,2025-08-18,Basic,1624.56
8381,Ava Patel,ava.patel8381@shopmail.com,Singapore,2020-08-01,Basic,2029.94
8382,Jack Nakamura,jack.nakamura8382@shopmail.com,United States,2020-10-14,Basic,1668.13
8383,Henry Davis,henry.davis8383@shopmail.com,Canada,2023-08-24,Basic,1751.07
8384,Grace Singh,grace.singh8384@shopmail.com,Australia,2024-09-21,Basic,1990.00
8385,Hugo Walker,hugo.walker8385@shopmail.com,Australia,2026-05-05,Basic,1149.67
8386,Harper Kim,harper.kim8386@shopmail.com,New Zealand,2024-07-26,Basic,3068.29
8387,Chen Costa,chen.costa8387@shopmail.com,United Kingdom,2023-07-08,Basic,573.21
8388,Grace Davis,grace.davis8388@shopmail.com,Australia,2022-06-16,Basic,993.84
8389,Chen Singh,chen.singh8389@shopmail.com,Australia,2022-02-06,Basic,632.15
8390,Mateo Jones,mateo.jones8390@shopmail.com,United States,2021-08-31,Basic,1791.33
8391,Eva Chen,eva.chen8391@shopmail.com,Australia,2021-06-10,Basic,391.32
8392,Isabella Kowalski,isabella.kowalski8392@shopmail.com,India,2025-01-21,Basic,4059.19
8393,Yuki Dubois,yuki.dubois8393@shopmail.com,Ireland,2024-05-07,Basic,2782.72
8394,Arjun Walker,arjun.walker8394@shopmail.com,United States,2025-05-27,Basic,2741.13
8395,Isla Singh,isla.singh8395@shopmail.com,Canada,2022-03-22,Basic,409.32
8396,Leo Lee,leo.lee8396@shopmail.com,Australia,2023-11-24,Basic,777.77
8397,Emma Clark,emma.clark8397@shopmail.com,Canada,2022-04-19,Basic,1865.67
8398,Mia Taylor,mia.taylor8398@shopmail.com,Ireland,2023-11-24,Basic,3905.78
8399,Ava Kowalski,ava.kowalski8399@shopmail.com,New Zealand,2021-06-29,Basic,1128.29
8400,Sophia Wilson,sophia.wilson8400@shopmail.com,United States,2023-02-27,Basic,1945.76
8401,James Davis,james.davis8401@shopmail.com,United States,2024-05-18,Basic,978.24
8402,Oliver Garcia,oliver.garcia8402@shopmail.com,India,2025-08-19,Basic,4138.84
8403,Harper Rossi,harper.rossi8403@shopmail.com,Singapore,2020-03-10,Basic,4016.90
8404,Mateo Patel,mateo.patel8404@shopmail.com,Australia,2024-05-09,Basic,21.27
8405,Isabella Taylor,isabella.taylor8405@shopmail.com,Australia,2020-02-19,Basic,1983.49
8406,Sofia Singh,sofia.singh8406@shopmail.com,United States,2022-04-24,Basic,3077.63
8407,Sofia Cohen,sofia.cohen8407@shopmail.com,United States,2024-03-10,Basic,1879.65
8408,Wei Thomas,wei.thomas8408@shopmail.com,Ireland,2025-11-03,Basic,1485.06
8409,Noah Smith,noah.smith8409@shopmail.com,Ireland,2023-05-05,Basic,4223.39
8410,Liam Martin,liam.martin8410@shopmail.com,Canada,2021-10-14,Basic,2250.11
8411,Olivia Martin,olivia.martin8411@shopmail.com,Ireland,2021-06-06,Basic,1480.98
8412,Kai Taylor,kai.taylor8412@shopmail.com,Canada,2024-12-25,Basic,1462.11
8413,Charlotte Martin,charlotte.martin8413@shopmail.com,Canada,2023-08-23,Basic,611.16
8414,Ethan Allen,ethan.allen8414@shopmail.com,United Kingdom,2020-11-27,Basic,556.49
8415,Isla Anderson,isla.anderson8415@shopmail.com,Australia,2022-09-21,Basic,4007.06
8416,Maya Smith,maya.smith8416@shopmail.com,Singapore,2024-10-24,Basic,4113.35
8417,Hugo Allen,hugo.allen8417@shopmail.com,United States,2024-08-18,Basic,4639.60
8418,Noah Dubois,noah.dubois8418@shopmail.com,United Kingdom,2022-03-29,Basic,4408.70
8419,Noah Miller,noah.miller8419@shopmail.com,Australia,2021-11-01,Basic,2412.08
8420,Ava Rossi,ava.rossi8420@shopmail.com,United States,2020-05-02,Basic,3885.79
8421,Amelia Chen,amelia.chen8421@shopmail.com,United Kingdom,2024-04-25,Basic,1887.57
8422,Jack Walker,jack.walker8422@shopmail.com,United States,2021-12-18,Basic,2434.17
8423,Harper Thomas,harper.thomas8423@shopmail.com,United Kingdom,2023-08-29,Basic,2791.26
8424,Zara Allen,zara.allen8424@shopmail.com,Australia,2022-02-27,Basic,965.05
8425,Oscar Brown,oscar.brown8425@shopmail.com,Canada,2021-12-09,Basic,3205.65
8426,Eva Lewis,eva.lewis8426@shopmail.com,Australia,2022-07-10,Basic,2354.73
8427,Amelia Patel,amelia.patel8427@shopmail.com,Singapore,2022-03-21,Basic,3198.21
8428,Oliver Moore,oliver.moore8428@shopmail.com,Australia,2022-10-24,Basic,3550.27
8429,Elijah Silva,elijah.silva8429@shopmail.com,Canada,2023-09-13,Basic,1989.84
8430,Oliver Allen,oliver.allen8430@shopmail.com,Australia,2022-10-19,Basic,261.67
8431,Jack Khan,jack.khan8431@shopmail.com,United States,2026-03-25,Basic,295.62
8432,Noah Wilson,noah.wilson8432@shopmail.com,Canada,2024-06-18,Basic,1582.86
8433,Wei Young,wei.young8433@shopmail.com,Ireland,2026-01-28,Basic,2897.44
8434,Isla Patel,isla.patel8434@shopmail.com,Australia,2025-08-31,Basic,1142.20
8435,Isla Thomas,isla.thomas8435@shopmail.com,Australia,2020-10-29,Basic,1574.43
8436,Zara Rossi,zara.rossi8436@shopmail.com,United States,2025-07-27,Basic,1985.55
8437,Nina Garcia,nina.garcia8437@shopmail.com,Australia,2024-06-26,Basic,3484.24
8438,Grace Patel,grace.patel8438@shopmail.com,United States,2024-08-22,Basic,4027.90
8439,Elijah Khan,elijah.khan8439@shopmail.com,Australia,2021-07-02,Basic,3375.06
8440,Charlotte Miller,charlotte.miller8440@shopmail.com,India,2023-09-04,Basic,3151.43
8441,Nina Johnson,nina.johnson8441@shopmail.com,Australia,2026-04-23,Basic,1463.62
8442,Aarav Young,aarav.young8442@shopmail.com,Australia,2022-11-14,Basic,3553.70
8443,Priya Rossi,priya.rossi8443@shopmail.com,United States,2024-08-03,Basic,4144.52
8444,Noah Harris,noah.harris8444@shopmail.com,United States,2026-01-04,Basic,4052.36
8445,Chen Allen,chen.allen8445@shopmail.com,Australia,2020-05-19,Basic,3393.76
8446,Hugo Garcia,hugo.garcia8446@shopmail.com,Canada,2024-02-14,Basic,2852.82
8447,Jack Silva,jack.silva8447@shopmail.com,United States,2022-02-07,Basic,679.91
8448,Amelia Costa,amelia.costa8448@shopmail.com,Canada,2024-02-02,Basic,4604.51
8449,Hugo Moore,hugo.moore8449@shopmail.com,United Kingdom,2020-03-03,Basic,4433.68
8450,Hugo Young,hugo.young8450@shopmail.com,Australia,2021-09-23,Basic,3058.17
8451,Olivia Singh,olivia.singh8451@shopmail.com,United Kingdom,2021-03-10,Basic,2697.22
8452,Priya Lee,priya.lee8452@shopmail.com,United Kingdom,2020-05-20,Basic,3386.27
8453,Oscar Andersen,oscar.andersen8453@shopmail.com,Australia,2024-11-30,Basic,651.90
8454,Elijah Johnson,elijah.johnson8454@shopmail.com,Australia,2022-05-29,Basic,2642.79
8455,Arjun Miller,arjun.miller8455@shopmail.com,Australia,2021-10-08,Basic,54.75
8456,Nina Kowalski,nina.kowalski8456@shopmail.com,United Kingdom,2025-05-06,Basic,2057.33
8457,Ethan Silva,ethan.silva8457@shopmail.com,Australia,2020-03-12,Basic,956.84
8458,Chloe Lee,chloe.lee8458@shopmail.com,New Zealand,2022-10-21,Basic,2415.78
8459,Charlotte Nguyen,charlotte.nguyen8459@shopmail.com,United Kingdom,2025-06-01,Basic,4.61
8460,Oliver Smith,oliver.smith8460@shopmail.com,United Kingdom,2024-07-19,Basic,3164.89
8461,Priya Cohen,priya.cohen8461@shopmail.com,Ireland,2023-03-21,Basic,4027.17
8462,Mason Singh,mason.singh8462@shopmail.com,United States,2025-05-13,Basic,163.04
8463,Aarav Chen,aarav.chen8463@shopmail.com,United States,2022-04-04,Basic,2884.98
8464,Noah Chen,noah.chen8464@shopmail.com,New Zealand,2020-01-24,Basic,2833.65
8465,Chen Lewis,chen.lewis8465@shopmail.com,United Kingdom,2026-03-01,Basic,3138.25
8466,Oscar Harris,oscar.harris8466@shopmail.com,Canada,2020-07-24,Basic,3624.26
8467,Kai Khan,kai.khan8467@shopmail.com,United Kingdom,2025-12-26,Basic,597.66
8468,Lucas Allen,lucas.allen8468@shopmail.com,Australia,2021-01-22,Basic,655.67
8469,Hugo Taylor,hugo.taylor8469@shopmail.com,United Kingdom,2024-09-14,Basic,613.34
8470,Zara Cohen,zara.cohen8470@shopmail.com,Ireland,2025-09-13,Basic,4294.01
8471,Liam Costa,liam.costa8471@shopmail.com,United Kingdom,2025-10-13,Basic,248.39
8472,James Garcia,james.garcia8472@shopmail.com,Ireland,2023-04-18,Basic,1853.31
8473,Priya Rossi,priya.rossi8473@shopmail.com,Ireland,2020-02-23,Basic,196.25
8474,Noah Brown,noah.brown8474@shopmail.com,Australia,2025-01-20,Basic,1006.25
8475,Isla Hall,isla.hall8475@shopmail.com,New Zealand,2024-05-26,Basic,2116.93
8476,Ethan Walker,ethan.walker8476@shopmail.com,Canada,2025-07-25,Basic,1358.67
8477,Jack Costa,jack.costa8477@shopmail.com,Australia,2026-06-08,Basic,3053.89
8478,Liam Dubois,liam.dubois8478@shopmail.com,India,2023-02-05,Basic,502.25
8479,Oliver Costa,oliver.costa8479@shopmail.com,United States,2023-07-26,Basic,4542.31
8480,Charlotte Cohen,charlotte.cohen8480@shopmail.com,Australia,2025-11-14,Basic,1051.37
8481,Oliver Moore,oliver.moore8481@shopmail.com,Australia,2023-12-05,Basic,1410.21
8482,Maya Clark,maya.clark8482@shopmail.com,Singapore,2021-12-18,Basic,1720.62
8483,Noah Miller,noah.miller8483@shopmail.com,Australia,2026-07-15,Basic,3149.83
8484,Mason Patel,mason.patel8484@shopmail.com,India,2023-05-14,Basic,4127.13
8485,James Costa,james.costa8485@shopmail.com,New Zealand,2021-11-11,Basic,3176.79
8486,Wei Jones,wei.jones8486@shopmail.com,Australia,2023-07-08,Basic,2710.64
8487,Samuel Williams,samuel.williams8487@shopmail.com,Canada,2022-07-23,Basic,3649.60
8488,Elijah Harris,elijah.harris8488@shopmail.com,United States,2026-01-30,Basic,3406.61
8489,Grace Rossi,grace.rossi8489@shopmail.com,United Kingdom,2024-10-28,Basic,174.11
8490,Charlotte Thomas,charlotte.thomas8490@shopmail.com,Canada,2025-11-14,Basic,2770.75
8491,Priya Jones,priya.jones8491@shopmail.com,Australia,2023-06-22,Basic,80.14
8492,Amelia Costa,amelia.costa8492@shopmail.com,India,2025-04-10,Basic,2640.54
8493,Maya Rossi,maya.rossi8493@shopmail.com,New Zealand,2023-04-03,Basic,3211.78
8494,Mason Johnson,mason.johnson8494@shopmail.com,United States,2021-02-13,Basic,2450.56
8495,Grace Harris,grace.harris8495@shopmail.com,Australia,2026-05-17,Basic,3189.64
8496,Samuel Silva,samuel.silva8496@shopmail.com,Canada,2020-02-04,Basic,865.73
8497,Charlotte Harris,charlotte.harris8497@shopmail.com,United States,2021-11-14,Basic,4211.80
8498,Ruby Davis,ruby.davis8498@shopmail.com,United Kingdom,2023-06-19,Basic,2684.35
8499,Arjun Hall,arjun.hall8499@shopmail.com,Australia,2022-06-30,Basic,1071.66
8500,Oliver Jones,oliver.jones8500@shopmail.com,United States,2025-09-17,Basic,1991.81
8501,Chen Silva,chen.silva8501@shopmail.com,United States,2024-07-20,Basic,4042.64
8502,Oscar Jones,oscar.jones8502@shopmail.com,India,2021-07-13,Basic,4740.18
8503,Arjun Dubois,arjun.dubois8503@shopmail.com,India,2021-07-06,Basic,3663.55
8504,Ethan Brown,ethan.brown8504@shopmail.com,Australia,2025-12-13,Basic,4656.59
8505,Chloe Hall,chloe.hall8505@shopmail.com,Ireland,2024-11-28,Basic,1295.12
8506,Sofia Khan,sofia.khan8506@shopmail.com,India,2022-01-30,Basic,1143.49
8507,James Martin,james.martin8507@shopmail.com,United Kingdom,2020-02-23,Basic,1814.74
8508,Oscar Nakamura,oscar.nakamura8508@shopmail.com,United States,2021-03-29,Basic,2854.24
8509,Lucas Lewis,lucas.lewis8509@shopmail.com,Ireland,2025-04-17,Basic,3179.47
8510,Mia Kim,mia.kim8510@shopmail.com,United Kingdom,2023-10-31,Basic,3603.12
8511,Henry Jones,henry.jones8511@shopmail.com,Australia,2024-07-16,Basic,1352.66
8512,Grace Murphy,grace.murphy8512@shopmail.com,New Zealand,2024-01-28,Basic,454.77
8513,Yuki Hall,yuki.hall8513@shopmail.com,Australia,2025-01-27,Basic,1710.72
8514,Mia Patel,mia.patel8514@shopmail.com,United States,2023-05-15,Basic,4668.30
8515,Yuki Nakamura,yuki.nakamura8515@shopmail.com,United States,2021-08-21,Basic,4718.87
8516,Priya Wilson,priya.wilson8516@shopmail.com,Canada,2024-09-13,Basic,3142.54
8517,Eva Costa,eva.costa8517@shopmail.com,Australia,2021-04-05,Basic,3918.59
8518,Mateo Miller,mateo.miller8518@shopmail.com,Ireland,2021-02-25,Basic,3930.89
8519,Priya Kowalski,priya.kowalski8519@shopmail.com,United States,2022-10-19,Basic,3779.26
8520,Maya Patel,maya.patel8520@shopmail.com,Australia,2023-08-02,Basic,2207.75
8521,Wei Singh,wei.singh8521@shopmail.com,United States,2020-05-31,Basic,3115.25
8522,Emma Singh,emma.singh8522@shopmail.com,Ireland,2025-12-19,Basic,44.38
8523,Eva Andersen,eva.andersen8523@shopmail.com,Australia,2025-08-26,Basic,3529.12
8524,Noah Lee,noah.lee8524@shopmail.com,New Zealand,2024-11-12,Basic,1553.33
8525,Emma Taylor,emma.taylor8525@shopmail.com,Ireland,2025-06-09,Basic,1536.18
8526,Leo Brown,leo.brown8526@shopmail.com,Australia,2023-05-10,Basic,3583.46
8527,Sofia Kim,sofia.kim8527@shopmail.com,Australia,2022-09-14,Basic,4099.73
8528,Maya Costa,maya.costa8528@shopmail.com,Australia,2022-09-27,Basic,1443.14
8529,Mateo Wilson,mateo.wilson8529@shopmail.com,New Zealand,2023-08-07,Basic,2169.94
8530,Chen Jones,chen.jones8530@shopmail.com,United Kingdom,2023-10-13,Basic,3467.84
8531,Kai Wilson,kai.wilson8531@shopmail.com,United Kingdom,2022-02-26,Basic,2569.99
8532,James Moore,james.moore8532@shopmail.com,Ireland,2021-11-11,Basic,4615.27
8533,Isabella Rossi,isabella.rossi8533@shopmail.com,Australia,2024-03-26,Basic,528.49
8534,Kai Kim,kai.kim8534@shopmail.com,Ireland,2021-10-20,Basic,3433.23
8535,Isla Kim,isla.kim8535@shopmail.com,India,2025-03-10,Basic,4601.20
8536,Aarav Murphy,aarav.murphy8536@shopmail.com,United Kingdom,2022-01-06,Basic,4572.84
8537,Amelia Murphy,amelia.murphy8537@shopmail.com,Australia,2022-05-06,Basic,3285.74
8538,Sofia Lewis,sofia.lewis8538@shopmail.com,United States,2026-04-13,Basic,3635.64
8539,Mia Singh,mia.singh8539@shopmail.com,United States,2021-01-28,Basic,2739.83
8540,Mason Davis,mason.davis8540@shopmail.com,Ireland,2021-09-26,Basic,858.49
8541,Nina Lewis,nina.lewis8541@shopmail.com,Australia,2021-12-20,Basic,4479.16
8542,Ethan Wilson,ethan.wilson8542@shopmail.com,United States,2020-01-04,Basic,4161.79
8543,Jack Taylor,jack.taylor8543@shopmail.com,United Kingdom,2022-09-12,Basic,3288.97
8544,Aarav Miller,aarav.miller8544@shopmail.com,United States,2024-01-16,Basic,1317.96
8545,Mateo Lewis,mateo.lewis8545@shopmail.com,Australia,2026-01-17,Basic,2942.00
8546,Priya Andersen,priya.andersen8546@shopmail.com,United States,2022-09-06,Basic,410.58
8547,James Brown,james.brown8547@shopmail.com,Australia,2023-11-22,Basic,1931.22
8548,Olivia Moore,olivia.moore8548@shopmail.com,Australia,2025-08-30,Basic,723.18
8549,Ruby Moore,ruby.moore8549@shopmail.com,United Kingdom,2023-05-25,Basic,4181.18
8550,James Walker,james.walker8550@shopmail.com,United States,2026-07-01,Basic,3903.96
8551,Maya Kim,maya.kim8551@shopmail.com,United Kingdom,2024-12-19,Basic,481.26
8552,Isla Kowalski,isla.kowalski8552@shopmail.com,Singapore,2021-07-24,Basic,443.42
8553,Isabella Nguyen,isabella.nguyen8553@shopmail.com,Australia,2025-11-18,Basic,2005.57
8554,Maya Singh,maya.singh8554@shopmail.com,United States,2023-07-09,Basic,1852.49
8555,Amelia Walker,amelia.walker8555@shopmail.com,United States,2024-05-02,Basic,242.59
8556,Kai Andersen,kai.andersen8556@shopmail.com,Australia,2022-05-13,Basic,97.37
8557,Lucas Nguyen,lucas.nguyen8557@shopmail.com,United States,2024-12-04,Basic,850.05
8558,Eva Young,eva.young8558@shopmail.com,United Kingdom,2025-03-27,Basic,4477.96
8559,Amelia Chen,amelia.chen8559@shopmail.com,Australia,2020-11-15,Basic,1903.80
8560,Harper Johnson,harper.johnson8560@shopmail.com,United States,2023-04-17,Basic,1859.74
8561,Oliver Murphy,oliver.murphy8561@shopmail.com,Australia,2024-06-02,Basic,4643.75
8562,Isabella Khan,isabella.khan8562@shopmail.com,Ireland,2020-02-28,Basic,1130.96
8563,Amelia Chen,amelia.chen8563@shopmail.com,New Zealand,2020-07-20,Basic,2474.72
8564,Wei Cohen,wei.cohen8564@shopmail.com,New Zealand,2026-05-27,Basic,387.53
8565,Ava Kowalski,ava.kowalski8565@shopmail.com,Ireland,2022-09-08,Basic,1219.81
8566,Ethan Williams,ethan.williams8566@shopmail.com,Australia,2021-01-24,Basic,293.10
8567,Oliver Kim,oliver.kim8567@shopmail.com,United Kingdom,2022-08-20,Basic,3689.30
8568,Leo Taylor,leo.taylor8568@shopmail.com,Ireland,2021-08-11,Basic,2515.98
8569,Mateo Hall,mateo.hall8569@shopmail.com,New Zealand,2020-10-23,Basic,1392.50
8570,James Andersen,james.andersen8570@shopmail.com,Singapore,2023-09-18,Basic,2177.83
8571,Charlotte Anderson,charlotte.anderson8571@shopmail.com,Australia,2026-06-12,Basic,1689.58
8572,Oliver Smith,oliver.smith8572@shopmail.com,United States,2023-07-02,Basic,2529.83
8573,Ava Williams,ava.williams8573@shopmail.com,United Kingdom,2024-08-25,Basic,3587.79
8574,Emma Taylor,emma.taylor8574@shopmail.com,United Kingdom,2020-01-26,Basic,1421.73
8575,Hugo Johnson,hugo.johnson8575@shopmail.com,Singapore,2021-03-01,Basic,2122.55
8576,Samuel Allen,samuel.allen8576@shopmail.com,Australia,2025-09-24,Basic,3980.69
8577,Samuel Miller,samuel.miller8577@shopmail.com,Canada,2024-04-04,Basic,4277.80
8578,Elijah Walker,elijah.walker8578@shopmail.com,New Zealand,2020-10-24,Basic,4629.14
8579,Grace Kim,grace.kim8579@shopmail.com,Singapore,2025-07-06,Basic,2619.31
8580,Wei Hall,wei.hall8580@shopmail.com,United States,2022-06-23,Basic,4072.18
8581,Isabella Jones,isabella.jones8581@shopmail.com,United Kingdom,2023-12-01,Basic,268.70
8582,Mia Lewis,mia.lewis8582@shopmail.com,Australia,2022-05-16,Basic,3716.10
8583,Nina Moore,nina.moore8583@shopmail.com,United Kingdom,2022-12-25,Basic,3564.17
8584,James Rossi,james.rossi8584@shopmail.com,Australia,2020-10-04,Basic,3082.75
8585,James Rossi,james.rossi8585@shopmail.com,Ireland,2021-12-03,Basic,2959.42
8586,Mateo Johnson,mateo.johnson8586@shopmail.com,Australia,2022-09-25,Basic,3173.87
8587,Olivia Patel,olivia.patel8587@shopmail.com,Singapore,2020-05-04,Basic,4034.56
8588,Leo Silva,leo.silva8588@shopmail.com,Australia,2022-10-31,Basic,2596.26
8589,Ethan Lee,ethan.lee8589@shopmail.com,Singapore,2022-03-26,Basic,3725.78
8590,Oscar Garcia,oscar.garcia8590@shopmail.com,New Zealand,2025-02-07,Basic,2759.57
8591,Priya Patel,priya.patel8591@shopmail.com,New Zealand,2020-09-27,Basic,819.38
8592,Arjun Thomas,arjun.thomas8592@shopmail.com,New Zealand,2026-06-29,Basic,853.31
8593,James Taylor,james.taylor8593@shopmail.com,United States,2026-02-26,Basic,346.68
8594,Mia Brown,mia.brown8594@shopmail.com,United States,2026-07-30,Basic,4125.72
8595,Sofia Wilson,sofia.wilson8595@shopmail.com,Australia,2024-12-09,Basic,4190.11
8596,Arjun Smith,arjun.smith8596@shopmail.com,Australia,2021-10-08,Basic,2001.87
8597,Leo Thomas,leo.thomas8597@shopmail.com,United Kingdom,2020-07-05,Basic,4084.98
8598,Emma Murphy,emma.murphy8598@shopmail.com,Canada,2022-07-22,Basic,4736.89
8599,Elijah Lewis,elijah.lewis8599@shopmail.com,Canada,2020-09-16,Basic,1112.08
8600,Eva Young,eva.young8600@shopmail.com,Australia,2020-08-09,Basic,1185.91
8601,Lucas Nguyen,lucas.nguyen8601@shopmail.com,Australia,2021-11-20,Basic,2334.45
8602,Eva Chen,eva.chen8602@shopmail.com,Australia,2022-09-08,Basic,2693.54
8603,Isla Young,isla.young8603@shopmail.com,New Zealand,2020-07-12,Basic,3641.68
8604,Ethan Murphy,ethan.murphy8604@shopmail.com,Singapore,2024-05-28,Basic,1702.94
8605,Amelia Lewis,amelia.lewis8605@shopmail.com,Australia,2026-04-21,Basic,3636.07
8606,Kai Johnson,kai.johnson8606@shopmail.com,Australia,2022-07-09,Basic,4729.63
8607,Kai Singh,kai.singh8607@shopmail.com,Singapore,2022-11-09,Basic,3941.43
8608,Wei Dubois,wei.dubois8608@shopmail.com,United Kingdom,2022-10-03,Basic,3981.54
8609,Hugo Williams,hugo.williams8609@shopmail.com,United States,2023-07-31,Basic,3898.26
8610,Chen Brown,chen.brown8610@shopmail.com,Ireland,2023-01-20,Basic,4499.30
8611,Isla Cohen,isla.cohen8611@shopmail.com,Singapore,2021-03-09,Basic,1605.98
8612,Olivia Hall,olivia.hall8612@shopmail.com,Australia,2026-03-31,Basic,601.24
8613,Amelia Rossi,amelia.rossi8613@shopmail.com,United States,2021-11-28,Basic,502.91
8614,Samuel Brown,samuel.brown8614@shopmail.com,United States,2022-11-02,Basic,1386.91
8615,Ruby Costa,ruby.costa8615@shopmail.com,Canada,2022-08-06,Basic,2726.40
8616,Noah Murphy,noah.murphy8616@shopmail.com,Australia,2025-06-07,Basic,4510.35
8617,James Johnson,james.johnson8617@shopmail.com,Australia,2022-11-15,Basic,1711.41
8618,Kai Khan,kai.khan8618@shopmail.com,Canada,2023-02-08,Basic,4393.71
8619,Kai Chen,kai.chen8619@shopmail.com,United Kingdom,2025-06-16,Basic,3620.70
8620,Ruby Young,ruby.young8620@shopmail.com,Ireland,2023-02-13,Basic,2874.60
8621,Jack Kim,jack.kim8621@shopmail.com,Australia,2024-12-17,Basic,648.48
8622,Jack Kim,jack.kim8622@shopmail.com,Canada,2020-08-25,Basic,3683.94
8623,Ruby Clark,ruby.clark8623@shopmail.com,Australia,2021-08-29,Basic,32.06
8624,Oliver Andersen,oliver.andersen8624@shopmail.com,Australia,2022-03-01,Basic,2094.51
8625,Eva Martin,eva.martin8625@shopmail.com,United States,2021-09-22,Basic,1706.83
8626,Elijah Andersen,elijah.andersen8626@shopmail.com,Singapore,2026-07-26,Basic,3000.72
8627,James Walker,james.walker8627@shopmail.com,Australia,2026-07-07,Basic,1185.92
8628,Mateo Davis,mateo.davis8628@shopmail.com,United Kingdom,2020-03-15,Basic,656.32
8629,Eva Allen,eva.allen8629@shopmail.com,United States,2024-12-11,Basic,1792.64
8630,Leo Singh,leo.singh8630@shopmail.com,United States,2023-04-01,Basic,4546.31
8631,Emma Martin,emma.martin8631@shopmail.com,Singapore,2021-02-08,Basic,2051.30
8632,Jack Murphy,jack.murphy8632@shopmail.com,United States,2020-10-11,Basic,2207.68
8633,Isabella Clark,isabella.clark8633@shopmail.com,Singapore,2026-03-17,Basic,321.87
8634,Chen Harris,chen.harris8634@shopmail.com,United States,2024-04-27,Basic,4254.75
8635,Lucas Khan,lucas.khan8635@shopmail.com,Australia,2022-06-20,Basic,54.84
8636,Samuel Patel,samuel.patel8636@shopmail.com,Australia,2024-02-10,Basic,651.12
8637,Jack Williams,jack.williams8637@shopmail.com,United States,2026-01-09,Basic,4712.09
8638,Mason Taylor,mason.taylor8638@shopmail.com,India,2026-04-08,Basic,4016.08
8639,Harper Young,harper.young8639@shopmail.com,Canada,2020-05-03,Basic,446.36
8640,Aarav Cohen,aarav.cohen8640@shopmail.com,Canada,2023-06-01,Basic,2185.43
8641,Chen Lewis,chen.lewis8641@shopmail.com,Canada,2025-06-27,Basic,968.18
8642,Chloe Rossi,chloe.rossi8642@shopmail.com,Australia,2023-02-02,Basic,3652.09
8643,Samuel Williams,samuel.williams8643@shopmail.com,India,2024-09-04,Basic,2202.34
8644,Noah Walker,noah.walker8644@shopmail.com,United Kingdom,2024-05-13,Basic,4687.98
8645,Chen Costa,chen.costa8645@shopmail.com,United States,2025-01-20,Basic,1118.47
8646,Charlotte Miller,charlotte.miller8646@shopmail.com,Ireland,2020-05-08,Basic,3183.95
8647,Aarav Johnson,aarav.johnson8647@shopmail.com,United Kingdom,2025-04-09,Basic,986.85
8648,Jack Andersen,jack.andersen8648@shopmail.com,Canada,2026-07-05,Basic,463.54
8649,Emma Nakamura,emma.nakamura8649@shopmail.com,Canada,2020-03-23,Basic,1408.02
8650,Sophia Cohen,sophia.cohen8650@shopmail.com,United Kingdom,2024-10-24,Basic,2999.52
8651,Zara Martin,zara.martin8651@shopmail.com,Australia,2025-04-24,Basic,4106.34
8652,Lucas Miller,lucas.miller8652@shopmail.com,Singapore,2025-08-21,Basic,3169.13
8653,Isla Rossi,isla.rossi8653@shopmail.com,Singapore,2025-02-02,Basic,3849.01
8654,Leo Costa,leo.costa8654@shopmail.com,India,2021-02-17,Basic,1858.59
8655,Isla Rossi,isla.rossi8655@shopmail.com,Australia,2022-08-06,Basic,1968.86
8656,Yuki Jones,yuki.jones8656@shopmail.com,Australia,2020-05-11,Basic,1265.71
8657,Chen Silva,chen.silva8657@shopmail.com,United States,2024-09-14,Basic,2156.42
8658,Sophia Anderson,sophia.anderson8658@shopmail.com,United Kingdom,2023-09-04,Basic,3884.24
8659,Lucas Dubois,lucas.dubois8659@shopmail.com,Australia,2026-03-16,Basic,4650.24
8660,Hugo Davis,hugo.davis8660@shopmail.com,Australia,2025-07-02,Basic,3639.07
8661,Samuel Andersen,samuel.andersen8661@shopmail.com,United States,2024-02-12,Basic,4376.62
8662,Lucas Clark,lucas.clark8662@shopmail.com,India,2026-07-13,Basic,307.11
8663,Jack Johnson,jack.johnson8663@shopmail.com,Singapore,2025-12-10,Basic,1402.58
8664,Sofia Dubois,sofia.dubois8664@shopmail.com,Ireland,2023-10-03,Basic,4203.21
8665,Mason Rossi,mason.rossi8665@shopmail.com,Canada,2022-07-18,Basic,296.22
8666,Zara Martin,zara.martin8666@shopmail.com,United States,2024-09-01,Basic,975.37
8667,Kai Hall,kai.hall8667@shopmail.com,United Kingdom,2026-05-05,Basic,1937.09
8668,Oscar Johnson,oscar.johnson8668@shopmail.com,United States,2021-05-19,Basic,2088.99
8669,Samuel Clark,samuel.clark8669@shopmail.com,New Zealand,2026-02-20,Basic,3407.93
8670,Oliver Lewis,oliver.lewis8670@shopmail.com,Canada,2023-06-05,Basic,10.88
8671,Emma Lewis,emma.lewis8671@shopmail.com,Australia,2024-12-25,Basic,1774.04
8672,Liam Anderson,liam.anderson8672@shopmail.com,Australia,2021-05-18,Basic,244.40
8673,Leo Walker,leo.walker8673@shopmail.com,Ireland,2020-06-14,Basic,2133.76
8674,Eva Cohen,eva.cohen8674@shopmail.com,Australia,2026-07-21,Basic,1973.40
8675,Lucas Taylor,lucas.taylor8675@shopmail.com,Canada,2026-04-20,Basic,2415.85
8676,Chen Walker,chen.walker8676@shopmail.com,Australia,2025-01-31,Basic,4434.87
8677,Zara Clark,zara.clark8677@shopmail.com,India,2025-06-11,Basic,2763.47
8678,Eva Anderson,eva.anderson8678@shopmail.com,United Kingdom,2021-04-15,Basic,3825.42
8679,Eva Murphy,eva.murphy8679@shopmail.com,Canada,2022-03-09,Basic,3899.75
8680,Grace Hall,grace.hall8680@shopmail.com,New Zealand,2024-12-29,Basic,3517.27
8681,Mateo Khan,mateo.khan8681@shopmail.com,United States,2026-04-13,Basic,3370.78
8682,Harper Murphy,harper.murphy8682@shopmail.com,Australia,2020-09-02,Basic,4029.64
8683,Priya Moore,priya.moore8683@shopmail.com,India,2021-08-08,Basic,1702.11
8684,Hugo Brown,hugo.brown8684@shopmail.com,Ireland,2024-10-27,Basic,3327.37
8685,Oscar Rossi,oscar.rossi8685@shopmail.com,Australia,2026-04-05,Basic,1554.30
8686,Jack Smith,jack.smith8686@shopmail.com,Ireland,2021-03-13,Basic,2282.23
8687,Ethan Johnson,ethan.johnson8687@shopmail.com,New Zealand,2020-09-07,Basic,4622.46
8688,Lucas Patel,lucas.patel8688@shopmail.com,United Kingdom,2020-08-29,Basic,224.36
8689,Sophia Moore,sophia.moore8689@shopmail.com,Australia,2024-08-02,Basic,3273.97
8690,Oscar Rossi,oscar.rossi8690@shopmail.com,United Kingdom,2021-08-27,Basic,2305.42
8691,James Silva,james.silva8691@shopmail.com,Australia,2021-09-29,Basic,4230.46
8692,Nina Rossi,nina.rossi8692@shopmail.com,Australia,2024-12-03,Basic,2063.88
8693,Priya Smith,priya.smith8693@shopmail.com,United Kingdom,2023-04-25,Basic,856.55
8694,Henry Thomas,henry.thomas8694@shopmail.com,India,2020-04-06,Basic,3300.26
8695,Amelia Khan,amelia.khan8695@shopmail.com,United States,2021-02-16,Basic,2337.99
8696,Grace Rossi,grace.rossi8696@shopmail.com,United Kingdom,2021-07-08,Basic,4478.03
8697,Lucas Silva,lucas.silva8697@shopmail.com,Australia,2021-08-12,Basic,3543.56
8698,Yuki Harris,yuki.harris8698@shopmail.com,Australia,2024-06-11,Basic,3073.68
8699,Ethan Costa,ethan.costa8699@shopmail.com,Australia,2023-07-28,Basic,2449.32
8700,Grace Lewis,grace.lewis8700@shopmail.com,United States,2021-05-31,Basic,1610.22
8701,Emma Young,emma.young8701@shopmail.com,United Kingdom,2025-03-29,Basic,4746.38
8702,Isla Thomas,isla.thomas8702@shopmail.com,Singapore,2020-07-02,Basic,3273.86
8703,Leo Johnson,leo.johnson8703@shopmail.com,United Kingdom,2021-03-16,Basic,1537.31
8704,Sofia Williams,sofia.williams8704@shopmail.com,Singapore,2022-01-26,Basic,1885.78
8705,Noah Harris,noah.harris8705@shopmail.com,New Zealand,2020-04-30,Basic,3367.54
8706,Ruby Lee,ruby.lee8706@shopmail.com,Australia,2021-07-07,Basic,742.70
8707,Emma Kowalski,emma.kowalski8707@shopmail.com,United Kingdom,2024-12-03,Basic,2090.05
8708,Priya Young,priya.young8708@shopmail.com,Singapore,2020-01-18,Basic,1556.74
8709,Mia Lewis,mia.lewis8709@shopmail.com,Australia,2021-04-11,Basic,3319.71
8710,Grace Costa,grace.costa8710@shopmail.com,New Zealand,2022-06-25,Basic,1607.71
8711,Lucas Khan,lucas.khan8711@shopmail.com,Canada,2024-11-14,Basic,4384.74
8712,Henry Dubois,henry.dubois8712@shopmail.com,Singapore,2020-02-19,Basic,1755.33
8713,Noah Harris,noah.harris8713@shopmail.com,United States,2020-05-11,Basic,4577.14
8714,Chloe Lee,chloe.lee8714@shopmail.com,Australia,2021-04-19,Basic,1073.17
8715,Chloe Dubois,chloe.dubois8715@shopmail.com,Ireland,2026-04-13,Basic,1847.28
8716,Sofia Allen,sofia.allen8716@shopmail.com,United Kingdom,2021-06-30,Basic,1962.06
8717,Priya Davis,priya.davis8717@shopmail.com,Australia,2024-12-09,Basic,53.45
8718,Sofia Nguyen,sofia.nguyen8718@shopmail.com,United States,2020-02-04,Basic,1748.02
8719,Lucas Nguyen,lucas.nguyen8719@shopmail.com,Australia,2026-04-21,Basic,1912.69
8720,Oscar Lewis,oscar.lewis8720@shopmail.com,New Zealand,2021-01-14,Basic,608.20
8721,Mason Allen,mason.allen8721@shopmail.com,Singapore,2026-07-31,Basic,2796.19
8722,Maya Kowalski,maya.kowalski8722@shopmail.com,Singapore,2021-12-10,Basic,4477.33
8723,Priya Dubois,priya.dubois8723@shopmail.com,United Kingdom,2021-09-08,Basic,4196.43
8724,Harper Hall,harper.hall8724@shopmail.com,United Kingdom,2020-04-12,Basic,167.96
8725,Mia Allen,mia.allen8725@shopmail.com,Singapore,2023-11-17,Basic,301.96
8726,Ava Murphy,ava.murphy8726@shopmail.com,Ireland,2026-08-02,Basic,4188.27
8727,Chloe Nguyen,chloe.nguyen8727@shopmail.com,Australia,2026-07-24,Basic,963.63
8728,Kai Clark,kai.clark8728@shopmail.com,India,2023-10-02,Basic,1045.82
8729,Mia Rossi,mia.rossi8729@shopmail.com,Ireland,2022-03-21,Basic,1282.17
8730,Aarav Allen,aarav.allen8730@shopmail.com,United States,2020-03-22,Basic,3211.38
8731,Samuel Cohen,samuel.cohen8731@shopmail.com,United Kingdom,2021-10-15,Basic,537.59
8732,Zara Singh,zara.singh8732@shopmail.com,Ireland,2020-12-31,Basic,1904.21
8733,Charlotte Jones,charlotte.jones8733@shopmail.com,United Kingdom,2021-09-01,Basic,4504.84
8734,Leo Allen,leo.allen8734@shopmail.com,Australia,2021-09-11,Basic,3899.56
8735,Elijah Clark,elijah.clark8735@shopmail.com,Ireland,2025-01-15,Basic,187.81
8736,Isla Miller,isla.miller8736@shopmail.com,Australia,2021-03-15,Basic,1294.90
8737,Oliver Thomas,oliver.thomas8737@shopmail.com,India,2024-12-18,Basic,347.05
8738,Arjun Andersen,arjun.andersen8738@shopmail.com,New Zealand,2020-06-27,Basic,3717.09
8739,Arjun Clark,arjun.clark8739@shopmail.com,Australia,2025-01-06,Basic,3686.66
8740,Yuki Dubois,yuki.dubois8740@shopmail.com,Singapore,2021-05-04,Basic,3885.59
8741,Jack Khan,jack.khan8741@shopmail.com,Australia,2025-06-19,Basic,3619.57
8742,Eva Harris,eva.harris8742@shopmail.com,Australia,2020-02-28,Basic,2501.74
8743,Olivia Hall,olivia.hall8743@shopmail.com,United States,2026-01-28,Basic,3870.86
8744,Eva Smith,eva.smith8744@shopmail.com,United Kingdom,2025-09-11,Basic,200.64
8745,Sophia Lewis,sophia.lewis8745@shopmail.com,Australia,2022-02-27,Basic,1039.83
8746,Olivia Allen,olivia.allen8746@shopmail.com,Australia,2026-03-14,Basic,4026.47
8747,Sophia Brown,sophia.brown8747@shopmail.com,United Kingdom,2024-03-22,Basic,4708.46
8748,Ethan Allen,ethan.allen8748@shopmail.com,Singapore,2025-10-23,Basic,3459.16
8749,Leo Williams,leo.williams8749@shopmail.com,Singapore,2022-01-25,Basic,4614.87
8750,Harper Jones,harper.jones8750@shopmail.com,Australia,2024-08-10,Basic,3367.95
8751,Nina Walker,nina.walker8751@shopmail.com,United Kingdom,2020-03-31,Basic,4270.60
8752,Noah Thomas,noah.thomas8752@shopmail.com,New Zealand,2024-10-27,Basic,4621.40
8753,Leo Clark,leo.clark8753@shopmail.com,Australia,2025-09-02,Basic,550.81
8754,Sofia Costa,sofia.costa8754@shopmail.com,United States,2022-02-17,Basic,1903.39
8755,Lucas Brown,lucas.brown8755@shopmail.com,United States,2022-12-31,Basic,2985.09
8756,Arjun Clark,arjun.clark8756@shopmail.com,India,2023-08-07,Basic,2874.33
8757,Mia Kim,mia.kim8757@shopmail.com,Australia,2026-06-28,Basic,713.45
8758,Harper Lee,harper.lee8758@shopmail.com,Australia,2022-11-29,Basic,3576.42
8759,Mateo Singh,mateo.singh8759@shopmail.com,Singapore,2023-12-20,Basic,2378.09
8760,Sophia Singh,sophia.singh8760@shopmail.com,United Kingdom,2023-12-22,Basic,2356.65
8761,Isla Miller,isla.miller8761@shopmail.com,Australia,2020-04-02,Basic,1369.97
8762,Nina Patel,nina.patel8762@shopmail.com,Australia,2023-05-26,Basic,1128.58
8763,Isla Costa,isla.costa8763@shopmail.com,Singapore,2024-06-10,Basic,1395.37
8764,Oliver Chen,oliver.chen8764@shopmail.com,New Zealand,2023-12-11,Basic,189.43
8765,Charlotte Anderson,charlotte.anderson8765@shopmail.com,Canada,2026-04-27,Basic,4212.04
8766,Mason Wilson,mason.wilson8766@shopmail.com,Ireland,2021-06-04,Basic,4065.70
8767,Olivia Murphy,olivia.murphy8767@shopmail.com,Australia,2023-01-15,Basic,4288.06
8768,Arjun Cohen,arjun.cohen8768@shopmail.com,United Kingdom,2022-11-09,Basic,451.32
8769,Mia Singh,mia.singh8769@shopmail.com,Australia,2022-06-10,Basic,3213.61
8770,Nina Nguyen,nina.nguyen8770@shopmail.com,Ireland,2024-01-27,Basic,2352.04
8771,Priya Andersen,priya.andersen8771@shopmail.com,United Kingdom,2021-04-30,Basic,2419.13
8772,James Hall,james.hall8772@shopmail.com,United States,2022-03-30,Basic,2767.72
8773,Yuki Williams,yuki.williams8773@shopmail.com,United States,2022-06-17,Basic,1771.17
8774,Zara Anderson,zara.anderson8774@shopmail.com,Singapore,2025-04-24,Basic,2471.80
8775,Sofia Costa,sofia.costa8775@shopmail.com,United States,2025-09-19,Basic,599.92
8776,Mia Smith,mia.smith8776@shopmail.com,United Kingdom,2024-04-18,Basic,1789.87
8777,Samuel Moore,samuel.moore8777@shopmail.com,Australia,2024-02-26,Basic,3188.66
8778,Eva Singh,eva.singh8778@shopmail.com,Ireland,2021-08-04,Basic,4568.99
8779,Leo Thomas,leo.thomas8779@shopmail.com,Australia,2022-09-10,Basic,1988.73
8780,Harper Garcia,harper.garcia8780@shopmail.com,Ireland,2021-12-13,Basic,2256.05
8781,Ethan Clark,ethan.clark8781@shopmail.com,Australia,2025-12-20,Basic,988.13
8782,Eva Patel,eva.patel8782@shopmail.com,United Kingdom,2025-04-10,Basic,4008.13
8783,Liam Thomas,liam.thomas8783@shopmail.com,Ireland,2021-07-03,Basic,4291.28
8784,Olivia Garcia,olivia.garcia8784@shopmail.com,United States,2025-07-29,Basic,387.20
8785,Olivia Singh,olivia.singh8785@shopmail.com,Australia,2026-04-29,Basic,1421.76
8786,Olivia Wilson,olivia.wilson8786@shopmail.com,Canada,2024-05-02,Basic,3170.59
8787,Nina Young,nina.young8787@shopmail.com,New Zealand,2025-02-05,Basic,1071.41
8788,Mateo Martin,mateo.martin8788@shopmail.com,New Zealand,2021-01-26,Basic,4771.11
8789,Wei Harris,wei.harris8789@shopmail.com,India,2020-10-26,Basic,147.12
8790,Amelia Taylor,amelia.taylor8790@shopmail.com,Australia,2021-05-21,Basic,3969.52
8791,Leo Kowalski,leo.kowalski8791@shopmail.com,United States,2026-06-05,Basic,3058.31
8792,Leo Kowalski,leo.kowalski8792@shopmail.com,Singapore,2025-06-15,Basic,4606.57
8793,Aarav Murphy,aarav.murphy8793@shopmail.com,United States,2021-07-10,Basic,3605.55
8794,Oliver Garcia,oliver.garcia8794@shopmail.com,Singapore,2020-09-08,Basic,1417.32
8795,Arjun Lee,arjun.lee8795@shopmail.com,United States,2022-10-22,Basic,1185.12
8796,Henry Dubois,henry.dubois8796@shopmail.com,Australia,2024-06-02,Basic,85.65
8797,Ava Andersen,ava.andersen8797@shopmail.com,United States,2025-04-04,Basic,3415.54
8798,Samuel Patel,samuel.patel8798@shopmail.com,Singapore,2022-06-27,Basic,904.27
8799,Wei Anderson,wei.anderson8799@shopmail.com,Australia,2023-08-22,Basic,1016.37
8800,Ethan Wilson,ethan.wilson8800@shopmail.com,Australia,2022-12-16,Basic,615.11
8801,Oscar Murphy,oscar.murphy8801@shopmail.com,United States,2022-01-13,Basic,2188.74
8802,Aarav Nguyen,aarav.nguyen8802@shopmail.com,United States,2023-10-20,Basic,229.93
8803,Oliver Nakamura,oliver.nakamura8803@shopmail.com,United States,2023-11-11,Basic,896.17
8804,Oliver Young,oliver.young8804@shopmail.com,United States,2023-06-19,Basic,2073.48
8805,Liam Lee,liam.lee8805@shopmail.com,Canada,2024-03-30,Basic,910.10
8806,Ethan Chen,ethan.chen8806@shopmail.com,Canada,2025-12-28,Basic,2348.09
8807,Isla Walker,isla.walker8807@shopmail.com,Australia,2020-03-05,Basic,3638.98
8808,Wei Rossi,wei.rossi8808@shopmail.com,United Kingdom,2026-08-04,Basic,3704.92
8809,Harper Nguyen,harper.nguyen8809@shopmail.com,Singapore,2025-08-22,Basic,3799.66
8810,Yuki Silva,yuki.silva8810@shopmail.com,Ireland,2025-04-28,Basic,268.69
8811,Charlotte Costa,charlotte.costa8811@shopmail.com,Canada,2022-09-28,Basic,3275.85
8812,Mia Nakamura,mia.nakamura8812@shopmail.com,United Kingdom,2022-09-15,Basic,627.85
8813,Emma Anderson,emma.anderson8813@shopmail.com,United Kingdom,2023-06-25,Basic,1955.05
8814,Grace Murphy,grace.murphy8814@shopmail.com,India,2023-04-02,Basic,1975.25
8815,Chloe Silva,chloe.silva8815@shopmail.com,United States,2020-10-06,Basic,2495.12
8816,Nina Nakamura,nina.nakamura8816@shopmail.com,Ireland,2024-11-14,Basic,1033.20
8817,Grace Garcia,grace.garcia8817@shopmail.com,Australia,2026-06-09,Basic,1562.73
8818,Wei Hall,wei.hall8818@shopmail.com,Ireland,2026-07-27,Basic,648.33
8819,Noah Davis,noah.davis8819@shopmail.com,Canada,2026-04-13,Basic,1609.52
8820,Chloe Taylor,chloe.taylor8820@shopmail.com,Australia,2023-09-22,Basic,4613.92
8821,Emma Garcia,emma.garcia8821@shopmail.com,India,2023-02-24,Basic,2211.01
8822,Oscar Cohen,oscar.cohen8822@shopmail.com,India,2024-09-26,Basic,660.67
8823,Mason Khan,mason.khan8823@shopmail.com,Ireland,2026-07-17,Basic,1819.55
8824,Sofia Young,sofia.young8824@shopmail.com,Ireland,2026-04-23,Basic,4529.54
8825,Oscar Rossi,oscar.rossi8825@shopmail.com,India,2020-12-17,Basic,3398.40
8826,Arjun Anderson,arjun.anderson8826@shopmail.com,Ireland,2021-07-07,Basic,97.56
8827,Arjun Davis,arjun.davis8827@shopmail.com,Australia,2020-05-03,Basic,467.60
8828,Aarav Taylor,aarav.taylor8828@shopmail.com,United States,2024-07-28,Basic,3205.46
8829,Eva Brown,eva.brown8829@shopmail.com,United Kingdom,2022-01-16,Basic,1534.74
8830,Priya Cohen,priya.cohen8830@shopmail.com,United Kingdom,2026-07-28,Basic,1632.94
8831,Aarav Williams,aarav.williams8831@shopmail.com,India,2024-06-16,Basic,2137.46
8832,James Khan,james.khan8832@shopmail.com,Australia,2020-01-07,Basic,3423.23
8833,Sofia Khan,sofia.khan8833@shopmail.com,Canada,2025-06-04,Basic,4321.01
8834,Zara Thomas,zara.thomas8834@shopmail.com,Singapore,2021-12-15,Basic,2322.10
8835,Wei Chen,wei.chen8835@shopmail.com,United Kingdom,2023-12-02,Basic,3378.10
8836,Elijah Walker,elijah.walker8836@shopmail.com,United States,2022-03-23,Basic,4096.71
8837,Sofia Davis,sofia.davis8837@shopmail.com,United States,2021-05-24,Basic,2814.35
8838,Isabella Allen,isabella.allen8838@shopmail.com,Australia,2022-01-07,Basic,3132.17
8839,Aarav Martin,aarav.martin8839@shopmail.com,Ireland,2022-08-20,Basic,1572.22
8840,Leo Rossi,leo.rossi8840@shopmail.com,United Kingdom,2025-01-06,Basic,3263.26
8841,Oscar Silva,oscar.silva8841@shopmail.com,Australia,2022-10-23,Basic,4335.36
8842,Elijah Kim,elijah.kim8842@shopmail.com,Ireland,2023-10-03,Basic,2553.76
8843,Ruby Hall,ruby.hall8843@shopmail.com,Australia,2022-04-27,Basic,3194.96
8844,James Walker,james.walker8844@shopmail.com,Canada,2026-08-14,Basic,2100.50
8845,Ava Clark,ava.clark8845@shopmail.com,Australia,2025-04-10,Basic,4379.82
8846,Noah Taylor,noah.taylor8846@shopmail.com,United States,2020-05-02,Basic,4586.74
8847,Grace Garcia,grace.garcia8847@shopmail.com,Singapore,2026-06-19,Basic,2862.38
8848,Ruby Clark,ruby.clark8848@shopmail.com,United Kingdom,2024-05-28,Basic,4259.47
8849,Grace Cohen,grace.cohen8849@shopmail.com,Singapore,2023-01-23,Basic,2277.92
8850,Ava Rossi,ava.rossi8850@shopmail.com,Australia,2021-11-28,Basic,1391.19
8851,Ethan Nguyen,ethan.nguyen8851@shopmail.com,United Kingdom,2024-09-29,Basic,2402.17
8852,Harper Brown,harper.brown8852@shopmail.com,Australia,2021-09-21,Basic,1671.67
8853,Mason Kim,mason.kim8853@shopmail.com,India,2024-03-02,Basic,3432.62
8854,Mateo Hall,mateo.hall8854@shopmail.com,United States,2024-12-29,Basic,3492.70
8855,Charlotte Cohen,charlotte.cohen8855@shopmail.com,Australia,2023-08-04,Basic,3500.62
8856,Ruby Dubois,ruby.dubois8856@shopmail.com,Ireland,2021-01-18,Basic,3581.36
8857,Oscar Taylor,oscar.taylor8857@shopmail.com,United States,2022-07-06,Basic,3131.80
8858,Yuki Rossi,yuki.rossi8858@shopmail.com,United Kingdom,2023-01-02,Basic,4546.98
8859,Grace Jones,grace.jones8859@shopmail.com,Australia,2024-03-31,Basic,423.20
8860,Samuel Martin,samuel.martin8860@shopmail.com,Singapore,2024-07-16,Basic,3216.86
8861,Harper Miller,harper.miller8861@shopmail.com,Ireland,2026-06-05,Basic,1895.33
8862,Chloe Allen,chloe.allen8862@shopmail.com,United Kingdom,2023-05-06,Basic,1227.20
8863,Hugo Williams,hugo.williams8863@shopmail.com,India,2023-07-28,Basic,305.44
8864,Eva Allen,eva.allen8864@shopmail.com,United Kingdom,2024-06-30,Basic,1045.02
8865,Olivia Brown,olivia.brown8865@shopmail.com,Singapore,2024-06-01,Basic,964.09
8866,Isabella Davis,isabella.davis8866@shopmail.com,Ireland,2020-08-08,Basic,1721.77
8867,Noah Kim,noah.kim8867@shopmail.com,New Zealand,2020-08-19,Basic,2137.60
8868,Henry Brown,henry.brown8868@shopmail.com,New Zealand,2025-08-15,Basic,518.85
8869,Amelia Nguyen,amelia.nguyen8869@shopmail.com,Ireland,2022-03-11,Basic,4193.50
8870,Ruby Harris,ruby.harris8870@shopmail.com,India,2024-08-29,Basic,1751.47
8871,Lucas Murphy,lucas.murphy8871@shopmail.com,Singapore,2021-10-30,Basic,3674.02
8872,Eva Hall,eva.hall8872@shopmail.com,India,2026-02-06,Basic,1884.32
8873,Henry Murphy,henry.murphy8873@shopmail.com,Canada,2020-09-07,Basic,1606.27
8874,Yuki Nakamura,yuki.nakamura8874@shopmail.com,India,2026-07-23,Basic,3428.29
8875,Liam Murphy,liam.murphy8875@shopmail.com,Australia,2022-01-16,Basic,3328.30
8876,Eva Kim,eva.kim8876@shopmail.com,India,2021-01-28,Basic,1563.16
8877,Arjun Taylor,arjun.taylor8877@shopmail.com,United States,2020-02-08,Basic,238.20
8878,Elijah Costa,elijah.costa8878@shopmail.com,Australia,2022-06-07,Basic,3724.47
8879,Oliver Martin,oliver.martin8879@shopmail.com,Australia,2024-05-20,Basic,2444.71
8880,Mason Murphy,mason.murphy8880@shopmail.com,New Zealand,2024-09-19,Basic,94.61
8881,Noah Harris,noah.harris8881@shopmail.com,United Kingdom,2026-02-10,Basic,4052.67
8882,Wei Jones,wei.jones8882@shopmail.com,United Kingdom,2025-08-08,Basic,2313.74
8883,Elijah Jones,elijah.jones8883@shopmail.com,United States,2022-12-25,Basic,829.35
8884,Mateo Jones,mateo.jones8884@shopmail.com,Canada,2023-12-17,Basic,3823.19
8885,Ava Murphy,ava.murphy8885@shopmail.com,United Kingdom,2024-02-02,Basic,1612.78
8886,Eva Thomas,eva.thomas8886@shopmail.com,Australia,2022-06-20,Basic,3325.06
8887,Mateo Wilson,mateo.wilson8887@shopmail.com,Canada,2026-02-17,Basic,1551.18
8888,Oscar Johnson,oscar.johnson8888@shopmail.com,United Kingdom,2022-03-09,Basic,27.56
8889,Isabella Anderson,isabella.anderson8889@shopmail.com,United States,2021-12-27,Basic,2920.09
8890,Ethan Harris,ethan.harris8890@shopmail.com,United Kingdom,2021-08-11,Basic,2607.21
8891,Chloe Nakamura,chloe.nakamura8891@shopmail.com,India,2025-08-01,Basic,498.58
8892,Mason Patel,mason.patel8892@shopmail.com,Ireland,2024-08-06,Basic,1441.54
8893,Lucas Singh,lucas.singh8893@shopmail.com,United States,2023-06-22,Basic,4082.36
8894,Oscar Lewis,oscar.lewis8894@shopmail.com,United Kingdom,2023-02-08,Basic,3244.26
8895,Priya Williams,priya.williams8895@shopmail.com,United States,2021-09-10,Basic,4304.96
8896,Harper Miller,harper.miller8896@shopmail.com,Ireland,2020-02-10,Basic,4431.85
8897,Sophia Dubois,sophia.dubois8897@shopmail.com,United Kingdom,2020-07-20,Basic,2526.41
8898,Emma Andersen,emma.andersen8898@shopmail.com,United States,2023-07-18,Basic,1934.98
8899,Yuki Patel,yuki.patel8899@shopmail.com,Ireland,2020-04-14,Basic,3586.43
8900,Chen Andersen,chen.andersen8900@shopmail.com,Australia,2020-02-19,Basic,1536.29
8901,James Miller,james.miller8901@shopmail.com,Australia,2026-04-21,Basic,4341.50
8902,Arjun Singh,arjun.singh8902@shopmail.com,United States,2025-07-07,Basic,3857.84
8903,Aarav Clark,aarav.clark8903@shopmail.com,United States,2024-11-17,Basic,381.02
8904,Amelia Silva,amelia.silva8904@shopmail.com,United States,2026-02-22,Basic,4582.94
8905,Charlotte Moore,charlotte.moore8905@shopmail.com,United Kingdom,2023-04-26,Basic,1865.58
8906,Chen Harris,chen.harris8906@shopmail.com,Australia,2022-08-16,Basic,1441.67
8907,Chloe Silva,chloe.silva8907@shopmail.com,New Zealand,2026-06-09,Basic,1960.43
8908,Ethan Moore,ethan.moore8908@shopmail.com,United States,2026-06-22,Basic,4291.99
8909,Isabella Anderson,isabella.anderson8909@shopmail.com,Ireland,2024-10-28,Basic,4415.41
8910,Lucas Khan,lucas.khan8910@shopmail.com,Australia,2020-10-31,Basic,1655.65
8911,Mia Martin,mia.martin8911@shopmail.com,United States,2023-04-03,Basic,992.33
8912,Oscar Harris,oscar.harris8912@shopmail.com,New Zealand,2023-07-06,Basic,241.34
8913,Lucas Davis,lucas.davis8913@shopmail.com,India,2023-04-01,Basic,41.63
8914,James Clark,james.clark8914@shopmail.com,United States,2021-06-18,Basic,3607.43
8915,Olivia Murphy,olivia.murphy8915@shopmail.com,Singapore,2026-04-27,Basic,2049.92
8916,Eva Jones,eva.jones8916@shopmail.com,New Zealand,2023-12-26,Basic,4557.48
8917,Oscar Silva,oscar.silva8917@shopmail.com,Australia,2024-08-05,Basic,1812.72
8918,Nina Andersen,nina.andersen8918@shopmail.com,Ireland,2023-07-22,Basic,2786.88
8919,Eva Dubois,eva.dubois8919@shopmail.com,Australia,2024-12-03,Basic,3606.60
8920,Oscar Lee,oscar.lee8920@shopmail.com,United Kingdom,2024-11-20,Basic,1751.23
8921,Samuel Silva,samuel.silva8921@shopmail.com,Singapore,2025-12-05,Basic,2530.34
8922,Kai Silva,kai.silva8922@shopmail.com,Ireland,2023-05-11,Basic,2428.63
8923,Eva Patel,eva.patel8923@shopmail.com,Singapore,2024-01-23,Basic,2172.88
8924,Harper Davis,harper.davis8924@shopmail.com,Ireland,2026-01-01,Basic,1215.19
8925,Aarav Clark,aarav.clark8925@shopmail.com,Ireland,2024-05-17,Basic,309.70
8926,Leo Harris,leo.harris8926@shopmail.com,India,2023-08-04,Basic,869.23
8927,Ruby Clark,ruby.clark8927@shopmail.com,United States,2025-05-06,Basic,2320.19
8928,Harper Silva,harper.silva8928@shopmail.com,Singapore,2021-10-08,Basic,380.92
8929,Ethan Khan,ethan.khan8929@shopmail.com,New Zealand,2025-10-11,Basic,2184.49
8930,Mateo Kim,mateo.kim8930@shopmail.com,Australia,2020-11-29,Basic,4453.31
8931,Nina Nakamura,nina.nakamura8931@shopmail.com,United States,2023-09-22,Basic,1791.90
8932,Hugo Andersen,hugo.andersen8932@shopmail.com,Australia,2021-06-03,Basic,3506.26
8933,Eva Williams,eva.williams8933@shopmail.com,Singapore,2020-04-26,Basic,4407.09
8934,Priya Smith,priya.smith8934@shopmail.com,United Kingdom,2023-03-20,Basic,1683.26
8935,Sophia Silva,sophia.silva8935@shopmail.com,Australia,2024-04-04,Basic,1546.01
8936,Mateo Young,mateo.young8936@shopmail.com,Australia,2023-08-14,Basic,3500.91
8937,Noah Costa,noah.costa8937@shopmail.com,Australia,2023-02-09,Basic,1454.00
8938,Mia Young,mia.young8938@shopmail.com,United Kingdom,2021-05-29,Basic,4126.70
8939,Ruby Miller,ruby.miller8939@shopmail.com,Australia,2022-02-10,Basic,2928.33
8940,Harper Brown,harper.brown8940@shopmail.com,Ireland,2024-07-22,Basic,1613.93
8941,Mason Nguyen,mason.nguyen8941@shopmail.com,Ireland,2022-03-08,Basic,4208.56
8942,Mateo Murphy,mateo.murphy8942@shopmail.com,United Kingdom,2026-07-25,Basic,3218.62
8943,Olivia Costa,olivia.costa8943@shopmail.com,United Kingdom,2021-10-02,Basic,2418.09
8944,Sophia Chen,sophia.chen8944@shopmail.com,Australia,2025-11-21,Basic,2352.42
8945,Oscar Hall,oscar.hall8945@shopmail.com,Singapore,2025-04-11,Basic,2420.39
8946,Arjun Anderson,arjun.anderson8946@shopmail.com,Ireland,2025-05-04,Basic,4724.31
8947,Henry Kowalski,henry.kowalski8947@shopmail.com,Australia,2020-07-13,Basic,2822.35
8948,Ruby Rossi,ruby.rossi8948@shopmail.com,Australia,2026-07-07,Basic,3077.89
8949,Isla Harris,isla.harris8949@shopmail.com,United Kingdom,2024-04-25,Basic,1977.19
8950,Nina Cohen,nina.cohen8950@shopmail.com,Singapore,2026-05-21,Basic,4779.69
8951,Isla Hall,isla.hall8951@shopmail.com,United Kingdom,2020-02-15,Basic,3796.62
8952,Emma Young,emma.young8952@shopmail.com,New Zealand,2024-01-30,Basic,3176.45
8953,Chloe Wilson,chloe.wilson8953@shopmail.com,India,2024-06-25,Basic,753.97
8954,Samuel Johnson,samuel.johnson8954@shopmail.com,Singapore,2020-11-30,Basic,82.65
8955,Chloe Lee,chloe.lee8955@shopmail.com,Canada,2022-01-15,Basic,3310.73
8956,Isabella Chen,isabella.chen8956@shopmail.com,United Kingdom,2021-08-28,Basic,2153.47
8957,Lucas Patel,lucas.patel8957@shopmail.com,New Zealand,2024-04-29,Basic,1140.49
8958,Chen Walker,chen.walker8958@shopmail.com,Singapore,2020-11-17,Basic,3541.61
8959,Leo Cohen,leo.cohen8959@shopmail.com,Australia,2020-10-04,Basic,2202.30
8960,Priya Martin,priya.martin8960@shopmail.com,India,2026-03-07,Basic,4032.80
8961,Chloe Thomas,chloe.thomas8961@shopmail.com,New Zealand,2023-07-17,Basic,2657.36
8962,Hugo Dubois,hugo.dubois8962@shopmail.com,United States,2020-05-20,Basic,4714.65
8963,Isla Walker,isla.walker8963@shopmail.com,Australia,2025-07-19,Basic,1580.79
8964,Priya Moore,priya.moore8964@shopmail.com,Canada,2026-03-05,Basic,3870.79
8965,Mateo Moore,mateo.moore8965@shopmail.com,Canada,2024-05-24,Basic,1625.91
8966,Ruby Anderson,ruby.anderson8966@shopmail.com,United Kingdom,2025-11-06,Basic,1041.24
8967,Samuel Nguyen,samuel.nguyen8967@shopmail.com,Australia,2025-01-31,Basic,3555.65
8968,Olivia Patel,olivia.patel8968@shopmail.com,Australia,2022-02-16,Basic,4089.87
8969,Grace Singh,grace.singh8969@shopmail.com,United States,2022-01-14,Basic,311.16
8970,Elijah Andersen,elijah.andersen8970@shopmail.com,Australia,2023-07-24,Basic,1863.01
8971,Harper Dubois,harper.dubois8971@shopmail.com,United States,2020-04-25,Basic,3974.13
8972,Mia Murphy,mia.murphy8972@shopmail.com,United States,2023-09-28,Basic,1077.09
8973,Nina Dubois,nina.dubois8973@shopmail.com,Ireland,2021-09-29,Basic,535.87
8974,Nina Thomas,nina.thomas8974@shopmail.com,New Zealand,2020-12-11,Basic,1068.94
8975,Oliver Murphy,oliver.murphy8975@shopmail.com,Australia,2020-01-11,Basic,4179.82
8976,Leo Moore,leo.moore8976@shopmail.com,India,2020-05-24,Basic,3978.61
8977,Kai Nguyen,kai.nguyen8977@shopmail.com,United States,2022-06-02,Basic,160.03
8978,Arjun Clark,arjun.clark8978@shopmail.com,Singapore,2025-08-17,Basic,980.11
8979,Leo Nakamura,leo.nakamura8979@shopmail.com,Australia,2024-09-30,Basic,2126.62
8980,Mason Andersen,mason.andersen8980@shopmail.com,United Kingdom,2024-10-09,Basic,1612.67
8981,Grace Williams,grace.williams8981@shopmail.com,United Kingdom,2025-04-28,Basic,2307.59
8982,Sofia Costa,sofia.costa8982@shopmail.com,United Kingdom,2025-01-12,Basic,3766.38
8983,Priya Young,priya.young8983@shopmail.com,Australia,2020-01-13,Basic,1528.57
8984,Chloe Murphy,chloe.murphy8984@shopmail.com,Singapore,2021-06-19,Basic,1698.20
8985,James Young,james.young8985@shopmail.com,Australia,2022-01-02,Basic,1575.41
8986,Maya Khan,maya.khan8986@shopmail.com,United States,2020-09-21,Basic,123.80
8987,Maya Hall,maya.hall8987@shopmail.com,Ireland,2023-08-25,Basic,2537.27
8988,Isabella Martin,isabella.martin8988@shopmail.com,United Kingdom,2025-06-07,Basic,2418.48
8989,Mateo Murphy,mateo.murphy8989@shopmail.com,Singapore,2021-09-02,Basic,223.03
8990,Olivia Anderson,olivia.anderson8990@shopmail.com,New Zealand,2021-04-12,Basic,78.80
8991,Wei Garcia,wei.garcia8991@shopmail.com,United Kingdom,2020-08-30,Basic,3788.21
8992,Yuki Harris,yuki.harris8992@shopmail.com,Australia,2024-07-21,Basic,1819.08
8993,Kai Davis,kai.davis8993@shopmail.com,United Kingdom,2021-04-14,Basic,412.75
8994,Mateo Kim,mateo.kim8994@shopmail.com,United Kingdom,2020-12-31,Basic,1108.60
8995,Wei Johnson,wei.johnson8995@shopmail.com,Canada,2023-02-02,Basic,2114.16
8996,Sofia Williams,sofia.williams8996@shopmail.com,Australia,2020-06-18,Basic,4184.07
8997,Yuki Allen,yuki.allen8997@shopmail.com,United States,2023-05-17,Basic,162.80
8998,Arjun Wilson,arjun.wilson8998@shopmail.com,Australia,2025-05-10,Basic,110.90
8999,Nina Williams,nina.williams8999@shopmail.com,Singapore,2024-04-23,Basic,1488.81
9000,Yuki Harris,yuki.harris9000@shopmail.com,United Kingdom,2024-11-25,Basic,3115.80
9001,Isla Williams,isla.williams9001@shopmail.com,Singapore,2022-07-11,Basic,3784.85
9002,Jack Martin,jack.martin9002@shopmail.com,United States,2022-06-10,Basic,1936.56
9003,Oscar Wilson,oscar.wilson9003@shopmail.com,Australia,2023-05-31,Basic,1741.54
9004,Isla Miller,isla.miller9004@shopmail.com,United States,2020-06-06,Basic,2515.09
9005,Ethan Harris,ethan.harris9005@shopmail.com,United Kingdom,2020-09-21,Basic,3755.27
9006,Wei Taylor,wei.taylor9006@shopmail.com,New Zealand,2023-01-19,Basic,3105.14
9007,Samuel Singh,samuel.singh9007@shopmail.com,United Kingdom,2022-10-11,Basic,3221.73
9008,Liam Williams,liam.williams9008@shopmail.com,Canada,2020-05-22,Basic,1247.28
9009,Amelia Dubois,amelia.dubois9009@shopmail.com,Australia,2023-01-24,Basic,3367.08
9010,Arjun Andersen,arjun.andersen9010@shopmail.com,Ireland,2024-09-04,Basic,2379.91
9011,Lucas Hall,lucas.hall9011@shopmail.com,Australia,2023-05-20,Basic,49.18
9012,Nina Kim,nina.kim9012@shopmail.com,Australia,2024-11-27,Basic,244.46
9013,Hugo Khan,hugo.khan9013@shopmail.com,United States,2022-05-13,Basic,352.88
9014,James Khan,james.khan9014@shopmail.com,Australia,2024-06-18,Basic,4654.24
9015,Maya Dubois,maya.dubois9015@shopmail.com,Australia,2022-07-01,Basic,4287.93
9016,Ethan Andersen,ethan.andersen9016@shopmail.com,New Zealand,2024-04-04,Basic,2893.14
9017,Mia Dubois,mia.dubois9017@shopmail.com,Australia,2024-02-03,Basic,262.32
9018,Charlotte Clark,charlotte.clark9018@shopmail.com,United Kingdom,2022-12-05,Basic,4451.90
9019,Charlotte Anderson,charlotte.anderson9019@shopmail.com,United Kingdom,2024-12-03,Basic,1111.84
9020,Isabella Patel,isabella.patel9020@shopmail.com,Australia,2024-09-23,Basic,518.42
9021,Chloe Chen,chloe.chen9021@shopmail.com,India,2025-08-12,Basic,2171.66
9022,Mia Thomas,mia.thomas9022@shopmail.com,Ireland,2026-07-20,Basic,1702.35
9023,Oscar Walker,oscar.walker9023@shopmail.com,United States,2023-02-21,Basic,1746.53
9024,Arjun Brown,arjun.brown9024@shopmail.com,Singapore,2026-04-29,Basic,3108.30
9025,Samuel Silva,samuel.silva9025@shopmail.com,Australia,2025-03-24,Basic,4337.97
9026,Ethan Garcia,ethan.garcia9026@shopmail.com,Ireland,2023-10-11,Basic,3715.23
9027,Oliver Kowalski,oliver.kowalski9027@shopmail.com,Australia,2023-02-11,Basic,827.95
9028,Ava Clark,ava.clark9028@shopmail.com,Ireland,2022-10-31,Basic,2149.43
9029,Grace Allen,grace.allen9029@shopmail.com,Australia,2022-12-21,Basic,1259.96
9030,Oliver Nguyen,oliver.nguyen9030@shopmail.com,Australia,2024-10-27,Basic,1253.93
9031,Sofia Khan,sofia.khan9031@shopmail.com,Canada,2021-08-10,Basic,2878.06
9032,Grace Young,grace.young9032@shopmail.com,Canada,2024-02-20,Basic,1233.37
9033,Nina Davis,nina.davis9033@shopmail.com,Australia,2025-03-11,Basic,2676.98
9034,Aarav Khan,aarav.khan9034@shopmail.com,United States,2024-10-21,Basic,648.18
9035,Eva Moore,eva.moore9035@shopmail.com,Ireland,2026-02-20,Basic,3878.28
9036,Chloe Harris,chloe.harris9036@shopmail.com,India,2024-05-25,Basic,4468.36
9037,Lucas Walker,lucas.walker9037@shopmail.com,Australia,2025-04-30,Basic,3216.56
9038,James Cohen,james.cohen9038@shopmail.com,New Zealand,2021-05-10,Basic,1492.77
9039,Aarav Lewis,aarav.lewis9039@shopmail.com,Australia,2021-11-28,Basic,2089.59
9040,Sophia Moore,sophia.moore9040@shopmail.com,United Kingdom,2022-02-22,Basic,1355.59
9041,Priya Patel,priya.patel9041@shopmail.com,United Kingdom,2024-04-27,Basic,414.30
9042,Mason Anderson,mason.anderson9042@shopmail.com,United Kingdom,2021-09-16,Basic,3989.38
9043,Amelia Andersen,amelia.andersen9043@shopmail.com,New Zealand,2021-05-18,Basic,4142.83
9044,Mateo Patel,mateo.patel9044@shopmail.com,Australia,2020-02-06,Basic,2763.07
9045,Sofia Lewis,sofia.lewis9045@shopmail.com,Australia,2024-01-22,Basic,3709.11
9046,Ruby Allen,ruby.allen9046@shopmail.com,Australia,2024-02-15,Basic,1929.42
9047,Maya Khan,maya.khan9047@shopmail.com,Singapore,2020-09-09,Basic,2450.66
9048,Zara Nakamura,zara.nakamura9048@shopmail.com,Australia,2020-02-24,Basic,2105.29
9049,Ruby Jones,ruby.jones9049@shopmail.com,Australia,2024-05-21,Basic,903.11
9050,Yuki Williams,yuki.williams9050@shopmail.com,Canada,2022-01-25,Basic,3151.56
9051,Amelia Cohen,amelia.cohen9051@shopmail.com,United States,2021-03-07,Basic,3519.86
9052,Harper Anderson,harper.anderson9052@shopmail.com,United Kingdom,2025-04-08,Basic,760.12
9053,Harper Harris,harper.harris9053@shopmail.com,Australia,2024-08-04,Basic,601.80
9054,Chloe Kowalski,chloe.kowalski9054@shopmail.com,United States,2023-04-08,Basic,2085.20
9055,Samuel Allen,samuel.allen9055@shopmail.com,United States,2025-09-14,Basic,4127.61
9056,Hugo Young,hugo.young9056@shopmail.com,Ireland,2024-04-25,Basic,2579.66
9057,Chloe Rossi,chloe.rossi9057@shopmail.com,Ireland,2023-04-20,Basic,2801.14
9058,Isabella Costa,isabella.costa9058@shopmail.com,New Zealand,2023-01-04,Basic,2914.07
9059,Mason Jones,mason.jones9059@shopmail.com,Australia,2024-09-04,Basic,2347.12
9060,Oscar Thomas,oscar.thomas9060@shopmail.com,Canada,2024-07-09,Basic,1962.57
9061,Aarav Smith,aarav.smith9061@shopmail.com,Singapore,2023-09-15,Basic,1103.57
9062,Leo Silva,leo.silva9062@shopmail.com,Singapore,2025-08-15,Basic,1004.34
9063,Mia Williams,mia.williams9063@shopmail.com,Australia,2020-11-05,Basic,1904.80
9064,Amelia Miller,amelia.miller9064@shopmail.com,United States,2025-01-17,Basic,2864.99
9065,Chen Harris,chen.harris9065@shopmail.com,New Zealand,2020-06-17,Basic,4392.67
9066,Arjun Andersen,arjun.andersen9066@shopmail.com,Australia,2022-02-14,Basic,958.59
9067,Priya Miller,priya.miller9067@shopmail.com,United States,2020-03-05,Basic,505.92
9068,Jack Lewis,jack.lewis9068@shopmail.com,United States,2020-02-16,Basic,756.09
9069,Leo Wilson,leo.wilson9069@shopmail.com,United States,2020-08-26,Basic,4169.83
9070,Eva Lee,eva.lee9070@shopmail.com,United States,2025-12-04,Basic,4015.44
9071,Samuel Nguyen,samuel.nguyen9071@shopmail.com,Australia,2020-10-21,Basic,529.67
9072,Zara Harris,zara.harris9072@shopmail.com,India,2025-06-05,Basic,2612.05
9073,Oliver Nguyen,oliver.nguyen9073@shopmail.com,United States,2022-10-04,Basic,1248.44
9074,Ava Hall,ava.hall9074@shopmail.com,India,2020-12-11,Basic,103.15
9075,Charlotte Kowalski,charlotte.kowalski9075@shopmail.com,Australia,2025-08-10,Basic,2017.15
9076,Mia Harris,mia.harris9076@shopmail.com,Canada,2024-04-05,Basic,1695.44
9077,Wei Chen,wei.chen9077@shopmail.com,Australia,2021-08-01,Basic,1969.91
9078,Mia Anderson,mia.anderson9078@shopmail.com,New Zealand,2025-07-18,Basic,2650.53
9079,Eva Wilson,eva.wilson9079@shopmail.com,Australia,2023-10-11,Basic,502.87
9080,Arjun Anderson,arjun.anderson9080@shopmail.com,United Kingdom,2021-02-10,Basic,4525.27
9081,Harper Allen,harper.allen9081@shopmail.com,Australia,2024-08-30,Basic,601.79
9082,Emma Nakamura,emma.nakamura9082@shopmail.com,New Zealand,2020-05-15,Basic,371.46
9083,Ruby Cohen,ruby.cohen9083@shopmail.com,Singapore,2020-03-13,Basic,1894.48
9084,Samuel Nakamura,samuel.nakamura9084@shopmail.com,Australia,2020-06-01,Basic,2708.79
9085,Samuel Murphy,samuel.murphy9085@shopmail.com,Singapore,2023-12-20,Basic,882.89
9086,Leo Nakamura,leo.nakamura9086@shopmail.com,United Kingdom,2024-09-09,Basic,4477.34
9087,Emma Andersen,emma.andersen9087@shopmail.com,Australia,2024-09-11,Basic,2651.26
9088,Jack Dubois,jack.dubois9088@shopmail.com,Ireland,2021-11-02,Basic,545.81
9089,Liam Silva,liam.silva9089@shopmail.com,Australia,2025-04-13,Basic,4731.07
9090,Emma Nakamura,emma.nakamura9090@shopmail.com,Singapore,2025-01-31,Basic,397.23
9091,Zara Moore,zara.moore9091@shopmail.com,India,2020-03-14,Basic,936.05
9092,James Anderson,james.anderson9092@shopmail.com,Australia,2020-08-01,Basic,1638.19
9093,Jack Taylor,jack.taylor9093@shopmail.com,United Kingdom,2020-06-11,Basic,2315.40
9094,Mia Young,mia.young9094@shopmail.com,United States,2023-03-15,Basic,2465.60
9095,Priya Silva,priya.silva9095@shopmail.com,India,2025-11-13,Basic,3438.08
9096,Kai Thomas,kai.thomas9096@shopmail.com,Australia,2022-08-04,Basic,807.54
9097,Ethan Andersen,ethan.andersen9097@shopmail.com,Australia,2023-09-14,Basic,4508.57
9098,Isabella Martin,isabella.martin9098@shopmail.com,Australia,2021-07-07,Basic,2759.50
9099,Mia Hall,mia.hall9099@shopmail.com,New Zealand,2020-06-01,Basic,538.24
9100,Hugo Harris,hugo.harris9100@shopmail.com,United States,2023-04-26,Basic,2348.65
9101,Mateo Young,mateo.young9101@shopmail.com,Australia,2020-12-15,Basic,2428.13
9102,Jack Walker,jack.walker9102@shopmail.com,United Kingdom,2023-01-03,Basic,2181.70
9103,Emma Brown,emma.brown9103@shopmail.com,United States,2026-06-09,Basic,833.76
9104,Zara Kowalski,zara.kowalski9104@shopmail.com,Australia,2024-06-25,Basic,1973.24
9105,Eva Nakamura,eva.nakamura9105@shopmail.com,Australia,2025-05-12,Basic,4042.90
9106,Mateo Nguyen,mateo.nguyen9106@shopmail.com,Singapore,2020-03-10,Basic,1344.69
9107,Chen Andersen,chen.andersen9107@shopmail.com,Australia,2026-01-19,Basic,2365.62
9108,Liam Smith,liam.smith9108@shopmail.com,Canada,2025-08-09,Basic,3588.85
9109,Liam Brown,liam.brown9109@shopmail.com,Canada,2022-02-10,Basic,554.73
9110,Isabella Miller,isabella.miller9110@shopmail.com,Singapore,2020-11-14,Basic,3809.28
9111,Mateo Khan,mateo.khan9111@shopmail.com,Australia,2023-03-04,Basic,926.14
9112,Harper Davis,harper.davis9112@shopmail.com,Ireland,2024-03-15,Basic,3231.98
9113,Hugo Singh,hugo.singh9113@shopmail.com,New Zealand,2020-03-16,Basic,554.55
9114,Ava Walker,ava.walker9114@shopmail.com,United Kingdom,2020-05-06,Basic,435.05
9115,Samuel Moore,samuel.moore9115@shopmail.com,Australia,2023-08-31,Basic,890.84
9116,Leo Thomas,leo.thomas9116@shopmail.com,Australia,2024-04-18,Basic,261.88
9117,Nina Martin,nina.martin9117@shopmail.com,Australia,2024-05-07,Basic,3567.56
9118,Elijah Kim,elijah.kim9118@shopmail.com,United Kingdom,2022-07-17,Basic,1109.29
9119,Charlotte Miller,charlotte.miller9119@shopmail.com,New Zealand,2020-08-02,Basic,4339.87
9120,Isabella Moore,isabella.moore9120@shopmail.com,Australia,2020-02-01,Basic,306.27
9121,Ava Silva,ava.silva9121@shopmail.com,Australia,2026-07-12,Basic,1416.50
9122,Henry Clark,henry.clark9122@shopmail.com,Australia,2023-10-01,Basic,3659.57
9123,Eva Costa,eva.costa9123@shopmail.com,United Kingdom,2020-04-28,Basic,2659.58
9124,Eva Smith,eva.smith9124@shopmail.com,Australia,2023-09-24,Basic,1982.73
9125,Chloe Lee,chloe.lee9125@shopmail.com,Singapore,2024-01-06,Basic,755.03
9126,Grace Lee,grace.lee9126@shopmail.com,United Kingdom,2024-02-20,Basic,417.74
9127,Leo Harris,leo.harris9127@shopmail.com,United Kingdom,2022-01-15,Basic,1265.92
9128,Harper Johnson,harper.johnson9128@shopmail.com,Australia,2022-01-30,Basic,3870.17
9129,Kai Kim,kai.kim9129@shopmail.com,United States,2021-02-04,Basic,260.75
9130,Grace Hall,grace.hall9130@shopmail.com,Canada,2024-09-30,Basic,104.17
9131,Wei Thomas,wei.thomas9131@shopmail.com,Australia,2024-02-09,Basic,4241.38
9132,Chloe Silva,chloe.silva9132@shopmail.com,New Zealand,2020-11-28,Basic,3188.60
9133,Hugo Williams,hugo.williams9133@shopmail.com,United Kingdom,2025-04-12,Basic,410.16
9134,Chen Moore,chen.moore9134@shopmail.com,Australia,2021-06-10,Basic,3424.10
9135,Samuel Cohen,samuel.cohen9135@shopmail.com,Canada,2023-11-25,Basic,783.43
9136,Sophia Hall,sophia.hall9136@shopmail.com,United States,2025-03-17,Basic,4530.61
9137,Kai Nakamura,kai.nakamura9137@shopmail.com,India,2021-04-17,Basic,1925.01
9138,Arjun Harris,arjun.harris9138@shopmail.com,Australia,2025-05-09,Basic,4659.86
9139,Priya Davis,priya.davis9139@shopmail.com,Australia,2020-09-30,Basic,1238.68
9140,Aarav Davis,aarav.davis9140@shopmail.com,Australia,2023-04-14,Basic,3368.25
9141,Isla Walker,isla.walker9141@shopmail.com,United Kingdom,2023-06-04,Basic,4637.53
9142,Chloe Martin,chloe.martin9142@shopmail.com,Australia,2022-04-15,Basic,2129.61
9143,Ruby Clark,ruby.clark9143@shopmail.com,Australia,2026-06-06,Basic,4278.51
9144,James Singh,james.singh9144@shopmail.com,United Kingdom,2023-08-08,Basic,1489.27
9145,Priya Brown,priya.brown9145@shopmail.com,United States,2023-12-12,Basic,2282.81
9146,James Moore,james.moore9146@shopmail.com,New Zealand,2020-01-31,Basic,4285.35
9147,Ava Cohen,ava.cohen9147@shopmail.com,United Kingdom,2020-12-31,Basic,2215.23
9148,Charlotte Miller,charlotte.miller9148@shopmail.com,Australia,2020-05-30,Basic,544.11
9149,Elijah Silva,elijah.silva9149@shopmail.com,Australia,2025-12-20,Basic,1063.95
9150,Ava Nakamura,ava.nakamura9150@shopmail.com,Singapore,2020-12-25,Basic,2184.37
9151,Olivia Harris,olivia.harris9151@shopmail.com,United Kingdom,2025-04-09,Basic,2818.23
9152,Sofia Kowalski,sofia.kowalski9152@shopmail.com,New Zealand,2020-02-20,Basic,147.13
9153,Nina Jones,nina.jones9153@shopmail.com,Singapore,2023-07-23,Basic,1395.69
9154,Elijah Chen,elijah.chen9154@shopmail.com,Canada,2020-08-22,Basic,3406.12
9155,Chloe Dubois,chloe.dubois9155@shopmail.com,Australia,2023-04-06,Basic,360.58
9156,Grace Lewis,grace.lewis9156@shopmail.com,Australia,2023-01-15,Basic,3659.05
9157,Mia Walker,mia.walker9157@shopmail.com,Singapore,2020-10-12,Basic,4013.84
9158,Aarav Murphy,aarav.murphy9158@shopmail.com,United Kingdom,2023-04-09,Basic,3162.62
9159,Leo Anderson,leo.anderson9159@shopmail.com,New Zealand,2025-12-03,Basic,700.11
9160,Ethan Brown,ethan.brown9160@shopmail.com,Singapore,2024-10-08,Basic,4293.87
9161,Wei Wilson,wei.wilson9161@shopmail.com,Canada,2020-10-27,Basic,3823.65
9162,Leo Khan,leo.khan9162@shopmail.com,New Zealand,2024-06-27,Basic,263.11
9163,Kai Patel,kai.patel9163@shopmail.com,Australia,2023-10-16,Basic,2944.23
9164,Harper Lewis,harper.lewis9164@shopmail.com,Canada,2024-09-26,Basic,1876.37
9165,Isabella Jones,isabella.jones9165@shopmail.com,Ireland,2025-07-21,Basic,1375.80
9166,Aarav Hall,aarav.hall9166@shopmail.com,Australia,2022-08-14,Basic,473.04
9167,Leo Lewis,leo.lewis9167@shopmail.com,India,2023-07-12,Basic,45.84
9168,Liam Hall,liam.hall9168@shopmail.com,Singapore,2023-03-25,Basic,496.32
9169,Amelia Murphy,amelia.murphy9169@shopmail.com,Singapore,2021-03-02,Basic,4470.47
9170,Wei Kowalski,wei.kowalski9170@shopmail.com,Canada,2022-09-18,Basic,3037.13
9171,James Cohen,james.cohen9171@shopmail.com,United States,2020-07-05,Basic,3067.08
9172,Maya Kowalski,maya.kowalski9172@shopmail.com,India,2023-08-08,Basic,2173.77
9173,Charlotte Brown,charlotte.brown9173@shopmail.com,Australia,2026-04-02,Basic,3843.50
9174,Kai Lee,kai.lee9174@shopmail.com,Australia,2023-01-28,Basic,511.09
9175,Priya Lewis,priya.lewis9175@shopmail.com,Singapore,2023-03-07,Basic,2344.58
9176,Oscar Harris,oscar.harris9176@shopmail.com,Australia,2022-12-31,Basic,3370.25
9177,Mateo Murphy,mateo.murphy9177@shopmail.com,Australia,2024-11-04,Basic,3643.47
9178,Ruby Williams,ruby.williams9178@shopmail.com,Australia,2024-10-13,Basic,2409.42
9179,Mateo Anderson,mateo.anderson9179@shopmail.com,United Kingdom,2022-09-15,Basic,367.22
9180,Ruby Hall,ruby.hall9180@shopmail.com,Australia,2022-11-06,Basic,4720.75
9181,Nina Martin,nina.martin9181@shopmail.com,United States,2020-03-16,Basic,396.51
9182,Sophia Nakamura,sophia.nakamura9182@shopmail.com,United Kingdom,2024-06-17,Basic,2673.64
9183,Chloe Lewis,chloe.lewis9183@shopmail.com,Singapore,2020-03-14,Basic,3541.21
9184,Sofia Thomas,sofia.thomas9184@shopmail.com,India,2020-03-28,Basic,1572.24
9185,Sofia Williams,sofia.williams9185@shopmail.com,India,2023-12-05,Basic,2318.84
9186,Nina Anderson,nina.anderson9186@shopmail.com,United States,2020-10-03,Basic,2547.06
9187,Chloe Anderson,chloe.anderson9187@shopmail.com,United Kingdom,2024-06-19,Basic,2425.57
9188,Jack Martin,jack.martin9188@shopmail.com,Canada,2021-12-05,Basic,1382.50
9189,Leo Miller,leo.miller9189@shopmail.com,Australia,2023-11-19,Basic,4136.81
9190,Liam Kim,liam.kim9190@shopmail.com,Australia,2025-06-21,Basic,2461.44
9191,Samuel Johnson,samuel.johnson9191@shopmail.com,United States,2025-12-22,Basic,4785.09
9192,Emma Chen,emma.chen9192@shopmail.com,United States,2022-04-04,Basic,427.34
9193,Sophia Anderson,sophia.anderson9193@shopmail.com,Singapore,2021-04-27,Basic,2209.68
9194,Hugo Allen,hugo.allen9194@shopmail.com,India,2021-07-25,Basic,4215.35
9195,Isabella Thomas,isabella.thomas9195@shopmail.com,Australia,2022-09-15,Basic,4586.74
9196,Mia Allen,mia.allen9196@shopmail.com,United Kingdom,2025-06-13,Basic,2392.17
9197,Sofia Smith,sofia.smith9197@shopmail.com,Canada,2022-05-27,Basic,2491.70
9198,Sofia Kowalski,sofia.kowalski9198@shopmail.com,Australia,2024-10-05,Basic,839.34
9199,Henry Davis,henry.davis9199@shopmail.com,New Zealand,2021-01-11,Basic,909.50
9200,Mia Cohen,mia.cohen9200@shopmail.com,Singapore,2025-07-18,Basic,905.42
9201,Mason Hall,mason.hall9201@shopmail.com,Singapore,2025-07-07,Basic,1116.11
9202,Oscar Clark,oscar.clark9202@shopmail.com,Australia,2021-02-18,Basic,3245.92
9203,Yuki Anderson,yuki.anderson9203@shopmail.com,Australia,2022-10-31,Basic,888.65
9204,Chloe Harris,chloe.harris9204@shopmail.com,United States,2022-12-04,Basic,537.28
9205,Isla Rossi,isla.rossi9205@shopmail.com,Australia,2023-03-23,Basic,688.68
9206,Emma Allen,emma.allen9206@shopmail.com,India,2021-07-10,Basic,3182.83
9207,Chen Lee,chen.lee9207@shopmail.com,Singapore,2020-01-09,Basic,4144.87
9208,Nina Nguyen,nina.nguyen9208@shopmail.com,United Kingdom,2026-02-20,Basic,2360.14
9209,Eva Lee,eva.lee9209@shopmail.com,United Kingdom,2023-04-24,Basic,3222.75
9210,Mia Cohen,mia.cohen9210@shopmail.com,Australia,2025-02-28,Basic,2807.86
9211,Henry Anderson,henry.anderson9211@shopmail.com,Australia,2025-11-02,Basic,3463.97
9212,Oliver Kowalski,oliver.kowalski9212@shopmail.com,Singapore,2020-10-19,Basic,612.77
9213,Isabella Garcia,isabella.garcia9213@shopmail.com,Australia,2023-08-06,Basic,497.61
9214,Noah Harris,noah.harris9214@shopmail.com,Singapore,2022-04-29,Basic,243.48
9215,Olivia Murphy,olivia.murphy9215@shopmail.com,United Kingdom,2022-02-07,Basic,1790.19
9216,Liam Taylor,liam.taylor9216@shopmail.com,New Zealand,2024-07-16,Basic,4676.86
9217,Zara Nakamura,zara.nakamura9217@shopmail.com,Ireland,2023-03-27,Basic,3415.04
9218,Oliver Thomas,oliver.thomas9218@shopmail.com,Australia,2021-07-25,Basic,3949.32
9219,Elijah Taylor,elijah.taylor9219@shopmail.com,Australia,2021-11-27,Basic,4350.47
9220,Arjun Murphy,arjun.murphy9220@shopmail.com,Ireland,2022-10-18,Basic,2513.87
9221,Priya Murphy,priya.murphy9221@shopmail.com,Australia,2026-06-15,Basic,1461.15
9222,Hugo Miller,hugo.miller9222@shopmail.com,Australia,2025-05-20,Basic,57.30
9223,Kai Patel,kai.patel9223@shopmail.com,United States,2024-12-05,Basic,4602.19
9224,Amelia Murphy,amelia.murphy9224@shopmail.com,India,2021-11-25,Basic,594.69
9225,Sophia Kowalski,sophia.kowalski9225@shopmail.com,Canada,2026-03-18,Basic,891.86
9226,Charlotte Brown,charlotte.brown9226@shopmail.com,United States,2020-01-27,Basic,2962.90
9227,Eva Martin,eva.martin9227@shopmail.com,United States,2020-10-03,Basic,1787.41
9228,Samuel Lee,samuel.lee9228@shopmail.com,Australia,2025-01-13,Basic,4043.76
9229,Yuki Lewis,yuki.lewis9229@shopmail.com,Canada,2026-02-08,Basic,2683.74
9230,Harper Andersen,harper.andersen9230@shopmail.com,Australia,2022-03-19,Basic,2132.46
9231,Zara Silva,zara.silva9231@shopmail.com,Canada,2022-08-05,Basic,2609.90
9232,Oliver Lee,oliver.lee9232@shopmail.com,Ireland,2022-05-05,Basic,2137.86
9233,Aarav Costa,aarav.costa9233@shopmail.com,New Zealand,2024-06-08,Basic,811.44
9234,Mateo Hall,mateo.hall9234@shopmail.com,New Zealand,2020-05-07,Basic,2110.18
9235,Oscar Smith,oscar.smith9235@shopmail.com,Australia,2023-08-07,Basic,4386.11
9236,Sofia Hall,sofia.hall9236@shopmail.com,Singapore,2025-09-10,Basic,2490.17
9237,Amelia Clark,amelia.clark9237@shopmail.com,United States,2021-02-18,Basic,3202.25
9238,Isla Johnson,isla.johnson9238@shopmail.com,Singapore,2026-03-24,Basic,3893.40
9239,Nina Lee,nina.lee9239@shopmail.com,United States,2023-08-11,Basic,278.20
9240,Elijah Andersen,elijah.andersen9240@shopmail.com,New Zealand,2025-07-08,Basic,2309.97
9241,Arjun Thomas,arjun.thomas9241@shopmail.com,United Kingdom,2025-10-12,Basic,2334.37
9242,Sofia Lee,sofia.lee9242@shopmail.com,United States,2020-10-14,Basic,4762.10
9243,Leo Young,leo.young9243@shopmail.com,Australia,2023-08-08,Basic,4244.41
9244,Harper Martin,harper.martin9244@shopmail.com,Canada,2020-05-16,Basic,2141.99
9245,Olivia Kim,olivia.kim9245@shopmail.com,United Kingdom,2024-08-31,Basic,3269.10
9246,Oscar Brown,oscar.brown9246@shopmail.com,Singapore,2024-07-02,Basic,1023.19
9247,Ethan Garcia,ethan.garcia9247@shopmail.com,Australia,2026-06-05,Basic,3786.08
9248,Noah Kowalski,noah.kowalski9248@shopmail.com,Canada,2021-01-17,Basic,4794.72
9249,Hugo Allen,hugo.allen9249@shopmail.com,United Kingdom,2022-06-21,Basic,122.70
9250,Harper Cohen,harper.cohen9250@shopmail.com,Australia,2021-04-12,Basic,4036.91
9251,Aarav Brown,aarav.brown9251@shopmail.com,Australia,2025-06-20,Basic,2365.89
9252,Noah Rossi,noah.rossi9252@shopmail.com,Australia,2022-05-30,Basic,2331.10
9253,Amelia Johnson,amelia.johnson9253@shopmail.com,United Kingdom,2021-02-03,Basic,3891.60
9254,Hugo Wilson,hugo.wilson9254@shopmail.com,Australia,2020-02-29,Basic,1376.62
9255,Mateo Nakamura,mateo.nakamura9255@shopmail.com,Australia,2020-07-03,Basic,2288.73
9256,Oliver Chen,oliver.chen9256@shopmail.com,Australia,2023-01-12,Basic,2154.08
9257,Yuki Wilson,yuki.wilson9257@shopmail.com,New Zealand,2024-11-02,Basic,2682.63
9258,Ruby Harris,ruby.harris9258@shopmail.com,Australia,2024-01-15,Basic,4219.58
9259,Priya Brown,priya.brown9259@shopmail.com,Ireland,2024-10-05,Basic,4536.12
9260,Elijah Costa,elijah.costa9260@shopmail.com,Singapore,2020-04-08,Basic,1609.39
9261,Ethan Kim,ethan.kim9261@shopmail.com,Ireland,2024-12-11,Basic,2996.50
9262,Sophia Wilson,sophia.wilson9262@shopmail.com,Australia,2025-01-18,Basic,4735.74
9263,Liam Patel,liam.patel9263@shopmail.com,United States,2026-02-25,Basic,3900.98
9264,Eva Johnson,eva.johnson9264@shopmail.com,Australia,2023-07-09,Basic,3337.55
9265,Priya Smith,priya.smith9265@shopmail.com,United States,2021-02-08,Basic,2728.18
9266,Grace Andersen,grace.andersen9266@shopmail.com,Ireland,2022-12-13,Basic,1332.86
9267,Leo Hall,leo.hall9267@shopmail.com,Canada,2025-01-03,Basic,4794.71
9268,Maya Garcia,maya.garcia9268@shopmail.com,Canada,2025-01-05,Basic,1264.99
9269,Mia Williams,mia.williams9269@shopmail.com,United Kingdom,2022-12-02,Basic,266.55
9270,Mateo Garcia,mateo.garcia9270@shopmail.com,United Kingdom,2023-08-27,Basic,2015.17
9271,Zara Smith,zara.smith9271@shopmail.com,India,2021-12-14,Basic,232.82
9272,Jack Cohen,jack.cohen9272@shopmail.com,Ireland,2023-07-18,Basic,2886.81
9273,Eva Harris,eva.harris9273@shopmail.com,Australia,2020-04-08,Basic,343.46
9274,Aarav Garcia,aarav.garcia9274@shopmail.com,New Zealand,2020-05-16,Basic,1675.75
9275,Maya Brown,maya.brown9275@shopmail.com,United Kingdom,2025-05-14,Basic,91.70
9276,Noah Clark,noah.clark9276@shopmail.com,Ireland,2023-01-18,Basic,4576.48
9277,Sofia Walker,sofia.walker9277@shopmail.com,United States,2022-11-20,Basic,26.68
9278,Emma Smith,emma.smith9278@shopmail.com,Australia,2023-04-18,Basic,179.57
9279,Wei Singh,wei.singh9279@shopmail.com,New Zealand,2024-01-09,Basic,1209.21
9280,Henry Kim,henry.kim9280@shopmail.com,United States,2022-05-14,Basic,1419.32
9281,Maya Silva,maya.silva9281@shopmail.com,United Kingdom,2021-11-28,Basic,1734.15
9282,Olivia Young,olivia.young9282@shopmail.com,United States,2026-07-07,Basic,2904.06
9283,Wei Chen,wei.chen9283@shopmail.com,United Kingdom,2021-07-05,Basic,1518.03
9284,Leo Brown,leo.brown9284@shopmail.com,Australia,2022-02-27,Basic,2545.65
9285,Ruby Allen,ruby.allen9285@shopmail.com,Canada,2020-11-20,Basic,428.05
9286,Isla Davis,isla.davis9286@shopmail.com,Australia,2021-03-13,Basic,3804.57
9287,Charlotte Patel,charlotte.patel9287@shopmail.com,Australia,2024-03-07,Basic,287.42
9288,Sophia Nguyen,sophia.nguyen9288@shopmail.com,India,2023-09-13,Basic,2887.98
9289,Yuki Harris,yuki.harris9289@shopmail.com,Australia,2023-10-17,Basic,4512.40
9290,Chloe Jones,chloe.jones9290@shopmail.com,Ireland,2025-07-29,Basic,1232.27
9291,Leo Lewis,leo.lewis9291@shopmail.com,United States,2025-06-06,Basic,4112.43
9292,Charlotte Moore,charlotte.moore9292@shopmail.com,Ireland,2021-02-19,Basic,3004.05
9293,Ethan Thomas,ethan.thomas9293@shopmail.com,Canada,2022-10-10,Basic,583.87
9294,Henry Chen,henry.chen9294@shopmail.com,United States,2020-08-25,Basic,778.37
9295,Yuki Kim,yuki.kim9295@shopmail.com,Australia,2024-08-19,Basic,2447.50
9296,Wei Lewis,wei.lewis9296@shopmail.com,United Kingdom,2024-09-13,Basic,1357.71
9297,Isla Taylor,isla.taylor9297@shopmail.com,New Zealand,2023-06-16,Basic,403.19
9298,Maya Lee,maya.lee9298@shopmail.com,Australia,2025-09-13,Basic,4294.71
9299,Noah Garcia,noah.garcia9299@shopmail.com,Ireland,2022-09-18,Basic,4146.94
9300,Elijah Lewis,elijah.lewis9300@shopmail.com,Canada,2023-02-16,Basic,3683.63
9301,Eva Thomas,eva.thomas9301@shopmail.com,Ireland,2026-06-26,Basic,2196.28
9302,Priya Costa,priya.costa9302@shopmail.com,Australia,2022-12-26,Basic,4394.15
9303,Yuki Nakamura,yuki.nakamura9303@shopmail.com,India,2023-06-06,Basic,96.07
9304,James Costa,james.costa9304@shopmail.com,Singapore,2023-06-21,Basic,1845.55
9305,Maya Clark,maya.clark9305@shopmail.com,United Kingdom,2022-08-19,Basic,4233.45
9306,Hugo Anderson,hugo.anderson9306@shopmail.com,Singapore,2023-03-30,Basic,2689.68
9307,Isla Cohen,isla.cohen9307@shopmail.com,United States,2020-03-15,Basic,3091.30
9308,Ruby Harris,ruby.harris9308@shopmail.com,United States,2024-06-15,Basic,3197.18
9309,Ruby Singh,ruby.singh9309@shopmail.com,Ireland,2022-11-09,Basic,4097.76
9310,Ruby Martin,ruby.martin9310@shopmail.com,United States,2025-12-15,Basic,217.38
9311,Harper Lewis,harper.lewis9311@shopmail.com,Australia,2023-12-07,Basic,535.27
9312,Oliver Andersen,oliver.andersen9312@shopmail.com,United States,2021-05-17,Basic,2032.58
9313,Maya Costa,maya.costa9313@shopmail.com,United States,2023-06-09,Basic,2119.39
9314,Henry Kowalski,henry.kowalski9314@shopmail.com,United Kingdom,2024-06-27,Basic,3617.04
9315,Samuel Garcia,samuel.garcia9315@shopmail.com,India,2021-05-08,Basic,2886.66
9316,Mateo Thomas,mateo.thomas9316@shopmail.com,United Kingdom,2022-11-02,Basic,605.66
9317,Nina Martin,nina.martin9317@shopmail.com,Australia,2025-01-10,Basic,2089.10
9318,Hugo Cohen,hugo.cohen9318@shopmail.com,Australia,2025-12-14,Basic,3809.04
9319,Grace Silva,grace.silva9319@shopmail.com,United Kingdom,2026-06-13,Basic,560.52
9320,Mateo Kowalski,mateo.kowalski9320@shopmail.com,Canada,2022-05-20,Basic,3823.22
9321,Hugo Singh,hugo.singh9321@shopmail.com,United States,2020-07-09,Basic,3175.55
9322,Zara Silva,zara.silva9322@shopmail.com,United States,2025-05-25,Basic,4400.17
9323,Sophia Lewis,sophia.lewis9323@shopmail.com,Australia,2023-12-26,Basic,3863.80
9324,Henry Brown,henry.brown9324@shopmail.com,Australia,2024-02-04,Basic,4780.91
9325,Olivia Garcia,olivia.garcia9325@shopmail.com,United Kingdom,2024-02-18,Basic,4621.01
9326,Aarav Young,aarav.young9326@shopmail.com,Australia,2026-01-13,Basic,1539.40
9327,Priya Wilson,priya.wilson9327@shopmail.com,United Kingdom,2024-05-14,Basic,4768.14
9328,Amelia Cohen,amelia.cohen9328@shopmail.com,New Zealand,2022-12-30,Basic,4482.21
9329,Arjun Lewis,arjun.lewis9329@shopmail.com,United Kingdom,2023-10-10,Basic,3516.30
9330,Ruby Kim,ruby.kim9330@shopmail.com,Ireland,2024-08-06,Basic,1010.50
9331,Chen Lewis,chen.lewis9331@shopmail.com,Australia,2020-01-14,Basic,3401.20
9332,Chen Johnson,chen.johnson9332@shopmail.com,India,2023-10-30,Basic,4569.67
9333,James Silva,james.silva9333@shopmail.com,Australia,2025-04-10,Basic,4456.97
9334,Ruby Wilson,ruby.wilson9334@shopmail.com,United States,2021-08-08,Basic,2279.05
9335,Nina Hall,nina.hall9335@shopmail.com,Singapore,2025-09-09,Basic,4227.52
9336,Oscar Brown,oscar.brown9336@shopmail.com,Canada,2026-03-24,Basic,2789.13
9337,Zara Thomas,zara.thomas9337@shopmail.com,Canada,2024-10-12,Basic,3921.15
9338,Olivia Harris,olivia.harris9338@shopmail.com,United Kingdom,2024-10-01,Basic,3892.59
9339,Maya Johnson,maya.johnson9339@shopmail.com,Ireland,2022-02-06,Basic,3733.77
9340,Leo Walker,leo.walker9340@shopmail.com,New Zealand,2026-01-24,Basic,827.90
9341,Eva Young,eva.young9341@shopmail.com,Australia,2024-01-16,Basic,221.68
9342,Ruby Chen,ruby.chen9342@shopmail.com,Ireland,2021-02-24,Basic,2075.29
9343,Ethan Murphy,ethan.murphy9343@shopmail.com,United States,2025-03-27,Basic,3267.66
9344,Aarav Wilson,aarav.wilson9344@shopmail.com,New Zealand,2025-07-04,Basic,509.62
9345,Wei Costa,wei.costa9345@shopmail.com,Australia,2026-07-29,Basic,536.14
9346,Mason Kowalski,mason.kowalski9346@shopmail.com,India,2023-09-28,Basic,104.19
9347,Ruby Taylor,ruby.taylor9347@shopmail.com,United Kingdom,2021-12-21,Basic,1652.49
9348,Oliver Kim,oliver.kim9348@shopmail.com,India,2020-10-29,Basic,1673.68
9349,Samuel Murphy,samuel.murphy9349@shopmail.com,United States,2020-09-10,Basic,2305.72
9350,Isla Anderson,isla.anderson9350@shopmail.com,Australia,2020-08-07,Basic,2295.59
9351,Liam Johnson,liam.johnson9351@shopmail.com,United States,2020-09-16,Basic,944.05
9352,Yuki Johnson,yuki.johnson9352@shopmail.com,Australia,2022-05-04,Basic,4545.32
9353,Ruby Walker,ruby.walker9353@shopmail.com,Australia,2021-12-29,Basic,3989.77
9354,Leo Costa,leo.costa9354@shopmail.com,Canada,2021-12-20,Basic,3637.89
9355,Zara Young,zara.young9355@shopmail.com,Australia,2026-03-11,Basic,18.15
9356,Charlotte Costa,charlotte.costa9356@shopmail.com,Singapore,2023-12-14,Basic,4356.61
9357,Samuel Davis,samuel.davis9357@shopmail.com,Australia,2021-12-15,Basic,2747.34
9358,Yuki Singh,yuki.singh9358@shopmail.com,New Zealand,2020-06-10,Basic,1186.93
9359,Oliver Andersen,oliver.andersen9359@shopmail.com,Australia,2026-03-16,Basic,2218.31
9360,Eva Miller,eva.miller9360@shopmail.com,New Zealand,2024-11-15,Basic,4391.25
9361,Hugo Patel,hugo.patel9361@shopmail.com,Australia,2020-12-02,Basic,3136.92
9362,Olivia Moore,olivia.moore9362@shopmail.com,Australia,2026-04-24,Basic,3905.29
9363,Emma Nguyen,emma.nguyen9363@shopmail.com,India,2024-04-25,Basic,4722.55
9364,Leo Clark,leo.clark9364@shopmail.com,Australia,2022-06-07,Basic,2755.00
9365,Wei Moore,wei.moore9365@shopmail.com,United States,2022-05-01,Basic,3460.85
9366,Sofia Young,sofia.young9366@shopmail.com,Australia,2025-12-10,Basic,2404.36
9367,Charlotte Harris,charlotte.harris9367@shopmail.com,United States,2025-05-17,Basic,1158.34
9368,Arjun Hall,arjun.hall9368@shopmail.com,Australia,2022-09-24,Basic,46.70
9369,Mia Silva,mia.silva9369@shopmail.com,United States,2021-07-13,Basic,3282.17
9370,Ava Rossi,ava.rossi9370@shopmail.com,India,2022-04-17,Basic,3907.30
9371,Jack Thomas,jack.thomas9371@shopmail.com,United Kingdom,2020-07-09,Basic,4554.19
9372,Chen Patel,chen.patel9372@shopmail.com,Australia,2021-10-08,Basic,2037.69
9373,Samuel Anderson,samuel.anderson9373@shopmail.com,New Zealand,2023-06-04,Basic,3242.75
9374,Isla Harris,isla.harris9374@shopmail.com,Canada,2025-03-23,Basic,689.20
9375,Arjun Rossi,arjun.rossi9375@shopmail.com,Ireland,2025-06-19,Basic,2828.08
9376,Harper Khan,harper.khan9376@shopmail.com,Singapore,2025-11-26,Basic,2733.10
9377,Zara Garcia,zara.garcia9377@shopmail.com,Ireland,2021-12-03,Basic,4104.14
9378,Leo Silva,leo.silva9378@shopmail.com,Australia,2025-09-05,Basic,2340.45
9379,Aarav Cohen,aarav.cohen9379@shopmail.com,Ireland,2026-01-14,Basic,1841.04
9380,Samuel Garcia,samuel.garcia9380@shopmail.com,Australia,2023-04-21,Basic,86.46
9381,Charlotte Thomas,charlotte.thomas9381@shopmail.com,India,2024-03-24,Basic,4157.76
9382,Charlotte Hall,charlotte.hall9382@shopmail.com,Australia,2023-02-27,Basic,481.59
9383,Priya Cohen,priya.cohen9383@shopmail.com,Australia,2020-10-31,Basic,3195.46
9384,Emma Anderson,emma.anderson9384@shopmail.com,Australia,2023-03-16,Basic,96.90
9385,Noah Smith,noah.smith9385@shopmail.com,United States,2021-02-22,Basic,2720.54
9386,Elijah Lewis,elijah.lewis9386@shopmail.com,Australia,2022-10-14,Basic,2190.68
9387,Mia Kowalski,mia.kowalski9387@shopmail.com,United Kingdom,2024-11-28,Basic,2539.72
9388,Oliver Young,oliver.young9388@shopmail.com,India,2024-06-08,Basic,1065.68
9389,Sofia Hall,sofia.hall9389@shopmail.com,Australia,2020-11-19,Basic,2795.71
9390,Mateo Martin,mateo.martin9390@shopmail.com,Australia,2020-11-21,Basic,145.68
9391,Sophia Hall,sophia.hall9391@shopmail.com,United States,2023-05-22,Basic,1773.02
9392,Chloe Lee,chloe.lee9392@shopmail.com,Australia,2022-06-15,Basic,2290.32
9393,Liam Jones,liam.jones9393@shopmail.com,Singapore,2025-03-03,Basic,1321.11
9394,Mason Garcia,mason.garcia9394@shopmail.com,United States,2024-01-12,Basic,1991.29
9395,Olivia Cohen,olivia.cohen9395@shopmail.com,Australia,2020-01-28,Basic,887.45
9396,Oliver Silva,oliver.silva9396@shopmail.com,Australia,2025-01-30,Basic,1022.76
9397,Eva Murphy,eva.murphy9397@shopmail.com,Ireland,2020-06-30,Basic,400.45
9398,James Miller,james.miller9398@shopmail.com,Singapore,2023-03-31,Basic,2715.27
9399,Grace Thomas,grace.thomas9399@shopmail.com,Australia,2026-03-09,Basic,2959.59
9400,Lucas Thomas,lucas.thomas9400@shopmail.com,Canada,2022-12-05,Basic,74.64
9401,James Singh,james.singh9401@shopmail.com,Australia,2022-05-04,Basic,2516.25
9402,Chen Lewis,chen.lewis9402@shopmail.com,Canada,2024-10-12,Basic,4447.38
9403,Emma Thomas,emma.thomas9403@shopmail.com,Singapore,2023-07-06,Basic,4104.83
9404,Zara Harris,zara.harris9404@shopmail.com,United Kingdom,2026-01-31,Basic,3464.96
9405,Zara Murphy,zara.murphy9405@shopmail.com,Australia,2020-09-19,Basic,3984.24
9406,Olivia Williams,olivia.williams9406@shopmail.com,New Zealand,2023-10-20,Basic,252.44
9407,Priya Harris,priya.harris9407@shopmail.com,Australia,2021-04-05,Basic,2746.44
9408,Priya Singh,priya.singh9408@shopmail.com,Australia,2021-09-10,Basic,2313.21
9409,Eva Moore,eva.moore9409@shopmail.com,Ireland,2023-01-27,Basic,3824.12
9410,Oscar Cohen,oscar.cohen9410@shopmail.com,India,2024-11-25,Basic,2002.27
9411,Priya Clark,priya.clark9411@shopmail.com,United States,2023-09-23,Basic,1804.92
9412,Priya Murphy,priya.murphy9412@shopmail.com,United Kingdom,2020-02-03,Basic,4019.48
9413,Lucas Taylor,lucas.taylor9413@shopmail.com,New Zealand,2024-06-29,Basic,4151.59
9414,Emma Kim,emma.kim9414@shopmail.com,India,2022-12-15,Basic,3182.04
9415,Isla Singh,isla.singh9415@shopmail.com,Ireland,2021-03-25,Basic,3745.73
9416,Oscar Allen,oscar.allen9416@shopmail.com,New Zealand,2021-03-09,Basic,3545.90
9417,Lucas Cohen,lucas.cohen9417@shopmail.com,Ireland,2025-08-05,Basic,524.98
9418,Sophia Walker,sophia.walker9418@shopmail.com,United States,2026-04-04,Basic,3971.22
9419,Oliver Kim,oliver.kim9419@shopmail.com,Australia,2024-02-20,Basic,4629.65
9420,Olivia Jones,olivia.jones9420@shopmail.com,India,2025-08-06,Basic,3221.59
9421,Chen Patel,chen.patel9421@shopmail.com,United States,2020-06-21,Basic,2671.96
9422,Jack Cohen,jack.cohen9422@shopmail.com,Canada,2026-02-24,Basic,1830.80
9423,Priya Williams,priya.williams9423@shopmail.com,New Zealand,2023-01-14,Basic,3523.78
9424,Ava Walker,ava.walker9424@shopmail.com,New Zealand,2021-07-16,Basic,2995.83
9425,Aarav Anderson,aarav.anderson9425@shopmail.com,Canada,2024-07-14,Basic,2369.69
9426,Olivia Nakamura,olivia.nakamura9426@shopmail.com,United States,2020-09-05,Basic,3359.89
9427,Liam Jones,liam.jones9427@shopmail.com,United Kingdom,2021-05-22,Basic,1091.19
9428,Isla Singh,isla.singh9428@shopmail.com,Ireland,2021-12-25,Basic,1971.39
9429,Aarav Silva,aarav.silva9429@shopmail.com,Australia,2023-04-16,Basic,686.30
9430,Noah Singh,noah.singh9430@shopmail.com,Canada,2026-04-26,Basic,3193.36
9431,Sophia Young,sophia.young9431@shopmail.com,Australia,2020-01-23,Basic,2137.37
9432,Charlotte Andersen,charlotte.andersen9432@shopmail.com,Australia,2024-12-03,Basic,3136.23
9433,Liam Kowalski,liam.kowalski9433@shopmail.com,United States,2020-11-14,Basic,4328.03
9434,Ethan Kowalski,ethan.kowalski9434@shopmail.com,United Kingdom,2026-06-20,Basic,2267.56
9435,Ethan Rossi,ethan.rossi9435@shopmail.com,United Kingdom,2024-08-10,Basic,3538.55
9436,Emma Hall,emma.hall9436@shopmail.com,New Zealand,2021-05-12,Basic,4154.62
9437,Ava Hall,ava.hall9437@shopmail.com,Australia,2020-04-29,Basic,3823.36
9438,Leo Smith,leo.smith9438@shopmail.com,Australia,2025-02-15,Basic,1669.74
9439,Sophia Andersen,sophia.andersen9439@shopmail.com,Australia,2020-01-23,Basic,4315.79
9440,Ruby Dubois,ruby.dubois9440@shopmail.com,New Zealand,2022-01-03,Basic,2433.14
9441,Mateo Nguyen,mateo.nguyen9441@shopmail.com,United States,2024-11-24,Basic,492.70
9442,Leo Murphy,leo.murphy9442@shopmail.com,United States,2020-07-06,Basic,2080.65
9443,Oscar Wilson,oscar.wilson9443@shopmail.com,Canada,2021-01-13,Basic,2899.74
9444,Lucas Taylor,lucas.taylor9444@shopmail.com,United States,2022-08-10,Basic,1437.09
9445,Sophia Clark,sophia.clark9445@shopmail.com,Australia,2020-02-13,Basic,4563.27
9446,Hugo Anderson,hugo.anderson9446@shopmail.com,Australia,2024-01-24,Basic,760.51
9447,Mia Nguyen,mia.nguyen9447@shopmail.com,India,2025-06-10,Basic,2566.73
9448,Mason Kowalski,mason.kowalski9448@shopmail.com,United States,2023-02-22,Basic,3768.70
9449,Emma Nakamura,emma.nakamura9449@shopmail.com,Singapore,2026-06-18,Basic,490.84
9450,Liam Patel,liam.patel9450@shopmail.com,India,2026-07-20,Basic,3880.36
9451,Wei Rossi,wei.rossi9451@shopmail.com,Singapore,2024-05-20,Basic,2836.31
9452,Maya Andersen,maya.andersen9452@shopmail.com,Australia,2021-01-06,Basic,846.56
9453,Lucas Allen,lucas.allen9453@shopmail.com,Ireland,2024-07-16,Basic,3828.47
9454,Emma Andersen,emma.andersen9454@shopmail.com,Australia,2024-08-26,Basic,460.98
9455,James Dubois,james.dubois9455@shopmail.com,United States,2020-06-05,Basic,713.87
9456,Oscar Williams,oscar.williams9456@shopmail.com,Ireland,2020-10-13,Basic,4079.53
9457,Lucas Brown,lucas.brown9457@shopmail.com,Canada,2024-06-19,Basic,3447.70
9458,Henry Brown,henry.brown9458@shopmail.com,Australia,2024-03-02,Basic,4449.97
9459,Samuel Patel,samuel.patel9459@shopmail.com,India,2021-03-08,Basic,1526.59
9460,Jack Silva,jack.silva9460@shopmail.com,United Kingdom,2020-11-10,Basic,2090.85
9461,Grace Anderson,grace.anderson9461@shopmail.com,India,2024-07-20,Basic,4204.61
9462,Sofia Andersen,sofia.andersen9462@shopmail.com,United Kingdom,2022-02-28,Basic,1851.65
9463,Emma Wilson,emma.wilson9463@shopmail.com,Ireland,2024-01-13,Basic,1168.65
9464,Charlotte Khan,charlotte.khan9464@shopmail.com,United States,2022-02-09,Basic,4445.42
9465,Emma Anderson,emma.anderson9465@shopmail.com,Australia,2023-08-29,Basic,4190.84
9466,Mateo Williams,mateo.williams9466@shopmail.com,Ireland,2026-03-01,Basic,4772.02
9467,Olivia Kim,olivia.kim9467@shopmail.com,India,2023-01-03,Basic,88.04
9468,Chloe Dubois,chloe.dubois9468@shopmail.com,Ireland,2025-03-11,Basic,3933.03
9469,Arjun Cohen,arjun.cohen9469@shopmail.com,Australia,2026-01-03,Basic,4390.88
9470,Wei Davis,wei.davis9470@shopmail.com,Ireland,2020-08-17,Basic,4714.76
9471,James Kowalski,james.kowalski9471@shopmail.com,United Kingdom,2023-08-14,Basic,2591.58
9472,Isla Young,isla.young9472@shopmail.com,Australia,2026-04-27,Basic,1110.90
9473,Olivia Smith,olivia.smith9473@shopmail.com,New Zealand,2024-10-29,Basic,297.49
9474,Priya Singh,priya.singh9474@shopmail.com,Australia,2025-12-25,Basic,2924.26
9475,Oscar Williams,oscar.williams9475@shopmail.com,United Kingdom,2023-02-04,Basic,2713.12
9476,Harper Murphy,harper.murphy9476@shopmail.com,United Kingdom,2020-01-22,Basic,1366.21
9477,Henry Brown,henry.brown9477@shopmail.com,Singapore,2023-07-13,Basic,3588.37
9478,Harper Brown,harper.brown9478@shopmail.com,New Zealand,2025-04-08,Basic,70.83
9479,Oscar Nakamura,oscar.nakamura9479@shopmail.com,India,2020-04-06,Basic,767.07
9480,Henry Kowalski,henry.kowalski9480@shopmail.com,New Zealand,2024-02-17,Basic,545.19
9481,Mason Smith,mason.smith9481@shopmail.com,Singapore,2020-07-14,Basic,1539.08
9482,Emma Davis,emma.davis9482@shopmail.com,India,2026-02-12,Basic,4452.53
9483,Priya Cohen,priya.cohen9483@shopmail.com,United Kingdom,2023-05-08,Basic,2314.55
9484,Maya Khan,maya.khan9484@shopmail.com,Ireland,2020-01-01,Basic,2601.31
9485,Mia Cohen,mia.cohen9485@shopmail.com,New Zealand,2020-04-09,Basic,1837.48
9486,Isla Thomas,isla.thomas9486@shopmail.com,United States,2023-08-26,Basic,3763.47
9487,Chloe Thomas,chloe.thomas9487@shopmail.com,United Kingdom,2023-07-13,Basic,1073.74
9488,James Nguyen,james.nguyen9488@shopmail.com,Canada,2021-07-27,Basic,4617.87
9489,Mateo Jones,mateo.jones9489@shopmail.com,United Kingdom,2024-02-23,Basic,4312.15
9490,Sophia Moore,sophia.moore9490@shopmail.com,United Kingdom,2021-10-05,Basic,1213.88
9491,Ava Garcia,ava.garcia9491@shopmail.com,Ireland,2024-11-27,Basic,2653.72
9492,Ruby Patel,ruby.patel9492@shopmail.com,Australia,2024-01-20,Basic,586.01
9493,Samuel Davis,samuel.davis9493@shopmail.com,United States,2022-12-30,Basic,421.41
9494,Olivia Patel,olivia.patel9494@shopmail.com,Canada,2021-01-14,Basic,3944.25
9495,Oliver Wilson,oliver.wilson9495@shopmail.com,Australia,2020-01-14,Basic,2364.54
9496,Liam Lewis,liam.lewis9496@shopmail.com,Canada,2024-03-10,Basic,325.18
9497,Leo Martin,leo.martin9497@shopmail.com,Australia,2021-09-22,Basic,2269.55
9498,Samuel Anderson,samuel.anderson9498@shopmail.com,Ireland,2024-04-16,Basic,2696.43
9499,Hugo Clark,hugo.clark9499@shopmail.com,United States,2022-07-15,Basic,2452.46
9500,Samuel Moore,samuel.moore9500@shopmail.com,Australia,2026-05-12,Basic,4491.23
9501,Mateo Taylor,mateo.taylor9501@shopmail.com,Australia,2020-07-17,Basic,1802.27
9502,Emma Nguyen,emma.nguyen9502@shopmail.com,United Kingdom,2022-03-24,Basic,1975.04
9503,Liam Silva,liam.silva9503@shopmail.com,Australia,2021-09-01,Basic,1448.01
9504,Sophia Martin,sophia.martin9504@shopmail.com,United States,2022-04-20,Basic,2926.77
9505,Yuki Garcia,yuki.garcia9505@shopmail.com,Australia,2023-07-05,Basic,2568.97
9506,Noah Costa,noah.costa9506@shopmail.com,Australia,2024-10-28,Basic,1868.98
9507,Wei Moore,wei.moore9507@shopmail.com,United Kingdom,2023-05-03,Basic,996.30
9508,Leo Patel,leo.patel9508@shopmail.com,Singapore,2022-03-09,Basic,403.38
9509,Yuki Hall,yuki.hall9509@shopmail.com,Canada,2023-02-20,Basic,1789.60
9510,Grace Dubois,grace.dubois9510@shopmail.com,Ireland,2021-04-25,Basic,1767.17
9511,Maya Hall,maya.hall9511@shopmail.com,Australia,2023-04-17,Basic,1831.08
9512,Ethan Miller,ethan.miller9512@shopmail.com,United States,2025-01-07,Basic,2963.37
9513,Hugo Murphy,hugo.murphy9513@shopmail.com,United Kingdom,2022-07-23,Basic,1151.30
9514,Liam Wilson,liam.wilson9514@shopmail.com,Australia,2020-02-02,Basic,1349.72
9515,Amelia Harris,amelia.harris9515@shopmail.com,Australia,2025-10-23,Basic,2520.74
9516,Harper Miller,harper.miller9516@shopmail.com,Singapore,2026-05-23,Basic,1855.61
9517,Isabella Hall,isabella.hall9517@shopmail.com,Australia,2021-09-20,Basic,2379.16
9518,Aarav Smith,aarav.smith9518@shopmail.com,Australia,2023-06-25,Basic,1176.76
9519,Maya Kowalski,maya.kowalski9519@shopmail.com,United Kingdom,2024-10-22,Basic,2472.47
9520,Henry Williams,henry.williams9520@shopmail.com,Ireland,2025-08-08,Basic,3131.12
9521,Charlotte Williams,charlotte.williams9521@shopmail.com,Canada,2021-10-18,Basic,2227.72
9522,Ruby Khan,ruby.khan9522@shopmail.com,India,2024-09-10,Basic,4571.35
9523,Mason Singh,mason.singh9523@shopmail.com,United States,2020-04-28,Basic,1713.23
9524,Oscar Moore,oscar.moore9524@shopmail.com,United States,2020-08-25,Basic,4047.05
9525,Kai Anderson,kai.anderson9525@shopmail.com,Australia,2022-02-16,Basic,4238.05
9526,Liam Costa,liam.costa9526@shopmail.com,United States,2020-05-01,Basic,448.16
9527,Hugo Andersen,hugo.andersen9527@shopmail.com,Australia,2023-04-21,Basic,2227.88
9528,Emma Rossi,emma.rossi9528@shopmail.com,United Kingdom,2021-02-10,Basic,2513.46
9529,Jack Wilson,jack.wilson9529@shopmail.com,Australia,2020-01-14,Basic,2704.53
9530,Grace Moore,grace.moore9530@shopmail.com,United Kingdom,2025-02-28,Basic,2531.53
9531,Mia Khan,mia.khan9531@shopmail.com,Singapore,2020-10-05,Basic,4220.93
9532,Maya Costa,maya.costa9532@shopmail.com,United Kingdom,2020-02-16,Basic,66.10
9533,Jack Khan,jack.khan9533@shopmail.com,Singapore,2025-11-14,Basic,303.82
9534,Lucas Cohen,lucas.cohen9534@shopmail.com,India,2020-07-11,Basic,1495.57
9535,Lucas Nguyen,lucas.nguyen9535@shopmail.com,Australia,2026-02-07,Basic,3225.53
9536,Charlotte Hall,charlotte.hall9536@shopmail.com,United States,2020-04-05,Basic,2026.99
9537,Noah Silva,noah.silva9537@shopmail.com,India,2021-07-03,Basic,752.56
9538,Wei Miller,wei.miller9538@shopmail.com,Singapore,2025-02-12,Basic,4768.34
9539,Chloe Smith,chloe.smith9539@shopmail.com,Australia,2021-05-20,Basic,198.18
9540,Emma Nakamura,emma.nakamura9540@shopmail.com,Australia,2022-12-18,Basic,2682.07
9541,James Andersen,james.andersen9541@shopmail.com,United Kingdom,2022-11-24,Basic,1235.58
9542,Kai Rossi,kai.rossi9542@shopmail.com,United States,2026-06-07,Basic,213.73
9543,Zara Andersen,zara.andersen9543@shopmail.com,Australia,2022-02-27,Basic,1223.89
9544,Priya Andersen,priya.andersen9544@shopmail.com,United Kingdom,2025-02-18,Basic,4396.73
9545,Elijah Kim,elijah.kim9545@shopmail.com,Australia,2022-01-18,Basic,479.80
9546,Noah Khan,noah.khan9546@shopmail.com,Canada,2020-05-01,Basic,2027.31
9547,Leo Singh,leo.singh9547@shopmail.com,New Zealand,2020-08-17,Basic,1536.85
9548,Eva Costa,eva.costa9548@shopmail.com,United States,2023-05-28,Basic,1068.34
9549,Olivia Nakamura,olivia.nakamura9549@shopmail.com,United States,2026-03-26,Basic,41.35
9550,Amelia Silva,amelia.silva9550@shopmail.com,United States,2021-12-09,Basic,4427.26
9551,Chen Harris,chen.harris9551@shopmail.com,United States,2021-03-13,Basic,608.27
9552,Kai Nakamura,kai.nakamura9552@shopmail.com,United States,2020-04-04,Basic,1379.19
9553,Ava Allen,ava.allen9553@shopmail.com,Ireland,2023-08-03,Basic,2335.73
9554,Oliver Harris,oliver.harris9554@shopmail.com,Singapore,2024-12-05,Basic,961.38
9555,Noah Young,noah.young9555@shopmail.com,Australia,2021-05-04,Basic,4035.51
9556,Chen Kim,chen.kim9556@shopmail.com,Australia,2023-01-11,Basic,2306.27
9557,Eva Lewis,eva.lewis9557@shopmail.com,Canada,2022-10-29,Basic,1182.01
9558,Sophia Cohen,sophia.cohen9558@shopmail.com,United States,2021-10-13,Basic,2158.00
9559,Liam Patel,liam.patel9559@shopmail.com,Singapore,2025-05-10,Basic,1960.81
9560,Elijah Williams,elijah.williams9560@shopmail.com,United States,2023-06-19,Basic,3959.58
9561,Chloe Nakamura,chloe.nakamura9561@shopmail.com,New Zealand,2024-06-30,Basic,1214.72
9562,James Davis,james.davis9562@shopmail.com,United Kingdom,2024-12-16,Basic,2155.30
9563,Grace Kim,grace.kim9563@shopmail.com,Australia,2021-04-23,Basic,2879.51
9564,Oscar Khan,oscar.khan9564@shopmail.com,Singapore,2023-07-20,Basic,4044.00
9565,Chen Wilson,chen.wilson9565@shopmail.com,United Kingdom,2023-11-08,Basic,3187.15
9566,Yuki Anderson,yuki.anderson9566@shopmail.com,New Zealand,2023-09-30,Basic,2698.64
9567,Leo Chen,leo.chen9567@shopmail.com,United States,2021-12-15,Basic,2928.64
9568,Nina Brown,nina.brown9568@shopmail.com,United States,2021-10-25,Basic,649.30
9569,Grace Murphy,grace.murphy9569@shopmail.com,India,2023-01-16,Basic,209.62
9570,Olivia Miller,olivia.miller9570@shopmail.com,United Kingdom,2022-11-30,Basic,500.22
9571,Kai Thomas,kai.thomas9571@shopmail.com,United States,2022-08-13,Basic,2674.07
9572,Maya Nakamura,maya.nakamura9572@shopmail.com,Australia,2022-08-27,Basic,2957.51
9573,Mason Andersen,mason.andersen9573@shopmail.com,Singapore,2025-11-19,Basic,1873.33
9574,Isabella Patel,isabella.patel9574@shopmail.com,Singapore,2022-11-01,Basic,2031.39
9575,Isla Singh,isla.singh9575@shopmail.com,Australia,2026-04-25,Basic,1978.94
9576,Leo Garcia,leo.garcia9576@shopmail.com,Australia,2022-07-17,Basic,1729.93
9577,Mateo Cohen,mateo.cohen9577@shopmail.com,New Zealand,2026-03-21,Basic,248.67
9578,Yuki Moore,yuki.moore9578@shopmail.com,United States,2020-11-20,Basic,3388.96
9579,Hugo Thomas,hugo.thomas9579@shopmail.com,United Kingdom,2021-08-19,Basic,2308.99
9580,Mateo Smith,mateo.smith9580@shopmail.com,Singapore,2024-06-21,Basic,150.98
9581,Noah Anderson,noah.anderson9581@shopmail.com,United Kingdom,2024-08-16,Basic,4136.52
9582,Charlotte Williams,charlotte.williams9582@shopmail.com,India,2024-11-12,Basic,362.25
9583,Eva Williams,eva.williams9583@shopmail.com,India,2020-12-08,Basic,30.50
9584,Eva Miller,eva.miller9584@shopmail.com,United Kingdom,2024-05-25,Basic,1706.97
9585,Hugo Hall,hugo.hall9585@shopmail.com,New Zealand,2023-10-23,Basic,4525.28
9586,Harper Williams,harper.williams9586@shopmail.com,Australia,2021-01-28,Basic,2277.94
9587,Kai Lewis,kai.lewis9587@shopmail.com,United Kingdom,2021-06-17,Basic,3141.72
9588,Oscar Walker,oscar.walker9588@shopmail.com,Ireland,2021-10-02,Basic,3861.09
9589,James Hall,james.hall9589@shopmail.com,Australia,2021-06-18,Basic,1631.40
9590,Arjun Costa,arjun.costa9590@shopmail.com,United States,2025-02-17,Basic,3295.29
9591,Mason Brown,mason.brown9591@shopmail.com,United States,2022-03-23,Basic,757.66
9592,Grace Chen,grace.chen9592@shopmail.com,United Kingdom,2024-06-25,Basic,2733.84
9593,Oliver Williams,oliver.williams9593@shopmail.com,Canada,2025-01-06,Basic,283.77
9594,Maya Chen,maya.chen9594@shopmail.com,Ireland,2020-09-26,Basic,4149.75
9595,Oscar Garcia,oscar.garcia9595@shopmail.com,Australia,2022-11-01,Basic,4.46
9596,Isabella Patel,isabella.patel9596@shopmail.com,Australia,2020-04-01,Basic,1954.30
9597,Mia Anderson,mia.anderson9597@shopmail.com,United States,2024-09-18,Basic,4359.15
9598,Aarav Harris,aarav.harris9598@shopmail.com,New Zealand,2026-06-14,Basic,3102.53
9599,Grace Allen,grace.allen9599@shopmail.com,Australia,2024-10-31,Basic,3233.78
9600,Sofia Brown,sofia.brown9600@shopmail.com,United Kingdom,2022-02-27,Basic,1365.35
9601,Oscar Clark,oscar.clark9601@shopmail.com,Australia,2020-11-30,Basic,4780.65
9602,James Thomas,james.thomas9602@shopmail.com,United States,2024-03-11,Basic,3365.37
9603,Sofia Moore,sofia.moore9603@shopmail.com,Canada,2026-02-28,Basic,2579.93
9604,Oscar Allen,oscar.allen9604@shopmail.com,United Kingdom,2026-04-16,Basic,2369.01
9605,Priya Costa,priya.costa9605@shopmail.com,Canada,2022-02-06,Basic,284.81
9606,Noah Patel,noah.patel9606@shopmail.com,United Kingdom,2021-11-01,Basic,4618.85
9607,Kai Thomas,kai.thomas9607@shopmail.com,Ireland,2022-07-24,Basic,238.72
9608,Oliver Chen,oliver.chen9608@shopmail.com,New Zealand,2022-08-04,Basic,98.26
9609,Harper Wilson,harper.wilson9609@shopmail.com,India,2025-07-20,Basic,2198.33
9610,Zara Young,zara.young9610@shopmail.com,Singapore,2023-03-22,Basic,1090.86
9611,Isabella Walker,isabella.walker9611@shopmail.com,United Kingdom,2025-02-13,Basic,2521.44
9612,Oscar Young,oscar.young9612@shopmail.com,Canada,2020-08-08,Basic,1415.69
9613,Ruby Rossi,ruby.rossi9613@shopmail.com,Australia,2022-12-08,Basic,3054.19
9614,Jack Lewis,jack.lewis9614@shopmail.com,India,2025-05-23,Basic,721.63
9615,Isla Martin,isla.martin9615@shopmail.com,Singapore,2023-04-26,Basic,493.32
9616,James Singh,james.singh9616@shopmail.com,United States,2020-11-01,Basic,104.56
9617,Eva Costa,eva.costa9617@shopmail.com,United States,2026-04-08,Basic,1399.56
9618,Mia Khan,mia.khan9618@shopmail.com,Australia,2026-06-29,Basic,2735.61
9619,Noah Kim,noah.kim9619@shopmail.com,Singapore,2022-11-29,Basic,629.45
9620,Elijah Khan,elijah.khan9620@shopmail.com,Australia,2024-10-01,Basic,1706.38
9621,Sofia Murphy,sofia.murphy9621@shopmail.com,Ireland,2020-07-25,Basic,4644.05
9622,Mia Young,mia.young9622@shopmail.com,United States,2020-10-19,Basic,8.47
9623,Mateo Murphy,mateo.murphy9623@shopmail.com,India,2026-06-04,Basic,2725.80
9624,Mateo Nakamura,mateo.nakamura9624@shopmail.com,Canada,2022-12-05,Basic,1097.25
9625,Sofia Kim,sofia.kim9625@shopmail.com,United Kingdom,2021-04-24,Basic,3123.15
9626,Ethan Young,ethan.young9626@shopmail.com,Australia,2022-12-22,Basic,1321.12
9627,Henry Johnson,henry.johnson9627@shopmail.com,United States,2020-03-23,Basic,1989.14
9628,Amelia Jones,amelia.jones9628@shopmail.com,Canada,2022-09-07,Basic,2836.42
9629,Samuel Young,samuel.young9629@shopmail.com,Australia,2023-08-14,Basic,4478.19
9630,Maya Lewis,maya.lewis9630@shopmail.com,United Kingdom,2020-03-25,Basic,3563.65
9631,Amelia Davis,amelia.davis9631@shopmail.com,Australia,2025-11-12,Basic,784.98
9632,Oliver Jones,oliver.jones9632@shopmail.com,Australia,2024-05-30,Basic,1481.12
9633,Isabella Miller,isabella.miller9633@shopmail.com,Singapore,2025-09-23,Basic,377.90
9634,Aarav Clark,aarav.clark9634@shopmail.com,Ireland,2025-07-23,Basic,4678.45
9635,Isla Martin,isla.martin9635@shopmail.com,Ireland,2025-03-17,Basic,3051.11
9636,Henry Brown,henry.brown9636@shopmail.com,United States,2020-08-26,Basic,1775.62
9637,Olivia Silva,olivia.silva9637@shopmail.com,Australia,2024-02-28,Basic,4545.61
9638,Olivia Chen,olivia.chen9638@shopmail.com,Australia,2024-04-25,Basic,3209.91
9639,Mia Silva,mia.silva9639@shopmail.com,United Kingdom,2022-01-04,Basic,4472.04
9640,Mason Wilson,mason.wilson9640@shopmail.com,United Kingdom,2023-10-02,Basic,2174.42
9641,James Cohen,james.cohen9641@shopmail.com,India,2025-11-21,Basic,252.37
9642,Oscar Williams,oscar.williams9642@shopmail.com,United States,2025-10-03,Basic,2983.26
9643,Harper Silva,harper.silva9643@shopmail.com,India,2025-10-19,Basic,2394.04
9644,Chen Thomas,chen.thomas9644@shopmail.com,Canada,2022-02-20,Basic,2977.52
9645,Samuel Kowalski,samuel.kowalski9645@shopmail.com,Australia,2024-05-11,Basic,2715.42
9646,Oliver Nakamura,oliver.nakamura9646@shopmail.com,New Zealand,2024-01-22,Basic,1330.13
9647,Oliver Andersen,oliver.andersen9647@shopmail.com,Singapore,2022-07-08,Basic,4712.64
9648,Mateo Silva,mateo.silva9648@shopmail.com,Canada,2026-05-18,Basic,737.34
9649,Lucas Chen,lucas.chen9649@shopmail.com,Ireland,2021-08-24,Basic,3563.36
9650,Olivia Miller,olivia.miller9650@shopmail.com,United Kingdom,2023-12-12,Basic,502.37
9651,Eva Costa,eva.costa9651@shopmail.com,United Kingdom,2021-11-10,Basic,2312.03
9652,Wei Silva,wei.silva9652@shopmail.com,Ireland,2026-02-03,Basic,3989.64
9653,Oscar Miller,oscar.miller9653@shopmail.com,United Kingdom,2023-09-19,Basic,3525.96
9654,Mason Martin,mason.martin9654@shopmail.com,Australia,2024-12-31,Basic,2755.83
9655,Ethan Jones,ethan.jones9655@shopmail.com,Ireland,2022-05-23,Basic,3077.50
9656,Oscar Allen,oscar.allen9656@shopmail.com,United Kingdom,2020-09-17,Basic,2958.05
9657,Leo Miller,leo.miller9657@shopmail.com,United States,2024-04-03,Basic,1731.72
9658,Emma Anderson,emma.anderson9658@shopmail.com,Australia,2020-03-24,Basic,3848.50
9659,Liam Thomas,liam.thomas9659@shopmail.com,United States,2025-12-04,Basic,2035.92
9660,Samuel Costa,samuel.costa9660@shopmail.com,United Kingdom,2025-11-07,Basic,3217.56
9661,Henry Brown,henry.brown9661@shopmail.com,Ireland,2020-01-21,Basic,1684.97
9662,Elijah Hall,elijah.hall9662@shopmail.com,Australia,2025-10-01,Basic,4307.88
9663,Emma Singh,emma.singh9663@shopmail.com,Australia,2021-01-26,Basic,2947.52
9664,James Allen,james.allen9664@shopmail.com,Australia,2025-07-24,Basic,4006.49
9665,Charlotte Martin,charlotte.martin9665@shopmail.com,Australia,2026-03-28,Basic,2244.79
9666,Nina Thomas,nina.thomas9666@shopmail.com,Canada,2025-08-01,Basic,1377.53
9667,Charlotte Taylor,charlotte.taylor9667@shopmail.com,Australia,2024-06-06,Basic,4371.97
9668,Samuel Murphy,samuel.murphy9668@shopmail.com,United Kingdom,2022-03-07,Basic,426.47
9669,Sofia Thomas,sofia.thomas9669@shopmail.com,Singapore,2022-12-01,Basic,3646.33
9670,Amelia Andersen,amelia.andersen9670@shopmail.com,United States,2021-07-02,Basic,4124.38
9671,Olivia Silva,olivia.silva9671@shopmail.com,United Kingdom,2025-01-01,Basic,2892.44
9672,Oliver Walker,oliver.walker9672@shopmail.com,Singapore,2023-05-12,Basic,1205.26
9673,Eva Lewis,eva.lewis9673@shopmail.com,Ireland,2021-04-16,Basic,2849.83
9674,Nina Kim,nina.kim9674@shopmail.com,Singapore,2023-01-11,Basic,1514.75
9675,Nina Kim,nina.kim9675@shopmail.com,Australia,2022-12-12,Basic,3211.83
9676,Arjun Lewis,arjun.lewis9676@shopmail.com,Australia,2026-06-11,Basic,4549.70
9677,Isabella Cohen,isabella.cohen9677@shopmail.com,United States,2020-10-31,Basic,4050.22
9678,Chloe Lee,chloe.lee9678@shopmail.com,Singapore,2024-08-22,Basic,2534.12
9679,James Silva,james.silva9679@shopmail.com,Australia,2023-08-05,Basic,3234.75
9680,Maya Anderson,maya.anderson9680@shopmail.com,United Kingdom,2020-12-29,Basic,3102.30
9681,Sophia Johnson,sophia.johnson9681@shopmail.com,Australia,2021-01-02,Basic,3134.55
9682,Leo Silva,leo.silva9682@shopmail.com,Australia,2020-03-18,Basic,2288.94
9683,Hugo Miller,hugo.miller9683@shopmail.com,New Zealand,2023-02-11,Basic,3977.62
9684,Mateo Singh,mateo.singh9684@shopmail.com,United Kingdom,2020-11-12,Basic,2972.35
9685,Jack Rossi,jack.rossi9685@shopmail.com,Singapore,2024-03-21,Basic,3821.76
9686,Ava Allen,ava.allen9686@shopmail.com,Australia,2023-01-12,Basic,1126.03
9687,James Garcia,james.garcia9687@shopmail.com,Australia,2022-01-29,Basic,1882.61
9688,Mateo Allen,mateo.allen9688@shopmail.com,United States,2024-03-30,Basic,3333.05
9689,Henry Nguyen,henry.nguyen9689@shopmail.com,United Kingdom,2024-06-05,Basic,1741.22
9690,Henry Moore,henry.moore9690@shopmail.com,Canada,2021-07-24,Basic,2822.16
9691,Ruby Murphy,ruby.murphy9691@shopmail.com,New Zealand,2020-12-08,Basic,3669.67
9692,Chen Smith,chen.smith9692@shopmail.com,United Kingdom,2025-10-29,Basic,1557.24
9693,Olivia Anderson,olivia.anderson9693@shopmail.com,Australia,2022-09-25,Basic,261.67
9694,Yuki Kowalski,yuki.kowalski9694@shopmail.com,Ireland,2022-01-31,Basic,562.94
9695,Oscar Johnson,oscar.johnson9695@shopmail.com,United Kingdom,2021-02-04,Basic,4020.94
9696,Chen Lee,chen.lee9696@shopmail.com,United States,2022-06-19,Basic,4014.53
9697,James Hall,james.hall9697@shopmail.com,Australia,2023-04-28,Basic,791.59
9698,Eva Smith,eva.smith9698@shopmail.com,United States,2025-12-03,Basic,337.45
9699,Grace Anderson,grace.anderson9699@shopmail.com,India,2022-04-09,Basic,299.57
9700,Nina Kim,nina.kim9700@shopmail.com,Australia,2023-12-11,Basic,4164.75
9701,Ruby Davis,ruby.davis9701@shopmail.com,Australia,2024-11-03,Basic,1910.78
9702,Jack Brown,jack.brown9702@shopmail.com,Australia,2024-11-10,Basic,4067.35
9703,Henry Brown,henry.brown9703@shopmail.com,United Kingdom,2026-06-18,Basic,281.30
9704,Sophia Davis,sophia.davis9704@shopmail.com,United States,2026-06-09,Basic,3070.97
9705,Ruby Silva,ruby.silva9705@shopmail.com,India,2024-10-30,Basic,3238.72
9706,Oliver Costa,oliver.costa9706@shopmail.com,New Zealand,2024-08-16,Basic,2127.19
9707,Nina Kim,nina.kim9707@shopmail.com,Singapore,2020-07-18,Basic,2637.62
9708,Zara Singh,zara.singh9708@shopmail.com,Australia,2021-09-01,Basic,717.96
9709,Isla Lee,isla.lee9709@shopmail.com,Australia,2025-10-02,Basic,3213.75
9710,Oscar Andersen,oscar.andersen9710@shopmail.com,United States,2023-06-27,Basic,3418.32
9711,Chloe Costa,chloe.costa9711@shopmail.com,United States,2025-09-13,Basic,4350.35
9712,Isabella Clark,isabella.clark9712@shopmail.com,Ireland,2022-06-06,Basic,2185.29
9713,Samuel Chen,samuel.chen9713@shopmail.com,United States,2024-05-23,Basic,2581.88
9714,Leo Taylor,leo.taylor9714@shopmail.com,United States,2022-11-04,Basic,4418.86
9715,Mia Lee,mia.lee9715@shopmail.com,Australia,2020-05-26,Basic,2735.43
9716,Chloe Jones,chloe.jones9716@shopmail.com,United Kingdom,2022-11-20,Basic,2343.01
9717,Chen Patel,chen.patel9717@shopmail.com,Australia,2021-04-18,Basic,3899.58
9718,Mason Martin,mason.martin9718@shopmail.com,United Kingdom,2025-01-26,Basic,4117.90
9719,Ava Jones,ava.jones9719@shopmail.com,United Kingdom,2024-04-13,Basic,2141.17
9720,Kai Jones,kai.jones9720@shopmail.com,New Zealand,2020-03-13,Basic,2571.37
9721,Maya Taylor,maya.taylor9721@shopmail.com,New Zealand,2024-07-19,Basic,1481.21
9722,Eva Davis,eva.davis9722@shopmail.com,Singapore,2022-09-09,Basic,2157.03
9723,Grace Hall,grace.hall9723@shopmail.com,Australia,2026-05-15,Basic,1337.06
9724,Lucas Martin,lucas.martin9724@shopmail.com,Singapore,2021-03-09,Basic,1793.76
9725,Nina Singh,nina.singh9725@shopmail.com,Singapore,2022-08-23,Basic,2252.08
9726,Maya Garcia,maya.garcia9726@shopmail.com,Ireland,2022-07-01,Basic,567.18
9727,Samuel Jones,samuel.jones9727@shopmail.com,United Kingdom,2021-03-11,Basic,2460.76
9728,Noah Harris,noah.harris9728@shopmail.com,United Kingdom,2026-07-04,Basic,3855.98
9729,Olivia Lewis,olivia.lewis9729@shopmail.com,United States,2020-07-16,Basic,1458.55
9730,Yuki Young,yuki.young9730@shopmail.com,India,2022-12-08,Basic,287.92
9731,Sofia Andersen,sofia.andersen9731@shopmail.com,Australia,2023-09-07,Basic,471.56
9732,Ethan Clark,ethan.clark9732@shopmail.com,Australia,2025-07-18,Basic,2686.68
9733,Ava Jones,ava.jones9733@shopmail.com,India,2021-10-19,Basic,2083.27
9734,Maya Brown,maya.brown9734@shopmail.com,Australia,2025-08-12,Basic,4050.67
9735,Leo Brown,leo.brown9735@shopmail.com,Singapore,2024-09-27,Basic,3968.95
9736,Kai Jones,kai.jones9736@shopmail.com,New Zealand,2023-06-16,Basic,4128.65
9737,Leo Kowalski,leo.kowalski9737@shopmail.com,Canada,2024-05-11,Basic,460.88
9738,Ruby Rossi,ruby.rossi9738@shopmail.com,Singapore,2021-09-15,Basic,4009.25
9739,Zara Thomas,zara.thomas9739@shopmail.com,Australia,2024-08-03,Basic,4265.17
9740,Ruby Brown,ruby.brown9740@shopmail.com,United States,2020-05-02,Basic,1642.97
9741,Kai Patel,kai.patel9741@shopmail.com,United States,2021-09-21,Basic,1344.63
9742,James Clark,james.clark9742@shopmail.com,India,2025-05-18,Basic,2325.73
9743,Hugo Hall,hugo.hall9743@shopmail.com,Canada,2025-06-06,Basic,847.87
9744,James Williams,james.williams9744@shopmail.com,Australia,2020-08-28,Basic,947.02
9745,Mateo Jones,mateo.jones9745@shopmail.com,Canada,2025-10-30,Basic,4151.26
9746,Ava Silva,ava.silva9746@shopmail.com,United Kingdom,2026-08-11,Basic,2680.25
9747,Leo Taylor,leo.taylor9747@shopmail.com,Ireland,2021-09-15,Basic,3294.05
9748,Samuel Walker,samuel.walker9748@shopmail.com,Singapore,2025-04-01,Basic,2012.86
9749,Oliver Lewis,oliver.lewis9749@shopmail.com,India,2023-11-19,Basic,4146.46
9750,Amelia Taylor,amelia.taylor9750@shopmail.com,United Kingdom,2020-11-04,Basic,2875.60
9751,Liam Garcia,liam.garcia9751@shopmail.com,Australia,2021-07-12,Basic,4132.22
9752,Jack Lee,jack.lee9752@shopmail.com,Australia,2022-12-10,Basic,4474.87
9753,Elijah Anderson,elijah.anderson9753@shopmail.com,United States,2025-06-14,Basic,3347.32
9754,Ruby Brown,ruby.brown9754@shopmail.com,United States,2023-09-02,Basic,2770.83
9755,Lucas Kowalski,lucas.kowalski9755@shopmail.com,United States,2021-12-06,Basic,1126.98
9756,Mateo Nguyen,mateo.nguyen9756@shopmail.com,New Zealand,2022-03-24,Basic,3331.80
9757,Aarav Andersen,aarav.andersen9757@shopmail.com,Ireland,2022-01-14,Basic,438.74
9758,Kai Smith,kai.smith9758@shopmail.com,Australia,2021-05-09,Basic,1504.08
9759,Chen Murphy,chen.murphy9759@shopmail.com,United Kingdom,2023-02-06,Basic,3737.65
9760,Mateo Miller,mateo.miller9760@shopmail.com,Australia,2026-02-13,Basic,3661.48
9761,Mateo Nguyen,mateo.nguyen9761@shopmail.com,Ireland,2022-10-14,Basic,754.05
9762,Amelia Murphy,amelia.murphy9762@shopmail.com,United Kingdom,2020-02-27,Basic,2420.35
9763,Amelia Cohen,amelia.cohen9763@shopmail.com,Australia,2021-04-25,Basic,2221.66
9764,Lucas Hall,lucas.hall9764@shopmail.com,Australia,2022-06-21,Basic,706.59
9765,Harper Clark,harper.clark9765@shopmail.com,Canada,2021-08-15,Basic,460.82
9766,Amelia Costa,amelia.costa9766@shopmail.com,United Kingdom,2025-05-30,Basic,3799.69
9767,Leo Hall,leo.hall9767@shopmail.com,United Kingdom,2021-11-10,Basic,2648.20
9768,Oscar Moore,oscar.moore9768@shopmail.com,Australia,2024-03-11,Basic,91.22
9769,Grace Clark,grace.clark9769@shopmail.com,Canada,2023-08-27,Basic,3702.23
9770,Kai Williams,kai.williams9770@shopmail.com,New Zealand,2025-10-24,Basic,819.32
9771,Wei Williams,wei.williams9771@shopmail.com,United States,2026-01-25,Basic,764.33
9772,Charlotte Taylor,charlotte.taylor9772@shopmail.com,United Kingdom,2023-11-23,Basic,2503.52
9773,Mia Costa,mia.costa9773@shopmail.com,Australia,2025-01-24,Basic,111.83
9774,Leo Thomas,leo.thomas9774@shopmail.com,Singapore,2024-01-19,Basic,4170.88
9775,Henry Martin,henry.martin9775@shopmail.com,United Kingdom,2020-03-20,Basic,2513.17
9776,Mateo Patel,mateo.patel9776@shopmail.com,United States,2021-06-28,Basic,3966.82
9777,Elijah Singh,elijah.singh9777@shopmail.com,Australia,2022-04-10,Basic,4497.98
9778,Ava Singh,ava.singh9778@shopmail.com,United States,2024-03-08,Basic,4076.11
9779,Noah Garcia,noah.garcia9779@shopmail.com,United Kingdom,2022-03-21,Basic,4080.55
9780,Chloe Johnson,chloe.johnson9780@shopmail.com,Ireland,2022-05-30,Basic,4010.62
9781,Oliver Young,oliver.young9781@shopmail.com,United States,2025-05-06,Basic,4439.39
9782,Charlotte Andersen,charlotte.andersen9782@shopmail.com,United States,2024-09-22,Basic,1015.41
9783,Oscar Garcia,oscar.garcia9783@shopmail.com,Australia,2024-12-05,Basic,4740.48
9784,Hugo Andersen,hugo.andersen9784@shopmail.com,United States,2020-02-02,Basic,2520.07
9785,Chen Harris,chen.harris9785@shopmail.com,United States,2022-01-24,Basic,2590.20
9786,Hugo Dubois,hugo.dubois9786@shopmail.com,Canada,2020-11-04,Basic,3830.85
9787,Isabella Lee,isabella.lee9787@shopmail.com,Singapore,2024-05-17,Basic,3845.05
9788,Chen Silva,chen.silva9788@shopmail.com,Canada,2024-01-29,Basic,4056.18
9789,Oscar Kim,oscar.kim9789@shopmail.com,New Zealand,2023-03-26,Basic,1594.44
9790,Lucas Hall,lucas.hall9790@shopmail.com,United Kingdom,2021-09-25,Basic,4508.79
9791,Isabella Smith,isabella.smith9791@shopmail.com,United States,2022-04-21,Basic,3767.65
9792,Grace Clark,grace.clark9792@shopmail.com,Singapore,2023-01-06,Basic,3839.91
9793,Elijah Costa,elijah.costa9793@shopmail.com,Singapore,2024-05-02,Basic,585.71
9794,Kai Brown,kai.brown9794@shopmail.com,United States,2020-11-03,Basic,2683.20
9795,Charlotte Williams,charlotte.williams9795@shopmail.com,Canada,2024-11-06,Basic,2737.45
9796,Mason Clark,mason.clark9796@shopmail.com,United Kingdom,2020-10-31,Basic,177.30
9797,Charlotte Nakamura,charlotte.nakamura9797@shopmail.com,Australia,2025-10-25,Basic,3458.12
9798,Samuel Anderson,samuel.anderson9798@shopmail.com,Australia,2024-04-10,Basic,699.37
9799,Hugo Nakamura,hugo.nakamura9799@shopmail.com,Canada,2024-03-27,Basic,70.61
9800,Mia Cohen,mia.cohen9800@shopmail.com,United States,2024-03-08,Basic,3365.27
9801,Oliver Brown,oliver.brown9801@shopmail.com,Australia,2024-09-22,Basic,3124.46
9802,James Nguyen,james.nguyen9802@shopmail.com,United Kingdom,2023-09-26,Basic,3126.44
9803,Grace Taylor,grace.taylor9803@shopmail.com,United Kingdom,2020-05-21,Basic,3295.59
9804,Charlotte Walker,charlotte.walker9804@shopmail.com,Australia,2021-07-28,Basic,1028.44
9805,Lucas Dubois,lucas.dubois9805@shopmail.com,United States,2026-02-15,Basic,2949.37
9806,James Dubois,james.dubois9806@shopmail.com,United States,2025-10-26,Basic,4492.71
9807,Olivia Nakamura,olivia.nakamura9807@shopmail.com,Australia,2021-01-10,Basic,4245.10
9808,James Rossi,james.rossi9808@shopmail.com,Australia,2023-03-02,Basic,2860.03
9809,Mia Martin,mia.martin9809@shopmail.com,Canada,2024-06-27,Basic,123.20
9810,Grace Khan,grace.khan9810@shopmail.com,Australia,2025-09-10,Basic,3120.74
9811,Arjun Khan,arjun.khan9811@shopmail.com,New Zealand,2022-12-05,Basic,3753.85
9812,Zara Martin,zara.martin9812@shopmail.com,Ireland,2025-06-21,Basic,644.79
9813,Sophia Moore,sophia.moore9813@shopmail.com,Australia,2024-11-02,Basic,4122.64
9814,Oscar Cohen,oscar.cohen9814@shopmail.com,United Kingdom,2022-05-20,Basic,4147.16
9815,Ethan Jones,ethan.jones9815@shopmail.com,Canada,2026-08-02,Basic,364.43
9816,Isla Brown,isla.brown9816@shopmail.com,Ireland,2023-05-31,Basic,1118.09
9817,Yuki Harris,yuki.harris9817@shopmail.com,Australia,2025-04-04,Basic,2735.97
9818,Oscar Allen,oscar.allen9818@shopmail.com,Ireland,2024-03-19,Basic,2460.55
9819,Aarav Taylor,aarav.taylor9819@shopmail.com,Australia,2026-03-24,Basic,583.34
9820,Liam Jones,liam.jones9820@shopmail.com,Ireland,2025-11-22,Basic,4071.50
9821,Ruby Lewis,ruby.lewis9821@shopmail.com,United States,2021-11-11,Basic,2872.26
9822,Ethan Miller,ethan.miller9822@shopmail.com,Australia,2021-10-15,Basic,4629.71
9823,Sofia Silva,sofia.silva9823@shopmail.com,New Zealand,2024-05-06,Basic,35.38
9824,Emma Wilson,emma.wilson9824@shopmail.com,Singapore,2022-05-20,Basic,513.06
9825,Noah Cohen,noah.cohen9825@shopmail.com,United States,2021-04-09,Basic,2149.30
9826,Olivia Walker,olivia.walker9826@shopmail.com,Australia,2022-09-28,Basic,4169.58
9827,Oscar Hall,oscar.hall9827@shopmail.com,United States,2026-02-08,Basic,2646.75
9828,Ava Andersen,ava.andersen9828@shopmail.com,United Kingdom,2021-11-14,Basic,116.04
9829,Amelia Johnson,amelia.johnson9829@shopmail.com,New Zealand,2021-04-21,Basic,1829.06
9830,Elijah Rossi,elijah.rossi9830@shopmail.com,Australia,2024-06-11,Basic,429.27
9831,Nina Miller,nina.miller9831@shopmail.com,Australia,2026-06-12,Basic,1651.80
9832,Oliver Williams,oliver.williams9832@shopmail.com,Australia,2020-10-11,Basic,2206.48
9833,Mia Hall,mia.hall9833@shopmail.com,Australia,2022-07-12,Basic,1905.40
9834,Lucas Anderson,lucas.anderson9834@shopmail.com,Australia,2026-02-03,Basic,3131.25
9835,Noah Martin,noah.martin9835@shopmail.com,Singapore,2025-01-12,Basic,4583.95
9836,Mia Johnson,mia.johnson9836@shopmail.com,India,2026-04-12,Basic,4260.75
9837,Ava Walker,ava.walker9837@shopmail.com,Australia,2020-11-02,Basic,4154.78
9838,Zara Kim,zara.kim9838@shopmail.com,India,2024-05-06,Basic,395.35
9839,Harper Chen,harper.chen9839@shopmail.com,Australia,2025-03-21,Basic,2377.59
9840,Oscar Thomas,oscar.thomas9840@shopmail.com,Australia,2023-03-02,Basic,1749.41
9841,Nina Dubois,nina.dubois9841@shopmail.com,Australia,2024-11-12,Basic,3531.94
9842,Amelia Patel,amelia.patel9842@shopmail.com,Australia,2022-09-14,Basic,4610.84
9843,Mateo Johnson,mateo.johnson9843@shopmail.com,Australia,2024-07-05,Basic,3409.23
9844,Grace Wilson,grace.wilson9844@shopmail.com,United Kingdom,2020-10-06,Basic,171.20
9845,Nina Lewis,nina.lewis9845@shopmail.com,United Kingdom,2021-05-04,Basic,2329.68
9846,Liam Nguyen,liam.nguyen9846@shopmail.com,Singapore,2020-11-01,Basic,3888.65
9847,Chen Miller,chen.miller9847@shopmail.com,Australia,2022-06-25,Basic,3156.13
9848,Olivia Chen,olivia.chen9848@shopmail.com,United States,2022-04-11,Basic,264.53
9849,Hugo Anderson,hugo.anderson9849@shopmail.com,New Zealand,2020-01-01,Basic,2293.24
9850,Ava Moore,ava.moore9850@shopmail.com,United Kingdom,2026-05-11,Basic,3032.48
9851,Grace Singh,grace.singh9851@shopmail.com,United Kingdom,2022-09-05,Basic,1135.21
9852,Emma Lee,emma.lee9852@shopmail.com,Ireland,2024-04-21,Basic,1081.38
9853,Kai Nguyen,kai.nguyen9853@shopmail.com,United States,2023-02-12,Basic,962.94
9854,Eva Miller,eva.miller9854@shopmail.com,India,2023-08-04,Basic,4193.25
9855,Olivia Smith,olivia.smith9855@shopmail.com,Australia,2026-03-13,Basic,1432.53
9856,Jack Anderson,jack.anderson9856@shopmail.com,Singapore,2024-03-24,Basic,2343.08
9857,Liam Garcia,liam.garcia9857@shopmail.com,Canada,2023-06-24,Basic,2066.52
9858,Harper Davis,harper.davis9858@shopmail.com,New Zealand,2024-05-21,Basic,1741.07
9859,Olivia Lee,olivia.lee9859@shopmail.com,India,2022-11-13,Basic,3688.98
9860,Mateo Nguyen,mateo.nguyen9860@shopmail.com,United States,2023-04-04,Basic,1864.85
9861,Wei Thomas,wei.thomas9861@shopmail.com,Australia,2021-02-04,Basic,2409.62
9862,Eva Johnson,eva.johnson9862@shopmail.com,Australia,2022-05-24,Basic,812.08
9863,Oliver Kim,oliver.kim9863@shopmail.com,United Kingdom,2021-03-06,Basic,2880.23
9864,Arjun Smith,arjun.smith9864@shopmail.com,United Kingdom,2020-03-05,Basic,4046.76
9865,Sophia Cohen,sophia.cohen9865@shopmail.com,Ireland,2023-11-30,Basic,155.25
9866,Chen Davis,chen.davis9866@shopmail.com,Canada,2026-06-27,Basic,4439.94
9867,Charlotte Rossi,charlotte.rossi9867@shopmail.com,United States,2023-12-22,Basic,3851.58
9868,Zara Chen,zara.chen9868@shopmail.com,Australia,2024-05-22,Basic,3108.01
9869,Isabella Khan,isabella.khan9869@shopmail.com,Singapore,2023-03-08,Basic,4759.70
9870,Eva Kowalski,eva.kowalski9870@shopmail.com,United Kingdom,2024-10-06,Basic,2582.07
9871,Arjun Cohen,arjun.cohen9871@shopmail.com,Ireland,2021-11-05,Basic,48.76
9872,James Clark,james.clark9872@shopmail.com,United States,2025-06-14,Basic,385.60
9873,Olivia Lee,olivia.lee9873@shopmail.com,United Kingdom,2023-10-22,Basic,1091.92
9874,Oscar Kim,oscar.kim9874@shopmail.com,Ireland,2023-04-24,Basic,424.26
9875,Wei Anderson,wei.anderson9875@shopmail.com,Canada,2025-04-05,Basic,551.99
9876,Hugo Silva,hugo.silva9876@shopmail.com,New Zealand,2023-10-12,Basic,1045.84
9877,Wei Nguyen,wei.nguyen9877@shopmail.com,India,2024-02-17,Basic,1704.63
9878,Arjun Brown,arjun.brown9878@shopmail.com,Australia,2021-08-17,Basic,3015.02
9879,Olivia Kowalski,olivia.kowalski9879@shopmail.com,Canada,2026-07-14,Basic,1680.44
9880,Ruby Moore,ruby.moore9880@shopmail.com,United Kingdom,2024-10-05,Basic,4374.10
9881,Aarav Wilson,aarav.wilson9881@shopmail.com,Ireland,2025-01-13,Basic,3302.05
9882,Hugo Clark,hugo.clark9882@shopmail.com,Australia,2024-08-17,Basic,3020.10
9883,Liam Johnson,liam.johnson9883@shopmail.com,India,2025-11-02,Basic,4513.98
9884,Aarav Hall,aarav.hall9884@shopmail.com,Australia,2025-11-06,Basic,558.85
9885,Leo Walker,leo.walker9885@shopmail.com,United States,2020-06-17,Basic,724.17
9886,Mason Singh,mason.singh9886@shopmail.com,Australia,2024-12-05,Basic,1418.89
9887,Oscar Brown,oscar.brown9887@shopmail.com,Ireland,2024-10-18,Basic,61.22
9888,Mia Nguyen,mia.nguyen9888@shopmail.com,Australia,2023-10-06,Basic,1550.40
9889,Mason Garcia,mason.garcia9889@shopmail.com,Australia,2022-11-08,Basic,3566.41
9890,Chloe Singh,chloe.singh9890@shopmail.com,Australia,2022-02-03,Basic,2620.75
9891,Nina Patel,nina.patel9891@shopmail.com,New Zealand,2020-10-10,Basic,2360.57
9892,Zara Williams,zara.williams9892@shopmail.com,Australia,2024-05-09,Basic,1187.16
9893,Chloe Williams,chloe.williams9893@shopmail.com,United Kingdom,2026-02-28,Basic,1287.18
9894,Lucas Dubois,lucas.dubois9894@shopmail.com,Australia,2024-12-30,Basic,902.06
9895,Amelia Martin,amelia.martin9895@shopmail.com,Ireland,2024-07-21,Basic,2968.50
9896,Oliver Johnson,oliver.johnson9896@shopmail.com,Ireland,2026-02-02,Basic,785.44
9897,Hugo Kowalski,hugo.kowalski9897@shopmail.com,Singapore,2023-12-20,Basic,2083.52
9898,Oliver Wilson,oliver.wilson9898@shopmail.com,Ireland,2020-09-06,Basic,3750.92
9899,Charlotte Young,charlotte.young9899@shopmail.com,United Kingdom,2023-02-11,Basic,3460.09
9900,Ruby Kim,ruby.kim9900@shopmail.com,New Zealand,2025-03-13,Basic,2664.02
9901,Sofia Kim,sofia.kim9901@shopmail.com,Australia,2023-09-17,Basic,4315.01
9902,Arjun Clark,arjun.clark9902@shopmail.com,United Kingdom,2020-08-25,Basic,3574.46
9903,Noah Walker,noah.walker9903@shopmail.com,Australia,2026-06-07,Basic,2785.68
9904,Isabella Patel,isabella.patel9904@shopmail.com,United States,2020-03-04,Basic,4227.02
9905,Hugo Thomas,hugo.thomas9905@shopmail.com,United States,2024-11-04,Basic,575.07
9906,Isabella Nakamura,isabella.nakamura9906@shopmail.com,United Kingdom,2023-10-03,Basic,3670.61
9907,Oliver Clark,oliver.clark9907@shopmail.com,Australia,2025-12-05,Basic,3245.68
9908,Isabella Hall,isabella.hall9908@shopmail.com,Singapore,2023-09-28,Basic,676.59
9909,Harper Taylor,harper.taylor9909@shopmail.com,Singapore,2026-01-27,Basic,3653.92
9910,Chen Costa,chen.costa9910@shopmail.com,Australia,2026-01-07,Basic,3660.26
9911,Sophia Costa,sophia.costa9911@shopmail.com,Ireland,2025-12-07,Basic,169.55
9912,Sofia Taylor,sofia.taylor9912@shopmail.com,United States,2022-04-20,Basic,3884.74
9913,Liam Allen,liam.allen9913@shopmail.com,Australia,2020-03-02,Basic,4659.64
9914,Oscar Lee,oscar.lee9914@shopmail.com,Australia,2026-01-26,Basic,1079.91
9915,Emma Lee,emma.lee9915@shopmail.com,United States,2025-11-29,Basic,1389.64
9916,Oliver Kowalski,oliver.kowalski9916@shopmail.com,Singapore,2025-04-28,Basic,2226.81
9917,Jack Anderson,jack.anderson9917@shopmail.com,Canada,2020-09-23,Basic,2792.04
9918,Sophia Johnson,sophia.johnson9918@shopmail.com,United Kingdom,2020-02-22,Basic,4054.07
9919,Oliver Rossi,oliver.rossi9919@shopmail.com,Australia,2023-12-20,Basic,4695.69
9920,Wei Walker,wei.walker9920@shopmail.com,United Kingdom,2023-02-10,Basic,117.59
9921,Leo Davis,leo.davis9921@shopmail.com,New Zealand,2022-10-09,Basic,2447.21
9922,Leo Murphy,leo.murphy9922@shopmail.com,Australia,2026-03-12,Basic,3088.88
9923,Harper Davis,harper.davis9923@shopmail.com,Ireland,2023-07-24,Basic,3576.53
9924,Mateo Singh,mateo.singh9924@shopmail.com,United States,2024-10-05,Basic,2919.76
9925,Eva Rossi,eva.rossi9925@shopmail.com,India,2021-10-31,Basic,2703.34
9926,Mia Singh,mia.singh9926@shopmail.com,Australia,2021-11-03,Basic,3436.78
9927,Amelia Thomas,amelia.thomas9927@shopmail.com,New Zealand,2022-07-24,Basic,2347.33
9928,Liam Moore,liam.moore9928@shopmail.com,Singapore,2020-11-18,Basic,2740.68
9929,Liam Hall,liam.hall9929@shopmail.com,United Kingdom,2024-07-18,Basic,3670.99
9930,Oliver Clark,oliver.clark9930@shopmail.com,Australia,2022-08-14,Basic,1479.32
9931,Olivia Silva,olivia.silva9931@shopmail.com,United Kingdom,2025-10-24,Basic,3129.01
9932,Ethan Anderson,ethan.anderson9932@shopmail.com,India,2025-09-07,Basic,2131.00
9933,Arjun Garcia,arjun.garcia9933@shopmail.com,Singapore,2024-11-02,Basic,160.29
9934,Sofia Garcia,sofia.garcia9934@shopmail.com,India,2021-02-27,Basic,2259.80
9935,James Thomas,james.thomas9935@shopmail.com,Singapore,2023-01-02,Basic,893.21
9936,Harper Kowalski,harper.kowalski9936@shopmail.com,Canada,2022-09-11,Basic,2118.90
9937,Amelia Rossi,amelia.rossi9937@shopmail.com,Australia,2025-12-27,Basic,217.24
9938,Amelia Jones,amelia.jones9938@shopmail.com,United States,2022-12-12,Basic,925.34
9939,Noah Moore,noah.moore9939@shopmail.com,United Kingdom,2025-05-26,Basic,3435.59
9940,Leo Dubois,leo.dubois9940@shopmail.com,Australia,2024-08-22,Basic,596.81
9941,Oliver Young,oliver.young9941@shopmail.com,United States,2024-04-12,Basic,4440.97
9942,Lucas Johnson,lucas.johnson9942@shopmail.com,United States,2022-04-19,Basic,1225.62
9943,Maya Murphy,maya.murphy9943@shopmail.com,Ireland,2022-07-26,Basic,3518.33
9944,Yuki Davis,yuki.davis9944@shopmail.com,New Zealand,2023-08-18,Basic,4472.35
9945,Grace Walker,grace.walker9945@shopmail.com,United States,2022-03-05,Basic,308.21
9946,Oliver Chen,oliver.chen9946@shopmail.com,United States,2025-12-26,Basic,1568.72
9947,Mia Chen,mia.chen9947@shopmail.com,United Kingdom,2022-08-05,Basic,2272.41
9948,Olivia Smith,olivia.smith9948@shopmail.com,United States,2025-11-10,Basic,4262.45
9949,Zara Lee,zara.lee9949@shopmail.com,United States,2022-03-07,Basic,217.67
9950,Yuki Dubois,yuki.dubois9950@shopmail.com,Singapore,2024-02-07,Basic,2274.83
9951,Oliver Chen,oliver.chen9951@shopmail.com,United Kingdom,2024-11-10,Basic,46.91
9952,Kai Brown,kai.brown9952@shopmail.com,Singapore,2022-12-19,Basic,4305.91
9953,Isla Williams,isla.williams9953@shopmail.com,Ireland,2021-06-15,Basic,1350.25
9954,Jack Taylor,jack.taylor9954@shopmail.com,United States,2025-11-28,Basic,3752.39
9955,Leo Jones,leo.jones9955@shopmail.com,United States,2022-04-20,Basic,1259.05
9956,Charlotte Williams,charlotte.williams9956@shopmail.com,Ireland,2026-02-10,Basic,2196.06
9957,Leo Moore,leo.moore9957@shopmail.com,Australia,2022-12-08,Basic,2707.08
9958,Ava Nakamura,ava.nakamura9958@shopmail.com,Australia,2022-02-17,Basic,2166.83
9959,Elijah Anderson,elijah.anderson9959@shopmail.com,India,2022-04-05,Basic,2496.47
9960,James Walker,james.walker9960@shopmail.com,United Kingdom,2020-01-28,Basic,3119.68
9961,James Nakamura,james.nakamura9961@shopmail.com,Ireland,2022-07-30,Basic,1330.48
9962,Sophia Garcia,sophia.garcia9962@shopmail.com,United Kingdom,2023-03-18,Basic,2352.40
9963,Aarav Taylor,aarav.taylor9963@shopmail.com,Canada,2025-05-08,Basic,948.42
9964,Grace Dubois,grace.dubois9964@shopmail.com,Ireland,2021-01-27,Basic,976.63
9965,Ethan Murphy,ethan.murphy9965@shopmail.com,Singapore,2021-06-22,Basic,4262.65
9966,Lucas Cohen,lucas.cohen9966@shopmail.com,Ireland,2026-04-06,Basic,495.67
9967,Noah Nguyen,noah.nguyen9967@shopmail.com,United Kingdom,2022-04-30,Basic,3163.98
9968,Mia Nguyen,mia.nguyen9968@shopmail.com,Canada,2025-08-25,Basic,2567.66
9969,Liam Taylor,liam.taylor9969@shopmail.com,Australia,2022-03-30,Basic,1908.12
9970,Noah Singh,noah.singh9970@shopmail.com,Australia,2022-09-03,Basic,1172.88
9971,Yuki Jones,yuki.jones9971@shopmail.com,Canada,2025-04-23,Basic,3644.29
9972,Henry Chen,henry.chen9972@shopmail.com,Australia,2021-09-24,Basic,2452.32
9973,Yuki Smith,yuki.smith9973@shopmail.com,United States,2021-10-16,Basic,1985.46
9974,Aarav Nakamura,aarav.nakamura9974@shopmail.com,United States,2020-10-17,Basic,18.24
9975,Olivia Harris,olivia.harris9975@shopmail.com,India,2020-12-26,Basic,2003.75
9976,Maya Jones,maya.jones9976@shopmail.com,Australia,2025-12-15,Basic,2451.50
9977,Harper Silva,harper.silva9977@shopmail.com,India,2022-06-25,Basic,2888.34
9978,Maya Allen,maya.allen9978@shopmail.com,Singapore,2026-05-12,Basic,1071.80
9979,Emma Dubois,emma.dubois9979@shopmail.com,Australia,2022-01-22,Basic,3778.31
9980,Kai Miller,kai.miller9980@shopmail.com,New Zealand,2024-10-09,Basic,2746.43
9981,Harper Hall,harper.hall9981@shopmail.com,Australia,2024-09-23,Basic,2832.29
9982,Isabella Harris,isabella.harris9982@shopmail.com,Ireland,2021-12-15,Basic,205.14
9983,Lucas Walker,lucas.walker9983@shopmail.com,United States,2024-08-24,Basic,475.84
9984,Ava Allen,ava.allen9984@shopmail.com,United Kingdom,2021-10-14,Basic,1109.75
9985,Emma Kim,emma.kim9985@shopmail.com,United States,2026-03-13,Basic,140.92
9986,Nina Lewis,nina.lewis9986@shopmail.com,United Kingdom,2025-07-05,Basic,179.55
9987,Ava Lewis,ava.lewis9987@shopmail.com,Canada,2020-11-13,Basic,4074.06
9988,Arjun Smith,arjun.smith9988@shopmail.com,New Zealand,2023-04-22,Basic,2100.11
9989,Lucas Williams,lucas.williams9989@shopmail.com,United States,2022-04-05,Basic,3634.95
9990,Elijah Young,elijah.young9990@shopmail.com,United States,2025-01-02,Basic,1476.34
9991,Chen Chen,chen.chen9991@shopmail.com,Australia,2022-05-26,Basic,3918.14
9992,Maya Dubois,maya.dubois9992@shopmail.com,United Kingdom,2020-10-14,Basic,2302.31
9993,Ethan Wilson,ethan.wilson9993@shopmail.com,Ireland,2025-01-25,Basic,2204.12
9994,Grace Johnson,grace.johnson9994@shopmail.com,Canada,2024-08-30,Basic,4676.29
9995,Mason Allen,mason.allen9995@shopmail.com,Singapore,2020-09-28,Basic,3388.31
9996,Grace Dubois,grace.dubois9996@shopmail.com,India,2026-07-12,Basic,236.34
9997,Mateo Murphy,mateo.murphy9997@shopmail.com,New Zealand,2020-10-31,Basic,3350.58
9998,Hugo Dubois,hugo.dubois9998@shopmail.com,New Zealand,2022-06-17,Basic,4598.60
9999,Grace Chen,grace.chen9999@shopmail.com,Canada,2022-09-25,Basic,3242.19
10000,Ruby Nguyen,ruby.nguyen10000@shopmail.com,United Kingdom,2020-12-16,Basic,4349.73
991,Jack Chen,jack.chen991@shopmail.com,India,2022-03-31,Premium,2485.16
992,Noah Garcia,noah.garcia992@shopmail.com,United States,2023-03-11,Premium,3485.47
993,Arjun Patel,arjun.patel993@shopmail.com,United Kingdom,2023-02-06,Premium,1086.22
994,Mason Rossi,mason.rossi994@shopmail.com,United Kingdom,2026-06-12,Premium,22.33
995,Mia Singh,mia.singh995@shopmail.com,United States,2021-03-12,Premium,2681.43
996,Isla Young,isla.young996@shopmail.com,United Kingdom,2021-04-24,Premium,3854.12
997,Aarav Andersen,aarav.andersen997@shopmail.com,Ireland,2026-06-12,Premium,1200.68
998,Chloe Kim,chloe.kim998@shopmail.com,India,2025-06-03,Premium,3695.84
999,Chen Rossi,chen.rossi999@shopmail.com,Singapore,2025-03-02,Premium,4303.31
1000,Olivia Murphy,olivia.murphy1000@shopmail.com,Australia,2022-11-22,Premium,324.26
